"E:/Workspace_ISECONVI/ISECONVI/ISECONVI.uproject" 1
"../../../../../Workspace_ISECONVI/ISECONVI/Binaries/Win64/UnrealEditor.modules" 2
"../../../Engine/Plugins/AudioGameplayVolume/AudioGameplayVolume.uplugin" 3
"../../../Engine/Plugins/FastBuildController/FastBuildController.uplugin" 4
"../../../Engine/Plugins/LightWeightInstancesEditor/LightWeightInstancesEditor.uplugin" 5
"../../../Engine/Plugins/Bridge/Bridge.uplugin" 6
"../../../Engine/Plugins/EnhancedInput/EnhancedInput.uplugin" 7
"../../../Engine/Plugins/MeshPainting/MeshPainting.uplugin" 8
"../../../Engine/Plugins/AudioGameplay/AudioGameplay.uplugin" 9
"../../../Engine/Plugins/BlueprintFileUtils/BlueprintFileUtils.uplugin" 10
"../../../Engine/Plugins/Media/AndroidMedia/AndroidMedia.uplugin" 11
"../../../Engine/Plugins/JsonBlueprintUtilities/JsonBlueprintUtilities.uplugin" 12
"../../../Engine/Plugins/XGEController/XGEController.uplugin" 13
"../../../Engine/Plugins/ScriptPlugin/ScriptPlugin.uplugin" 14
"../../../Engine/Plugins/Media/AvidDNxMedia/AvidDNxMedia.uplugin" 15
"../../../Engine/Plugins/Media/AppleProResMedia/AppleProResMedia.uplugin" 16
"../../../Engine/Plugins/Media/AudioCaptureTimecodeProvider/AudioCaptureTimecodeProvider.uplugin" 17
"../../../Engine/Plugins/Media/AjaMedia/AjaMedia.uplugin" 18
"../../../Engine/Plugins/Media/AvfMedia/AvfMedia.uplugin" 19
"../../../Engine/Plugins/Media/ElectraPlayer/ElectraPlayer.uplugin" 20
"../../../Engine/Plugins/Media/ElectraSubtitles/ElectraSubtitles.uplugin" 21
"../../../Engine/Plugins/Media/HAPMedia/HAPMedia.uplugin" 22
"../../../Engine/Plugins/Media/ElectraUtil/ElectraUtil.uplugin" 23
"../../../Engine/Plugins/TraceUtilities/TraceUtilities.uplugin" 24
"../../../Engine/Plugins/RenderGraphInsights/RenderGraphInsights.uplugin" 25
"../../../Engine/Plugins/Media/MediaIOFramework/MediaIOFramework.uplugin" 26
"../../../Engine/Plugins/Media/BinkMedia/BinkMedia.uplugin" 27
"../../../Engine/Plugins/Media/LinearTimecode/LinearTimecode.uplugin" 28
"../../../Engine/Plugins/Media/HLMedia/HLMedia.uplugin" 29
"../../../Engine/Plugins/Media/ImgMedia/ImgMedia.uplugin" 30
"../../../Engine/Plugins/Media/AndroidCamera/AndroidCamera.uplugin" 31
"../../../Engine/Plugins/Media/ElectraCDM/ElectraCDM.uplugin" 32
"../../../Engine/Plugins/Media/MediaCompositing/MediaCompositing.uplugin" 33
"../../../Engine/Plugins/Media/MediaPlayerEditor/MediaPlayerEditor.uplugin" 34
"../../../Engine/Plugins/Media/MediaPlate/MediaPlate.uplugin" 35
"../../../Engine/Plugins/Media/BlackmagicMedia/BlackmagicMedia.uplugin" 36
"../../../Engine/Plugins/Media/MediaFrameworkUtilities/MediaFrameworkUtilities.uplugin" 37
"../../../Engine/Plugins/Media/HardwareEncoders/HardwareEncoders.uplugin" 38
"../../../Engine/Plugins/Media/WebMMedia/WebMMedia.uplugin" 39
"../../../Engine/Plugins/Media/MediaMovieStreamer/MediaMovieStreamer.uplugin" 40
"../../../Engine/Plugins/Media/PixelStreaming/PixelStreaming.uplugin" 41
"../../../Engine/Plugins/Media/TimecodeSynchronizer/TimecodeSynchronizer.uplugin" 42
"../../../Engine/Plugins/Developer/AnimationSharing/AnimationSharing.uplugin" 43
"../../../Engine/Plugins/Media/PixelStreamingPlayer/PixelStreamingPlayer.uplugin" 44
"../../../Engine/Plugins/Media/PixelCapture/PixelCapture.uplugin" 45
"../../../Engine/Plugins/Media/WmfMedia/WmfMedia.uplugin" 46
"../../../Engine/Plugins/Developer/CLionSourceCodeAccess/CLionSourceCodeAccess.uplugin" 47
"../../../Engine/Plugins/Developer/GitSourceControl/GitSourceControl.uplugin" 48
"../../../Engine/Plugins/Developer/OneSkyLocalizationService/OneSkyLocalizationService.uplugin" 49
"../../../Engine/Plugins/Developer/BlankPlugin/BlankPlugin.uplugin" 50
"../../../Engine/Plugins/Media/MfMedia/MfMedia.uplugin" 51
"../../../Engine/Plugins/Developer/PixWinPlugin/PixWinPlugin.uplugin" 52
"../../../Engine/Plugins/Developer/DumpGPUServices/DumpGPUServices.uplugin" 53
"../../../Engine/Plugins/Developer/PlasticSourceControl/PlasticSourceControl.uplugin" 54
"../../../Engine/Plugins/Developer/RenderDocPlugin/RenderDocPlugin.uplugin" 55
"../../../Engine/Plugins/Developer/SubversionSourceControl/SubversionSourceControl.uplugin" 56
"../../../Engine/Plugins/Developer/NullSourceCodeAccess/NullSourceCodeAccess.uplugin" 57
"../../../Engine/Plugins/Developer/PropertyAccessNode/PropertyAccessNode.uplugin" 58
"../../../Engine/Plugins/Developer/PluginUtils/PluginUtils.uplugin" 59
"../../../Engine/Plugins/Developer/CodeLiteSourceCodeAccess/CodeLiteSourceCodeAccess.uplugin" 60
"../../../Engine/Plugins/Developer/PerforceSourceControl/PerforceSourceControl.uplugin" 61
"../../../Engine/Plugins/Developer/TextureFormatOodle/TextureFormatOodle.uplugin" 62
"../../../Engine/Plugins/Developer/VisualStudioSourceCodeAccess/VisualStudioSourceCodeAccess.uplugin" 63
"../../../Engine/Plugins/Developer/XcodeGPUDebuggerPlugin/XcodeGPUDebuggerPlugin.uplugin" 64
"../../../Engine/Plugins/Animation/BlendSpaceMotionAnalysis/BlendSpaceMotionAnalysis.uplugin" 65
"../../../Engine/Plugins/Developer/TraceDataFiltering/TraceDataFilters.uplugin" 66
"../../../Engine/Plugins/Developer/XCodeSourceCodeAccess/XCodeSourceCodeAccess.uplugin" 67
"../../../Engine/Plugins/Animation/AnimationWarping/AnimationWarping.uplugin" 68
"../../../Engine/Plugins/Developer/RiderSourceCodeAccess/RiderSourceCodeAccess.uplugin" 69
"../../../Engine/Plugins/Developer/VisualStudioCodeSourceCodeAccess/VisualStudioCodeSourceCodeAccess.uplugin" 70
"../../../Engine/Plugins/Developer/TraceSourceFiltering/TraceSourceFilters.uplugin" 71
"../../../Engine/Plugins/Developer/UObjectPlugin/UObjectPlugin.uplugin" 72
"../../../Engine/Plugins/Animation/AnimationModifierLibrary/AnimationModifierLibrary.uplugin" 73
"../../../Engine/Plugins/Developer/KDevelopSourceCodeAccess/KDevelopSourceCodeAccess.uplugin" 74
"../../../Engine/Plugins/Animation/IKRig/IKRig.uplugin" 75
"../../../Engine/Plugins/Animation/AnimToTexture/AnimToTexture.uplugin" 76
"../../../Engine/Plugins/Animation/GameplayInsights/GameplayInsights.uplugin" 77
"../../../Engine/Plugins/Animation/DeformerGraph/DeformerGraph.uplugin" 78
"../../../Engine/Plugins/Animation/AnimationLocomotionLibrary/AnimationLocomotionLibrary.uplugin" 79
"../../../Engine/Plugins/Animation/LiveLink/LiveLink.uplugin" 80
"../../../Engine/Plugins/Editor/AssetRegistryExport/AssetRegistryExport.uplugin" 81
"../../../Engine/Plugins/Editor/AssetManagerEditor/AssetManagerEditor.uplugin" 82
"../../../Engine/Plugins/Animation/ControlRigSpline/ControlRigSpline.uplugin" 83
"../../../Engine/Plugins/Editor/BlueprintHeaderView/BlueprintHeaderView.uplugin" 84
"../../../Engine/Plugins/Editor/BlueprintMaterialTextureNodes/BlueprintMaterialTextureNodes.uplugin" 85
"../../../Engine/Plugins/Animation/LiveLinkCurveDebugUI/LiveLinkCurveDebugUI.uplugin" 86
"../../../Engine/Plugins/Editor/AssetSearch/AssetSearch.uplugin" 87
"../../../Engine/Plugins/Editor/AssetReferenceRestrictions/AssetReferenceRestrictions.uplugin" 88
"../../../Engine/Plugins/Editor/CurveEditorTools/CurveEditorTools.uplugin" 89
"../../../Engine/Plugins/Editor/EditorScriptingUtilities/EditorScriptingUtilities.uplugin" 90
"../../../Engine/Plugins/Animation/MotionWarping/MotionWarping.uplugin" 91
"../../../Engine/Plugins/Editor/DisplayClusterLaunch/DisplayClusterLaunch.uplugin" 92
"../../../Engine/Plugins/Editor/EditorDebugTools/EditorDebugTools.uplugin" 93
"../../../Engine/Plugins/Editor/ConsoleVariablesEditor/ConsoleVariables.uplugin" 94
"../../../Engine/Plugins/Animation/RigLogic/RigLogic.uplugin" 95
"../../../Engine/Plugins/Editor/GLTFImporter/GLTFImporter.uplugin" 96
"../../../Engine/Plugins/Editor/DataValidation/DataValidation.uplugin" 97
"../../../Engine/Plugins/Editor/GeometryMode/GeometryMode.uplugin" 98
"../../../Engine/Plugins/Animation/ControlRig/ControlRig.uplugin" 99
"../../../Engine/Plugins/Editor/FacialAnimation/FacialAnimation.uplugin" 100
"../../../Engine/Plugins/Editor/GameplayTagsEditor/GameplayTagsEditor.uplugin" 101
"../../../Engine/Plugins/Editor/CryptoKeys/CryptoKeys.uplugin" 102
"../../../Engine/Plugins/Editor/MobileLauncherProfileWizard/MobileLauncherProfileWizard.uplugin" 103
"../../../Engine/Plugins/Editor/MaterialAnalyzer/MaterialAnalyzer.uplugin" 104
"../../../Engine/Plugins/Editor/PluginBrowser/PluginBrowser.uplugin" 105
"../../../Engine/Plugins/Editor/MakeCookedEditorAsDLC/MakeCookedEditorAsDLC.uplugin" 106
"../../../Engine/Plugins/Editor/GuidedTutorials/GuidedTutorials.uplugin" 107
"../../../Engine/Plugins/Editor/SequencerAnimTools/SequencerAnimTools.uplugin" 108
"../../../Engine/Plugins/Editor/StylusInput/StylusInput.uplugin" 109
"../../../Engine/Plugins/Editor/WaveformEditor/WaveformEditor.uplugin" 110
"../../../Engine/Plugins/Experimental/ActorPalette/ActorPalette.uplugin" 111
"../../../Engine/Plugins/Editor/SpeedTreeImporter/SpeedTreeImporter.uplugin" 112
"../../../Engine/Plugins/Protocols/MQTT/MQTT.uplugin" 113
"../../../Engine/Plugins/Messaging/TcpMessaging/TcpMessaging.uplugin" 114
"../../../Engine/Plugins/Messaging/UdpMessaging/UdpMessaging.uplugin" 115
"../../../Engine/Plugins/Experimental/AppleVision/AppleVision.uplugin" 116
"../../../Engine/Plugins/Experimental/BlueprintSnapNodes/BlueprintSnapNodes.uplugin" 117
"../../../Engine/Plugins/Experimental/AssetPlacementEdMode/AssetPlacementEdMode.uplugin" 118
"../../../Engine/Plugins/Experimental/AbilitySystemGameFeatureActions/AbilitySystemGameFeatureActions.uplugin" 119
"../../../Engine/Plugins/Editor/WorldPartitionHLODUtilities/WorldPartitionHLODUtilities.uplugin" 120
"../../../Engine/Plugins/Experimental/AutomationUtils/AutomationUtils.uplugin" 121
"../../../Engine/Plugins/Experimental/BackChannel/BackChannel.uplugin" 122
"../../../Engine/Plugins/Experimental/BlueprintStats/BlueprintStats.uplugin" 123
"../../../Engine/Plugins/Messaging/MessagingDebugger/MessagingDebugger.uplugin" 124
"../../../Engine/Plugins/Experimental/ChaosNiagara/ChaosNiagara.uplugin" 125
"../../../Engine/Plugins/Experimental/ChaosClothEditor/ChaosClothEditor.uplugin" 126
"../../../Engine/Plugins/Experimental/ChaosEditor/ChaosEditor.uplugin" 127
"../../../Engine/Plugins/Experimental/CharacterAI/CharacterAI.uplugin" 128
"../../../Engine/Plugins/Experimental/ChaosSolverPlugin/ChaosSolverPlugin.uplugin" 129
"../../../Engine/Plugins/Experimental/ChaosCloth/ChaosCloth.uplugin" 130
"../../../Engine/Plugins/Experimental/Chooser/Chooser.uplugin" 131
"../../../Engine/Plugins/Experimental/ChaosCaching/ChaosCaching.uplugin" 132
"../../../Engine/Plugins/Experimental/CommonConversation/CommonConversation.uplugin" 133
"../../../Engine/Plugins/Experimental/ChaosUserDataPT/ChaosUserDataPT.uplugin" 134
"../../../Engine/Plugins/Experimental/CinematicPrestreaming/CinematicPrestreaming.uplugin" 135
"../../../Engine/Plugins/Editor/MacGraphicsSwitching/MacGraphicsSwitching.uplugin" 136
"../../../Engine/Plugins/Experimental/ColorCorrectRegions/ColorCorrectRegions.uplugin" 137
"../../../Engine/Plugins/Experimental/CodeEditor/CodeEditor.uplugin" 138
"../../../Engine/Plugins/Experimental/DataInterfaceGraph/DataInterfaceGraph.uplugin" 139
"../../../Engine/Plugins/Experimental/DataInterface/DataInterface.uplugin" 140
"../../../Engine/Plugins/Experimental/CommonUI/CommonUI.uplugin" 141
"../../../Engine/Plugins/Experimental/CodeView/CodeView.uplugin" 142
"../../../Engine/Plugins/Experimental/ControlFlows/ControlFlows.uplugin" 143
"../../../Engine/Plugins/Experimental/ChaosVehiclesPlugin/ChaosVehiclesPlugin.uplugin" 144
"../../../Engine/Plugins/Experimental/FullBodyIK/FullBodyIK.uplugin" 145
"../../../Engine/Plugins/Experimental/FieldSystemPlugin/FieldSystemPlugin.uplugin" 146
"../../../Engine/Plugins/Experimental/GameplayBehaviors/GameplayBehaviors.uplugin" 147
"../../../Engine/Plugins/Experimental/GameFeatures/GameFeatures.uplugin" 148
"../../../Engine/Plugins/Experimental/Dataflow/Dataflow.uplugin" 149
"../../../Engine/Plugins/Editor/ModelingToolsEditorMode/ModelingToolsEditorMode.uplugin" 150
"../../../Engine/Plugins/Experimental/GeometryCacheAbcFile/GeometryCacheAbcFile.uplugin" 151
"../../../Engine/Plugins/Experimental/GeometryCollectionPlugin/GeometryCollectionPlugin.uplugin" 152
"../../../Engine/Plugins/Experimental/Gauntlet/Gauntlet.uplugin" 153
"../../../Engine/Plugins/Experimental/GeometryFlow/GeometryFlow.uplugin" 154
"../../../Engine/Plugins/Experimental/GeometryScripting/GeometryScripting.uplugin" 155
"../../../Engine/Plugins/Experimental/GizmoFramework/GizmoFramework.uplugin" 156
"../../../Engine/Plugins/Experimental/GPULightmass/GPULightmass.uplugin" 157
"../../../Engine/Plugins/Experimental/GizmoEdMode/GizmoEdMode.uplugin" 158
"../../../Engine/Plugins/Experimental/ImpostorBaker/ImpostorBaker.uplugin" 159
"../../../Engine/Plugins/Experimental/HairModelingToolset/HairModelingToolset.uplugin" 160
"../../../Engine/Plugins/Experimental/JWT/JWT.uplugin" 161
"../../../Engine/Plugins/Experimental/LiveLinkFaceImporter/LiveLinkFaceImporter.uplugin" 162
"../../../Engine/Plugins/Experimental/ExampleAssetEditor/ExampleAssetEditor.uplugin" 163
"../../../Engine/Plugins/Experimental/Landmass/Landmass.uplugin" 164
"../../../Engine/Plugins/Experimental/LiveLinkControlRig/LiveLinkControlRig.uplugin" 165
"../../../Engine/Plugins/Experimental/LandscapePatch/LandscapePatch.uplugin" 166
"../../../Engine/Plugins/Experimental/Mutable/Mutable.uplugin" 167
"../../../Engine/Plugins/Experimental/MeshModelingToolsetExp/MeshModelingToolsetExp.uplugin" 168
"../../../Engine/Plugins/Experimental/MotorSimOutputMotoSynth/MotorSimOutputMotoSynth.uplugin" 169
"../../../Engine/Plugins/Experimental/DefaultInstallBundleManager/DefaultInstallBundleManager.uplugin" 170
"../../../Engine/Plugins/Experimental/OptiXDenoise/OptiXDenoise.uplugin" 171
"../../../Engine/Plugins/Experimental/NaniteDisplacedMesh/NaniteDisplacedMesh.uplugin" 172
"../../../Engine/Plugins/Experimental/OpenImageDenoise/OpenImageDenoise.uplugin" 173
"../../../Engine/Plugins/Experimental/MeshLODToolset/MeshLODToolset.uplugin" 174
"../../../Engine/Plugins/Experimental/NNI/NeuralNetworkInference.uplugin" 175
"../../../Engine/Plugins/Experimental/Iris/Iris.uplugin" 176
"../../../Engine/Plugins/Experimental/ModularGameplay/ModularGameplay.uplugin" 177
"../../../Engine/Plugins/Experimental/MotoSynth/MotoSynth.uplugin" 178
"../../../Engine/Plugins/Experimental/ImagePlate/ImagePlate.uplugin" 179
"../../../Engine/Plugins/Experimental/PanoramicCapture/PanoramicCapture.uplugin" 180
"../../../Engine/Plugins/Experimental/PCG/PCG.uplugin" 181
"../../../Engine/Plugins/Experimental/PlatformCrypto/PlatformCrypto.uplugin" 182
"../../../Engine/Plugins/Experimental/RawInput/RawInput.uplugin" 183
"../../../Engine/Plugins/Experimental/PythonScriptPlugin/PythonScriptPlugin.uplugin" 184
"../../../Engine/Plugins/Experimental/PythonFoundationPackages/PythonFoundationPackages.uplugin" 185
"../../../Engine/Plugins/Experimental/PhysicsControl/PhysicsControl.uplugin" 186
"../../../Engine/Plugins/Experimental/ProxyLODPlugin/ProxyLODPlugin.uplugin" 187
"../../../Engine/Plugins/Experimental/ScreenReader/ScreenReader.uplugin" 188
"../../../Engine/Plugins/Experimental/SkeletalReduction/SkeletalReduction.uplugin" 189
"../../../Engine/Plugins/Experimental/RenderGrid/RenderGrid.uplugin" 190
"../../../Engine/Plugins/Experimental/RemoteSession/RemoteSession.uplugin" 191
"../../../Engine/Plugins/Experimental/SlateScreenReader/SlateScreenReader.uplugin" 192
"../../../Engine/Plugins/Experimental/Shotgrid/Shotgrid.uplugin" 193
"../../../Engine/Plugins/Experimental/StaticMeshEditorModeling/StaticMeshEditorModeling.uplugin" 194
"../../../Engine/Plugins/Experimental/Text3D/Text3D.uplugin" 195
"../../../Engine/Plugins/Experimental/PlanarCutPlugin/PlanarCut.uplugin" 196
"../../../Engine/Plugins/Experimental/SampleToolsEditorMode/SampleToolsEditorMode.uplugin" 197
"../../../Engine/Plugins/Experimental/StructUtils/StructUtils.uplugin" 198
"../../../Engine/Plugins/Experimental/TextToSpeech/TextToSpeech.uplugin" 199
"../../../Engine/Plugins/Experimental/VirtualScouting/VirtualScouting.uplugin" 200
"../../../Engine/Plugins/Experimental/VirtualCamera/VirtualCamera.uplugin" 201
"../../../Engine/Plugins/Experimental/VirtualProductionUtilities/VirtualProductionUtilities.uplugin" 202
"../../../Engine/Plugins/Experimental/WaveFunctionCollapse/WaveFunctionCollapse.uplugin" 203
"../../../Engine/Plugins/Experimental/Water/Water.uplugin" 204
"../../../Engine/Plugins/Experimental/UIFramework/UIFramework.uplugin" 205
"../../../Engine/Plugins/Experimental/SimpleHMD/SimpleHMD.uplugin" 206
"../../../Engine/Plugins/Experimental/UVEditor/UVEditor.uplugin" 207
"../../../Engine/Plugins/Slate/SlateInsights/SlateInsights.uplugin" 208
"../../../Engine/Plugins/Experimental/Volumetrics/Volumetrics.uplugin" 209
"../../../Engine/Plugins/Compression/OodleNetwork/OodleNetwork.uplugin" 210
"../../../Engine/Plugins/Slate/SlateScripting/SlateScripting.uplugin" 211
"../../../Engine/Plugins/AI/HTNPlanner/HTNPlanner.uplugin" 212
"../../../Engine/Plugins/AI/EnvironmentQueryEditor/EnvironmentQueryEditor.uplugin" 213
"../../../Engine/Plugins/AI/AISupport/AISupport.uplugin" 214
"../../../Engine/Plugins/AI/MassAI/MassAI.uplugin" 215
"../../../Engine/Plugins/Experimental/WebSocketNetworking/WebSocketNetworking.uplugin" 216
"../../../Engine/Plugins/Experimental/WidgetEditorToolPalette/WidgetEditorToolPalette.uplugin" 217
"../../../Engine/Plugins/Experimental/WaterExtras/WaterExtras.uplugin" 218
"../../../Engine/Plugins/Experimental/VirtualHeightfieldMesh/VirtualHeightfieldMesh.uplugin" 219
"../../../Engine/Plugins/AI/MassCrowd/MassCrowd.uplugin" 220
"../../../Engine/Plugins/Importers/AlembicHairImporter/AlembicHairImporter.uplugin" 221
"../../../Engine/Plugins/Portal/LauncherChunkInstaller/LauncherChunkInstaller.uplugin" 222
"../../../Engine/Plugins/Online/OnlineServices/OnlineServices.uplugin" 223
"../../../Engine/Plugins/AI/MLAdapter/MLAdapter.uplugin" 224
"../../../Engine/Plugins/Online/OnlineFramework/OnlineFramework.uplugin" 225
"../../../Engine/Plugins/Importers/USDImporter/USDImporter.uplugin" 226
"../../../Engine/Plugins/Online/EOSShared/EOSShared.uplugin" 227
"../../../Engine/Plugins/Online/OnlineServicesEOS/OnlineServicesEOS.uplugin" 228
"../../../Engine/Plugins/Online/OnlineBase/OnlineBase.uplugin" 229
"../../../Engine/Plugins/Importers/USDMultiUser/USDMultiUser.uplugin" 230
"../../../Engine/Plugins/Online/OnlineServicesEOSGS/OnlineServicesEOSGS.uplugin" 231
"../../../Engine/Plugins/Online/OnlineServicesOSSAdapter/OnlineServicesOSSAdapter.uplugin" 232
"../../../Engine/Plugins/Online/OnlineSubsystemAmazon/OnlineSubsystemAmazon.uplugin" 233
"../../../Engine/Plugins/Importers/AlembicImporter/AlembicImporter.uplugin" 234
"../../../Engine/Plugins/Online/OnlineSubsystemApple/OnlineSubsystemApple.uplugin" 235
"../../../Engine/Plugins/Online/OnlineSubsystemEOS/OnlineSubsystemEOS.uplugin" 236
"../../../Engine/Plugins/Online/OnlineSubsystemNull/OnlineSubsystemNull.uplugin" 237
"../../../Engine/Plugins/Online/OnlineSubsystemFacebook/OnlineSubsystemFacebook.uplugin" 238
"../../../Engine/Plugins/Online/OnlineServicesNull/OnlineServicesNull.uplugin" 239
"../../../Engine/Plugins/Online/OnlineSubsystemOculus/OnlineSubsystemOculus.uplugin" 240
"../../../Engine/Plugins/Online/OnlineSubsystemSteam/OnlineSubsystemSteam.uplugin" 241
"../../../Engine/Plugins/Online/OnlineSubsystem/OnlineSubsystem.uplugin" 242
"../../../Engine/Plugins/Online/OnlineSubsystemGoogle/OnlineSubsystemGoogle.uplugin" 243
"../../../Engine/Plugins/Online/WebAuth/WebAuth.uplugin" 244
"../../../Engine/Plugins/Online/OnlineSubsystemTencent/OnlineSubsystemTencent.uplugin" 245
"../../../Engine/Plugins/Online/OnlineSubsystemUtils/OnlineSubsystemUtils.uplugin" 246
"../../../Engine/Plugins/Tests/FunctionalTestingEditor/FunctionalTestingEditor.uplugin" 247
"../../../Engine/Plugins/Tests/AutomationDriverTests/AutomationDriverTests.uplugin" 248
"../../../Engine/Plugins/Tests/RHITests/RHITests.uplugin" 249
"../../../Engine/Plugins/Tests/EditorTests/EditorTests.uplugin" 250
"../../../Engine/Plugins/Cameras/GameplayCameras/GameplayCameras.uplugin" 251
"../../../Engine/Plugins/Tests/FbxAutomationTestBuilder/FbxAutomationTestBuilder.uplugin" 252
"../../../Engine/Plugins/Tests/RuntimeTests/RuntimeTests.uplugin" 253
"../../../Engine/Plugins/Cameras/CameraShakePreviewer/CameraShakePreviewer.uplugin" 254
"../../../Engine/Plugins/Tests/TestSamples/TestSamples.uplugin" 255
"../../../Engine/Plugins/NetcodeUnitTest/NetcodeUnitTest/NetcodeUnitTest.uplugin" 256
"../../../Engine/Plugins/Enterprise/AxFImporter/AxFImporter.uplugin" 257
"../../../Engine/Plugins/Enterprise/DatasmithC4DImporter/DatasmithC4DImporter.uplugin" 258
"../../../Engine/Plugins/NetcodeUnitTest/NUTUnrealEngine/NUTUnrealEngine.uplugin" 259
"../../../Engine/Plugins/Enterprise/DatasmithCADImporter/DatasmithCADImporter.uplugin" 260
"../../../Engine/Plugins/Tests/InterchangeTests/InterchangeTests.uplugin" 261
"../../../Engine/Plugins/Tests/PythonAutomationTest/PythonAutomationTest.uplugin" 262
"../../../Engine/Plugins/Online/SocketSubsystemEOS/SocketSubsystemEOS.uplugin" 263
"../../../Engine/Plugins/Enterprise/DatasmithFBXImporter/DatasmithFBXImporter.uplugin" 264
"../../../Engine/Plugins/Enterprise/GLTFExporter/GLTFExporter.uplugin" 265
"../../../Engine/Plugins/Web/HttpBlueprint/HttpBlueprint.uplugin" 266
"../../../Engine/Plugins/Enterprise/LidarPointCloud/LidarPointCloud.uplugin" 267
"../../../Engine/Plugins/Enterprise/DataprepEditor/DataprepEditor.uplugin" 268
"../../../Engine/Plugins/Enterprise/MDLImporter/MDLImporter.uplugin" 269
"../../../Engine/Plugins/Enterprise/DatasmithGLTFImporter/DatasmithGLTFImporter.uplugin" 270
"../../../Engine/Plugins/Performance/PerformanceMonitor/PerformanceMonitor.uplugin" 271
"../../../Engine/Plugins/Enterprise/DatasmithContent/DatasmithContent.uplugin" 272
"../../../Engine/Plugins/Enterprise/DatasmithImporter/DatasmithImporter.uplugin" 273
"../../../Engine/Plugins/Enterprise/DatasmithIFCImporter/DatasmithIFCImporter.uplugin" 274
"../../../Engine/Plugins/Interchange/Runtime/Interchange.uplugin" 275
"../../../Engine/Plugins/Interchange/Editor/InterchangeEditor.uplugin" 276
"../../../Engine/Plugins/Enterprise/VariantManager/VariantManager.uplugin" 277
"../../../Engine/Plugins/MovieScene/MovieRenderPipeline/MovieRenderPipeline.uplugin" 278
"../../../Engine/Plugins/Enterprise/VariantManagerContent/VariantManagerContent.uplugin" 279
"../../../Engine/Plugins/MovieScene/LevelSequenceEditor/LevelSequenceEditor.uplugin" 280
"../../../Engine/Plugins/MovieScene/CustomizableSequencerTracks/CustomizableSequencerTracks.uplugin" 281
"../../../Engine/Plugins/MovieScene/ActorSequence/ActorSequence.uplugin" 282
"../../../Engine/Plugins/MovieScene/SequencerScripting/SequencerScripting.uplugin" 283
"../../../Engine/Plugins/VirtualProduction/CameraCalibration/CameraCalibration.uplugin" 284
"../../../Engine/Plugins/VirtualProduction/CameraCalibrationCore/CameraCalibrationCore.uplugin" 285
"../../../Engine/Plugins/MovieScene/MoviePipelineMaskRenderPass/MoviePipelineMaskRenderPass.uplugin" 286
"../../../Engine/Plugins/MovieScene/TemplateSequence/TemplateSequence.uplugin" 287
"../../../Engine/Plugins/MovieScene/ReplayTracks/ReplayTracks.uplugin" 288
"../../../Engine/Plugins/VirtualProduction/DataCharts/DataCharts.uplugin" 289
"../../../Engine/Plugins/VirtualProduction/LevelSnapshots/LevelSnapshots.uplugin" 290
"../../../Engine/Plugins/VirtualProduction/ICVFX/ICVFX.uplugin" 291
"../../../Engine/Plugins/VirtualProduction/LiveLinkCamera/LiveLinkCamera.uplugin" 292
"../../../Engine/Plugins/VirtualProduction/LiveLinkPrestonMDR/LiveLinkPrestonMDR.uplugin" 293
"../../../Engine/Plugins/VirtualProduction/LiveLinkLens/LiveLinkLens.uplugin" 294
"../../../Engine/Plugins/VirtualProduction/EpicStageApp/EpicStageApp.uplugin" 295
"../../../Engine/Plugins/VirtualProduction/CompositePlane/CompositePlane.uplugin" 296
"../../../Engine/Plugins/VirtualProduction/LiveLinkVRPN/LiveLinkVRPN.uplugin" 297
"../../../Engine/Plugins/VirtualProduction/LiveLinkMasterLockit/LiveLinkMasterLockit.uplugin" 298
"../../../Engine/Plugins/VirtualProduction/LiveLinkFreeD/LiveLinkFreeD.uplugin" 299
"../../../Engine/Plugins/VirtualProduction/MultiUserTakes/MultiUserTakes.uplugin" 300
"../../../Engine/Plugins/VirtualProduction/LiveLinkXR/LiveLinkXR.uplugin" 301
"../../../Engine/Plugins/VirtualProduction/RemoteControlWebInterface/RemoteControlWebInterface.uplugin" 302
"../../../Engine/Plugins/VirtualProduction/RemoteControlProtocolDMX/RemoteControlProtocolDMX.uplugin" 303
"../../../Engine/Plugins/VirtualProduction/RemoteControl/RemoteControl.uplugin" 304
"../../../Engine/Plugins/VirtualProduction/Switchboard/Switchboard.uplugin" 305
"../../../Engine/Plugins/VirtualProduction/SequencerPlaylists/SequencerPlaylists.uplugin" 306
"../../../Engine/Plugins/VirtualProduction/RemoteControlProtocolOSC/RemoteControlProtocolOSC.uplugin" 307
"../../../Engine/Plugins/VirtualProduction/RemoteControlProtocolMIDI/RemoteControlProtocolMIDI.uplugin" 308
"../../../Engine/Plugins/VirtualProduction/TextureShare/TextureShare.uplugin" 309
"../../../Engine/Plugins/2D/Paper2D/Paper2D.uplugin" 310
"../../../Engine/Plugins/Compositing/LensDistortion/LensDistortion.uplugin" 311
"../../../Engine/Plugins/VirtualProduction/RemoteControlInterception/RemoteControlInterception.uplugin" 312
"../../../Engine/Plugins/Compositing/Composure/Composure.uplugin" 313
"../../../Engine/Plugins/Compositing/OpenCVLensDistortion/OpenCVLensDistortion.uplugin" 314
"../../../Engine/Plugins/VirtualProduction/StageMonitoring/StageMonitoring.uplugin" 315
"../../../Engine/Plugins/Compositing/OpenColorIO/OpenColorIO.uplugin" 316
"../../../Engine/Plugins/VirtualProduction/TimedDataMonitor/TimedDataMonitor.uplugin" 317
"../../../Engine/Plugins/FX/ExampleCustomDataInterface/ExampleCustomDataInterface.uplugin" 318
"../../../Engine/Plugins/FX/CascadeToNiagaraConverter/CascadeToNiagaraConverter.uplugin" 319
"../../../Engine/Plugins/Runtime/AndroidFileServer/AndroidFileServer.uplugin" 320
"../../../Engine/Plugins/Runtime/AndroidDeviceProfileSelector/AndroidDeviceProfileSelector.uplugin" 321
"../../../Engine/Plugins/FX/NiagaraFluids/NiagaraFluids.uplugin" 322
"../../../Engine/Plugins/Runtime/AndroidPermission/AndroidPermission.uplugin" 323
"../../../Engine/Plugins/Runtime/AndroidMoviePlayer/AndroidMoviePlayer.uplugin" 324
"../../../Engine/Plugins/FX/Niagara/Niagara.uplugin" 325
"../../../Engine/Plugins/Runtime/AppleImageUtils/AppleImageUtils.uplugin" 326
"../../../Engine/Plugins/Runtime/ApexDestruction/ApexDestruction.uplugin" 327
"../../../Engine/Plugins/Runtime/AnimationBudgetAllocator/AnimationBudgetAllocator.uplugin" 328
"../../../Engine/Plugins/Runtime/AppleMoviePlayer/AppleMoviePlayer.uplugin" 329
"../../../Engine/Plugins/VirtualProduction/Takes/Takes.uplugin" 330
"../../../Engine/Plugins/Runtime/AndroidBackgroundService/AndroidBackgroundService.uplugin" 331
"../../../Engine/Plugins/Runtime/AudioModulation/AudioModulation.uplugin" 332
"../../../Engine/Plugins/Runtime/AudioMotorSim/AudioMotorSim.uplugin" 333
"../../../Engine/Plugins/Runtime/ArchVisCharacter/ArchVisCharacter.uplugin" 334
"../../../Engine/Plugins/Runtime/CableComponent/CableComponent.uplugin" 335
"../../../Engine/Plugins/FX/NiagaraSimCaching/NiagaraSimCaching.uplugin" 336
"../../../Engine/Plugins/Runtime/ChunkDownloader/ChunkDownloader.uplugin" 337
"../../../Engine/Plugins/Runtime/ActorLayerUtilities/ActorLayerUtilities.uplugin" 338
"../../../Engine/Plugins/Runtime/CustomMeshComponent/CustomMeshComponent.uplugin" 339
"../../../Engine/Plugins/Runtime/ComputeFramework/ComputeFramework.uplugin" 340
"../../../Engine/Plugins/Runtime/AudioWidgets/AudioWidgets.uplugin" 341
"../../../Engine/Plugins/Runtime/Firebase/Firebase.uplugin" 342
"../../../Engine/Plugins/Runtime/DataRegistry/DataRegistry.uplugin" 343
"../../../Engine/Plugins/Runtime/GeoReferencing/GeoReferencing.uplugin" 344
"../../../Engine/Plugins/Runtime/HTTPChunkInstaller/HTTPChunkInstaller.uplugin" 345
"../../../Engine/Plugins/Runtime/ExampleDeviceProfileSelector/ExampleDeviceProfileSelector.uplugin" 346
"../../../Engine/Plugins/Runtime/GameplayAbilities/GameplayAbilities.uplugin" 347
"../../../Engine/Plugins/Runtime/AssetTags/AssetTags.uplugin" 348
"../../../Engine/Plugins/Runtime/AudioSynesthesia/AudioSynesthesia.uplugin" 349
"../../../Engine/Plugins/Runtime/GameplayBehaviorSmartObjects/GameplayBehaviorSmartObjects.uplugin" 350
"../../../Engine/Plugins/Runtime/GameplayStateTree/GameplayStateTree.uplugin" 351
"../../../Engine/Plugins/Runtime/GeometryProcessing/GeometryProcessing.uplugin" 352
"../../../Engine/Plugins/Runtime/HPMotionController/HPMotionController.uplugin" 353
"../../../Engine/Plugins/Runtime/GoogleCloudMessaging/GoogleCloudMessaging.uplugin" 354
"../../../Engine/Plugins/Runtime/GooglePAD/GooglePAD.uplugin" 355
"../../../Engine/Plugins/Runtime/GeometryCache/GeometryCache.uplugin" 356
"../../../Engine/Plugins/Runtime/GameplayInteractions/GameplayInteractions.uplugin" 357
"../../../Engine/Plugins/Runtime/IOSReplayKit/IOSReplayKit.uplugin" 358
"../../../Engine/Plugins/Runtime/HDRIBackdrop/HDRIBackdrop.uplugin" 359
"../../../Engine/Plugins/Runtime/IOSDeviceProfileSelector/IOSDeviceProfileSelector.uplugin" 360
"../../../Engine/Plugins/Runtime/LinuxDeviceProfileSelector/LinuxDeviceProfileSelector.uplugin" 361
"../../../Engine/Plugins/Runtime/AudioCapture/AudioCapture.uplugin" 362
"../../../Engine/Plugins/Runtime/LocationServicesBPLibrary/LocationServicesBPLibrary.uplugin" 363
"../../../Engine/Plugins/Runtime/LocationServicesAndroidImpl/LocationServicesAndroidImpl.uplugin" 364
"../../../Engine/Plugins/Runtime/LiveLinkOvernDisplay/LiveLinkOverNDisplay.uplugin" 365
"../../../Engine/Plugins/Runtime/Metasound/Metasound.uplugin" 366
"../../../Engine/Plugins/Runtime/MeshModelingToolset/MeshModelingToolset.uplugin" 367
"../../../Engine/Plugins/Runtime/MassEntity/MassEntity.uplugin" 368
"../../../Engine/Plugins/Runtime/InputDebugging/InputDebugging.uplugin" 369
"../../../Engine/Plugins/Runtime/MIDIDevice/MIDIDevice.uplugin" 370
"../../../Engine/Plugins/Runtime/MobileFSR/MobileFSR.uplugin" 371
"../../../Engine/Plugins/Runtime/MassGameplay/MassGameplay.uplugin" 372
"../../../Engine/Plugins/Runtime/MobilePatchingUtils/MobilePatchingUtils.uplugin" 373
"../../../Engine/Plugins/Runtime/MicrosoftSpatialAudio/MicroSoftSpatialSound.uplugin" 374
"../../../Engine/Plugins/Runtime/MixedRealityCaptureFramework/MixedRealityCaptureFramework.uplugin" 375
"../../../Engine/Plugins/Runtime/LocationServicesIOSImpl/LocationServicesIOSImpl.uplugin" 376
"../../../Engine/Plugins/Runtime/ModelViewViewModel/ModelViewViewModel.uplugin" 377
"../../../Engine/Plugins/Runtime/NetworkPrediction/NetworkPrediction.uplugin" 378
"../../../Engine/Plugins/Runtime/nDisplay/nDisplay.uplugin" 379
"../../../Engine/Plugins/Runtime/OpenCV/OpenCV.uplugin" 380
"../../../Engine/Plugins/Runtime/NetworkPredictionInsights/NetworkPredictionInsights.uplugin" 381
"../../../Engine/Plugins/Runtime/nDisplayModularFeatures/nDisplayModularFeatures.uplugin" 382
"../../../Engine/Plugins/Runtime/NavCorridor/NavCorridor.uplugin" 383
"../../../Engine/Plugins/Runtime/OpenXREyeTracker/OpenXREyeTracker.uplugin" 384
"../../../Engine/Plugins/Runtime/HairStrands/HairStrands.uplugin" 385
"../../../Engine/Plugins/Runtime/OpenXR/OpenXR.uplugin" 386
"../../../Engine/Plugins/Runtime/OSCModulationMixing/OSCModulationMixing.uplugin" 387
"../../../Engine/Plugins/Runtime/OpenXRMsftHandInteraction/OpenXRMsftHandInteraction.uplugin" 388
"../../../Engine/Plugins/Runtime/OpenXRHandTracking/OpenXRHandTracking.uplugin" 389
"../../../Engine/Plugins/Runtime/OptionalMobileFeaturesBPLibrary/OptionalMobileFeaturesBPLibrary.uplugin" 390
"../../../Engine/Plugins/Runtime/RenderTrace/RenderTrace.uplugin" 391
"../../../Engine/Plugins/Runtime/NetworkPredictionExtras/NetworkPredictionExtras.uplugin" 392
"../../../Engine/Plugins/Runtime/PropertyAccess/PropertyAccessEditor.uplugin" 393
"../../../Engine/Plugins/Runtime/ProceduralMeshComponent/ProceduralMeshComponent.uplugin" 394
"../../../Engine/Plugins/Runtime/ResonanceAudio/ResonanceAudio.uplugin" 395
"../../../Engine/Plugins/Runtime/PreLoadScreenMoviePlayer/PreLoadScreenMoviePlayer.uplugin" 396
"../../../Engine/Plugins/Runtime/ReplicationSystemTestPlugin/ReplicationSystemTestPlugin.uplugin" 397
"../../../Engine/Plugins/Runtime/SoundCueTemplates/SoundCueTemplates.uplugin" 398
"../../../Engine/Plugins/Runtime/ReplicationGraph/ReplicationGraph.uplugin" 399
"../../../Engine/Plugins/Runtime/OSC/OSC.uplugin" 400
"../../../Engine/Plugins/Runtime/Soundscape/Soundscape.uplugin" 401
"../../../Engine/Plugins/Runtime/SignificanceManager/SignificanceManager.uplugin" 402
"../../../Engine/Plugins/Runtime/SmartObjects/SmartObjects.uplugin" 403
"../../../Engine/Plugins/Runtime/Spatialization/Spatialization.uplugin" 404
"../../../Engine/Plugins/Runtime/WarpUtils/WarpUtils.uplugin" 405
"../../../Engine/Plugins/Runtime/SoundMod/SoundMod.uplugin" 406
"../../../Engine/Plugins/Runtime/SoundFields/SoundFields.uplugin" 407
"../../../Engine/Plugins/Runtime/SkeletalMerging/SkeletalMerging.uplugin" 408
"../../../Engine/Plugins/Runtime/SoundUtilities/SoundUtilities.uplugin" 409
"../../../Engine/Plugins/Runtime/SunPosition/SunPosition.uplugin" 410
"../../../Engine/Plugins/Runtime/Synthesis/Synthesis.uplugin" 411
"../../../Engine/Plugins/Runtime/WindowsMoviePlayer/WindowsMoviePlayer.uplugin" 412
"../../../Engine/Plugins/Runtime/WindowsDeviceProfileSelector/WindowsDeviceProfileSelector.uplugin" 413
"../../../Engine/Plugins/Runtime/WaveTable/WaveTable.uplugin" 414
"../../../Engine/Plugins/Online/VoiceChat/VoiceChat/VoiceChat.uplugin" 415
"../../../Engine/Plugins/Runtime/WebMMoviePlayer/WebMMoviePlayer.uplugin" 416
"../../../Engine/Plugins/Runtime/StateTree/StateTree.uplugin" 417
"../../../Engine/Plugins/Runtime/Steam/SteamController/SteamController.uplugin" 418
"../../../Engine/Plugins/Online/VoiceChat/EOSVoiceChat/EOSVoiceChat.uplugin" 419
"../../../Engine/Plugins/Runtime/Steam/SteamShared/SteamShared.uplugin" 420
"../../../Engine/Plugins/Runtime/ZoneGraphAnnotations/ZoneGraphAnnotations.uplugin" 421
"../../../Engine/Plugins/Runtime/PacketHandlers/AESGCMHandlerComponent/AESGCMHandlerComponent.uplugin" 422
"../../../Engine/Plugins/Runtime/WebBrowserWidget/WebBrowserWidget.uplugin" 423
"../../../Engine/Plugins/Runtime/ZoneGraph/ZoneGraph.uplugin" 424
"../../../Engine/Plugins/Runtime/Steam/SteamVR/SteamVR.uplugin" 425
"../../../Engine/Plugins/Runtime/WebBrowserNativeProxy/WebBrowserNativeProxy.uplugin" 426
"../../../Engine/Plugins/Runtime/PacketHandlers/DTLSHandlerComponent/DTLSHandlerComponent.uplugin" 427
"../../../Engine/Plugins/Runtime/Steam/SteamAudio/SteamAudio.uplugin" 428
"../../../Engine/Plugins/Runtime/Steam/SteamSockets/SteamSockets.uplugin" 429
"../../../Engine/Plugins/Experimental/Animation/SkeletalMeshModelingTools/SkeletalMeshModelingTools.uplugin" 430
"../../../Engine/Plugins/Experimental/Animation/Optimus/Optimus.uplugin" 431
"../../../Engine/Plugins/Experimental/Animation/PoseSearch/PoseSearch.uplugin" 432
"../../../Engine/Plugins/Experimental/Animation/MotionTrajectory/MotionTrajectory.uplugin" 433
"../../../Engine/Plugins/VirtualProduction/DMX/DMXDisplayCluster/DMXDisplayCluster.uplugin" 434
"../../../Engine/Plugins/VirtualProduction/DMX/DatasmithMVR/DatasmithMVR.uplugin" 435
"../../../Engine/Plugins/Experimental/Animation/ContextualAnimation/ContextualAnimation.uplugin" 436
"../../../Engine/Plugins/VirtualProduction/DMX/DMXEngine/DMXEngine.uplugin" 437
"../../../Engine/Plugins/Runtime/PacketHandlers/AESHandlerComponent/AESHandlerComponent.uplugin" 438
"../../../Engine/Plugins/VirtualProduction/DMX/DMXModularFeatures/DMXModularFeatures.uplugin" 439
"../../../Engine/Plugins/Experimental/Animation/CurveExpression/CurveExpression.uplugin" 440
"../../../Engine/Plugins/VirtualProduction/DMX/DMXProtocol/DMXProtocol.uplugin" 441
"../../../Engine/Plugins/VirtualProduction/DMX/DMXFixtures/DMXFixtures.uplugin" 442
"../../../Engine/Plugins/Runtime/Advertising/IOSTapJoy/IOSTapJoy.uplugin" 443
"../../../Engine/Plugins/Editor/ContentBrowser/ContentBrowserAliasDataSoure/ContentBrowserAliasDataSource.uplugin" 444
"../../../Engine/Plugins/VirtualProduction/DMX/DMXPixelMapping/DMXPixelMapping.uplugin" 445
"../../../Engine/Plugins/Editor/ContentBrowser/ContentBrowserClassDataSource/ContentBrowserClassDataSource.uplugin" 446
"../../../Engine/Plugins/Editor/ContentBrowser/ContentBrowserAssetDataSource/ContentBrowserAssetDataSource.uplugin" 447
"../../../Engine/Plugins/Experimental/Web/WebAPI/WebAPI.uplugin" 448
"../../../Engine/Plugins/Editor/ContentBrowser/ContentBrowserFileDataSource/ContentBrowserFileDataSource.uplugin" 449
"../../../Engine/Plugins/Runtime/Database/ADOSupport/ADOSupport.uplugin" 450
"../../../Engine/Plugins/Runtime/Database/RemoteDatabaseSupport/RemoteDatabaseSupport.uplugin" 451
"../../../Engine/Plugins/Runtime/Database/SQLiteSupport/SQLiteSupport.uplugin" 452
"../../../Engine/Plugins/Online/IOS/OnlineSubsystemIOS/OnlineSubsystemIOS.uplugin" 453
"../../../Engine/Plugins/Runtime/XR/XRVisualization/XRVisualization.uplugin" 454
"../../../Engine/Plugins/Runtime/Analytics/Adjust/Adjust.uplugin" 455
"../../../Engine/Plugins/Runtime/Analytics/FileLogging/FileLogging.uplugin" 456
"../../../Engine/Plugins/Runtime/Database/DatabaseSupport/DatabaseSupport.uplugin" 457
"../../../Engine/Plugins/Online/Android/AndroidFetchBackgroundDownload/AndroidFetchBackgroundDownload.uplugin" 458
"../../../Engine/Plugins/Runtime/Analytics/Flurry/Flurry.uplugin" 459
"../../../Engine/Plugins/Runtime/Analytics/AnalyticsMulticast/AnalyticsMulticast.uplugin" 460
"../../../Engine/Plugins/Online/Android/OnlineSubsystemGooglePlay/OnlineSubsystemGooglePlay.uplugin" 461
"../../../Engine/Plugins/Runtime/MeshReconstruction/DummyMeshReconstructor/DummyMeshReconstructor.uplugin" 462
"../../../Engine/Plugins/Developer/Concert/ConcertMain/ConcertMain.uplugin" 463
"../../../Engine/Plugins/Runtime/Nvidia/Reflex/Reflex.uplugin" 464
"../../../Engine/Plugins/Runtime/Analytics/AnalyticsBlueprintLibrary/AnalyticsBlueprintLibrary.uplugin" 465
"../../../Engine/Plugins/Runtime/Windows/WinDualShock/WinDualShock.uplugin" 466
"../../../Engine/Plugins/Animation/MLDeformer/NearestNeighborModel/NearestNeighborModel.uplugin" 467
"../../../Engine/Plugins/Animation/MLDeformer/MLDeformerFramework/MLDeformerFramework.uplugin" 468
"../../../Engine/Plugins/Runtime/Nvidia/GeForceNOWWrapper/GeForceNOWWrapper.uplugin" 469
"../../../Engine/Plugins/Experimental/Enterprise/DataprepGeometryOperations/DataprepGeometryOperations.uplugin" 470
"../../../Engine/Plugins/Animation/MLDeformer/NeuralMorphModel/NeuralMorphModel.uplugin" 471
"../../../Engine/Plugins/Experimental/VirtualProduction/LedWallCalibration/LedWallCalibration.uplugin" 472
"../../../Engine/Plugins/Animation/MLDeformer/VertexDeltaModel/VertexDeltaModel.uplugin" 473
"../../../Engine/Plugins/Runtime/Database/SQLiteCore/SQLiteCore.uplugin" 474
"../../../Engine/Plugins/Experimental/Enterprise/DatasmithInterchange/DatasmithInterchange.uplugin" 475
"../../../Engine/Plugins/Runtime/AR/ARUtilities/ARUtilities.uplugin" 476
"../../../Engine/Plugins/Runtime/AR/AzureSpatialAnchors/AzureSpatialAnchors.uplugin" 477
"../../../Engine/Plugins/Runtime/AR/AzureSpatialAnchorsForARKit/AzureSpatialAnchorsForARKit.uplugin" 478
"../../../Engine/Plugins/Runtime/Oculus/OculusVR/OculusVR.uplugin" 479
"../../../Engine/Plugins/Editor/ObjectMixer/LightMixer/LightMixer.uplugin" 480
"../../../Engine/Plugins/Runtime/Oculus/OculusAudio/OculusAudio.uplugin" 481
"../../../Engine/Plugins/Experimental/Enterprise/DatasmithRuntime/DatasmithRuntime.uplugin" 482
"../../../Engine/Plugins/Experimental/AR/PointCloud/PointCloud.uplugin" 483
"../../../Engine/Plugins/VirtualProduction/Rivermax/RivermaxCore/RivermaxCore.uplugin" 484
"../../../Engine/Plugins/Editor/ObjectMixer/ObjectMixer/ObjectMixer.uplugin" 485
"../../../Engine/Plugins/VirtualProduction/Rivermax/RivermaxMedia/RivermaxMedia.uplugin" 486
"../../../Engine/Plugins/Developer/Concert/ConcertApp/MultiUserClient/MultiUserClient.uplugin" 487
"../../../Engine/Plugins/Developer/Concert/ConcertSync/ConcertSyncTest/ConcertSyncTest.uplugin" 488
"../../../Engine/Plugins/Developer/Concert/ConcertSync/ConcertSyncCore/ConcertSyncCore.uplugin" 489
"../../../Engine/Plugins/Runtime/AR/AzureSpatialAnchorsForARCore/AzureSpatialAnchorsForARCore.uplugin" 490
"../../../Engine/Plugins/Developer/Concert/ConcertSync/ConcertSyncClient/ConcertSyncClient.uplugin" 491
"../../../Engine/Plugins/Developer/Concert/ConcertUI/ConcertClientSharedSlate/ConcertClientSharedSlate.uplugin" 492
"../../../Engine/Plugins/Developer/Concert/ConcertApp/MultiUserServer/MultiUserServer.uplugin" 493
"../../../Engine/Plugins/Runtime/AR/AppleAR/AppleARKitFaceSupport/AppleARKitFaceSupport.uplugin" 494
"../../../Engine/Plugins/Developer/Concert/ConcertSync/ConcertSyncServer/ConcertSyncServer.uplugin" 495
"../../../Engine/Plugins/Runtime/AR/Google/GoogleARCore/GoogleARCore.uplugin" 496
"../../../Engine/Plugins/Developer/Concert/ConcertApp/DisasterRecoveryClient/DisasterRecoveryClient.uplugin" 497
"../../../Engine/Plugins/Runtime/AR/Google/GoogleARCoreServices/GoogleARCoreServices.uplugin" 498
"../../../Engine/Plugins/Developer/Concert/ConcertUI/ConcertSharedSlate/ConcertSharedSlate.uplugin" 499
"../../../Engine/Plugins/Runtime/AR/AppleAR/AppleARKit/AppleARKit.uplugin" 500
"../../../Engine/Platforms/HoloLens/Plugins/Runtime/OpenXRMsftHandInteraction/OpenXRMsftHandInteraction_HoloLens.uplugin" 501
"../../../Engine/Platforms/HoloLens/Plugins/Runtime/OpenXR/OpenXR_HoloLens.uplugin" 502
"../../../Engine/Platforms/HoloLens/Plugins/Runtime/ApexDestruction/ApexDestruction_HoloLens.uplugin" 503
"../../../Engine/Platforms/HoloLens/Plugins/Media/BinkMedia/BinkMedia_HoloLens.uplugin" 504
"../../../Engine/Platforms/HoloLens/Plugins/Online/OnlineServicesEOSGS/OnlineServicesEOSGS_HoloLens.uplugin" 505
"../../../Engine/Platforms/HoloLens/Plugins/Media/MfMedia/MfMedia_HoloLens.uplugin" 506
"../../../Engine/Platforms/HoloLens/Plugins/Online/OnlineServicesEOS/OnlineServicesEOS_HoloLens.uplugin" 507
"../../../Engine/Platforms/HoloLens/Plugins/Runtime/MicrosoftSpatialAudio/MicroSoftSpatialSound_HoloLens.uplugin" 508
"../../../Engine/Platforms/HoloLens/Plugins/Runtime/GeoReferencing/GeoReferencing_HoloLens.uplugin" 509
"../../../Engine/Platforms/HoloLens/Plugins/Compression/OodleNetwork/OodleNetwork_HoloLens.uplugin" 510
"../../../Engine/Platforms/HoloLens/Plugins/Runtime/OpenXRHandTracking/OpenXRHandTracking_HoloLens.uplugin" 511
"../../../Engine/Platforms/HoloLens/Plugins/Runtime/OpenXREyeTracker/OpenXREyeTracker_HoloLens.uplugin" 512
"../../../Engine/Platforms/HoloLens/Plugins/Media/HLMedia/HLMedia_HoloLens.uplugin" 513
"../../../Engine/Platforms/HoloLens/Plugins/Runtime/AR/AzureSpatialAnchors/AzureSpatialAnchors_HoloLens.uplugin" 514
"E:/Workspace_ISECONVI/ISECONVI/Plugins/SpinePlugin/SpinePlugin.uplugin" 515
"../../../Engine/Content/Internationalization/icudt64l/cnvalias.icu" 516
"../../../Engine/Content/Internationalization/icudt64l/res_index.res" 517
"../../../Engine/Content/Internationalization/icudt64l/plurals.res" 518
"../../../Engine/Content/Internationalization/icudt64l/lang/ko.res" 519
"../../../Engine/Content/Internationalization/icudt64l/lang/pool.res" 520
"../../../Engine/Content/Internationalization/icudt64l/lang/root.res" 521
"../../../Engine/Content/Internationalization/icudt64l/region/ko.res" 522
"../../../Engine/Content/Internationalization/icudt64l/region/pool.res" 523
"../../../Engine/Content/Internationalization/icudt64l/region/root.res" 524
"../../../Engine/Content/Internationalization/icudt64l/lang/en.res" 525
"../../../Engine/Content/Internationalization/icudt64l/region/en.res" 526
"../../../Engine/Content/Internationalization/icudt64l/windowsZones.res" 527
"../../../Engine/Content/Internationalization/icudt64l/zoneinfo64.res" 528
"../../../Engine/Content/Internationalization/icudt64l/keyTypeData.res" 529
"../../../Engine/Content/Internationalization/icudt64l/timezoneTypes.res" 530
"../../../Engine/Content/Internationalization/icudt64l/likelySubtags.res" 531
"../../../Engine/Content/Internationalization/icudt64l/ko_KR.res" 532
"../../../Engine/Content/Internationalization/icudt64l/pool.res" 533
"../../../Engine/Content/Internationalization/icudt64l/ko.res" 534
"../../../Engine/Content/Internationalization/icudt64l/root.res" 535
"../../../Engine/Content/Internationalization/icudt64l/supplementalData.res" 536
"../../../Engine/Config/ConfigRedirects.ini" 537
"../../../Engine/Config/Base.ini" 538
"C:/Users/minls/AppData/Local/UnrealEngine/5.1/Saved/Config/WindowsEditor/Manifest.ini" 539
"../../../Engine/Config/BaseEngine.ini" 540
"../../../Engine/Config/Windows/BaseWindowsEngine.ini" 541
"../../../../../Workspace_ISECONVI/ISECONVI/Config/DefaultEngine.ini" 542
"../../../Engine/Config/IOS/BaseIOSEngine.ini" 543
"../../../Engine/Config/Mac/BaseMacEngine.ini" 544
"../../../Engine/Config/Android/BaseAndroidEngine.ini" 545
"../../../Engine/Config/Linux/BaseLinuxEngine.ini" 546
"../../../Engine/Config/HoloLens/HoloLensEngine.ini" 547
"../../../Engine/Config/IOS/IOSEngine.ini" 548
"../../../Engine/Config/Mac/MacEngine.ini" 549
"../../../../../Workspace_ISECONVI/ISECONVI/Platforms/HoloLens/Config/HoloLensEngine.ini" 550
"../../../Engine/Config/Unix/UnixEngine.ini" 551
"../../../Engine/Config/Windows/WindowsEngine.ini" 552
"../../../Engine/Config/Android/AndroidEngine.ini" 553
"../../../Engine/Config/Linux/LinuxEngine.ini" 554
"../../../Engine/Config/TVOS/TVOSEngine.ini" 555
"../../../Engine/Config/LinuxArm64/LinuxArm64Engine.ini" 556
"../../../Engine/Config/BaseGame.ini" 557
"E:/Workspace_ISECONVI/ISECONVI/Saved/Config/WindowsEditor/Engine.ini" 558
"../../../../../Workspace_ISECONVI/ISECONVI/Config/DefaultGame.ini" 559
"../../../Engine/Config/HoloLens/HoloLensGame.ini" 560
"../../../Engine/Config/IOS/BaseIOSGame.ini" 561
"../../../Engine/Config/Android/BaseAndroidGame.ini" 562
"../../../Engine/Config/BaseInput.ini" 563
"../../../Engine/Config/Mac/MacGame.ini" 564
"../../../Engine/Config/IOS/IOSGame.ini" 565
"../../../../../Workspace_ISECONVI/ISECONVI/Config/Android/AndroidGame.ini" 566
"../../../Engine/Config/Windows/WindowsGame.ini" 567
"../../../../../Workspace_ISECONVI/ISECONVI/Config/IOS/IOSGame.ini" 568
"../../../../../Workspace_ISECONVI/ISECONVI/Config/DefaultInput.ini" 569
"../../../../../Workspace_ISECONVI/ISECONVI/Config/TVOS/TVOSGame.ini" 570
"../../../Engine/Config/Linux/LinuxGame.ini" 571
"E:/Workspace_ISECONVI/ISECONVI/Saved/Config/WindowsEditor/Game.ini" 572
"../../../../../Workspace_ISECONVI/ISECONVI/Config/Linux/LinuxGame.ini" 573
"../../../../../Workspace_ISECONVI/ISECONVI/Config/LinuxArm64/LinuxArm64Game.ini" 574
"../../../Engine/Config/BaseDeviceProfiles.ini" 575
"E:/Workspace_ISECONVI/ISECONVI/Saved/Config/WindowsEditor/Input.ini" 576
"../../../Engine/Config/BaseGameUserSettings.ini" 577
"../../../Engine/Config/BaseScalability.ini" 578
"E:/Workspace_ISECONVI/ISECONVI/Saved/Config/WindowsEditor/DeviceProfiles.ini" 579
"../../../Engine/Config/IOS/IOSScalability.ini" 580
"../../../Engine/Config/Android/AndroidScalability.ini" 581
"../../../Engine/Config/BaseRuntimeOptions.ini" 582
"../../../Engine/Config/BaseInstallBundle.ini" 583
"E:/Workspace_ISECONVI/ISECONVI/Saved/Config/WindowsEditor/GameUserSettings.ini" 584
"../../../Engine/Config/BaseHardware.ini" 585
"E:/Workspace_ISECONVI/ISECONVI/Saved/Config/WindowsEditor/Scalability.ini" 586
"E:/Workspace_ISECONVI/ISECONVI/Saved/Config/WindowsEditor/RuntimeOptions.ini" 587
"E:/Workspace_ISECONVI/ISECONVI/Saved/Config/WindowsEditor/Hardware.ini" 588
"../../../Engine/Config/BaseCompat.ini" 589
"E:/Workspace_ISECONVI/ISECONVI/Saved/Config/WindowsEditor/Compat.ini" 590
"../../../Engine/Config/BaseLightmass.ini" 591
"E:/Workspace_ISECONVI/ISECONVI/Saved/Config/WindowsEditor/Lightmass.ini" 592
"../../../Engine/Config/BaseEditor.ini" 593
"../../../../../Workspace_ISECONVI/ISECONVI/Config/DefaultEditor.ini" 594
"E:/Workspace_ISECONVI/ISECONVI/Saved/Config/WindowsEditor/Editor.ini" 595
"../../../Engine/Config/BaseEditorPerProjectUserSettings.ini" 596
"../../../../../Workspace_ISECONVI/ISECONVI/Config/DefaultEditorPerProjectUserSettings.ini" 597
"../../../Engine/Config/Windows/WindowsEditorPerProjectUserSettings.ini" 598
"E:/Workspace_ISECONVI/ISECONVI/Saved/Config/WindowsEditor/EditorPerProjectUserSettings.ini" 599
"../../../Engine/Config/BaseEditorSettings.ini" 600
"C:/Users/minls/AppData/Local/UnrealEngine/5.1/Saved/Config/WindowsEditor/EditorSettings.ini" 601
"../../../Engine/Config/BaseEditorKeyBindings.ini" 602
"C:/Users/minls/AppData/Local/UnrealEngine/5.1/Saved/Config/WindowsEditor/EditorKeyBindings.ini" 603
"C:/Users/minls/AppData/Local/UnrealEngine/5.1/Saved/Config/WindowsEditor/EditorLayout.ini" 604
"../../../../../Workspace_ISECONVI/ISECONVI/Binaries/Win64/ISECONVI-Win64-Shipping.target" 605
"../../../../../Workspace_ISECONVI/ISECONVI/Binaries/Win64/ISECONVI.target" 606
"../../../../../Workspace_ISECONVI/ISECONVI/Binaries/Win64/ISECONVIEditor.target" 607
"../../../Engine/Plugins/EnhancedInput/Config/BaseEnhancedInput.ini" 608
"E:/Workspace_ISECONVI/ISECONVI/Saved/Config/WindowsEditor/EnhancedInput.ini" 609
"../../../Engine/Plugins/Developer/TraceDataFiltering/Config/BaseTraceDataFilters.ini" 610
"E:/Workspace_ISECONVI/ISECONVI/Saved/Config/WindowsEditor/TraceDataFilters.ini" 611
"../../../Engine/Plugins/Animation/ControlRig/Config/BaseControlRig.ini" 612
"E:/Workspace_ISECONVI/ISECONVI/Saved/Config/WindowsEditor/ControlRig.ini" 613
"../../../Engine/Plugins/Animation/IKRig/Config/BaseIKRig.ini" 614
"../../../Engine/Plugins/Editor/EditorScriptingUtilities/Config/BaseEditorScriptingUtilities.ini" 615
"E:/Workspace_ISECONVI/ISECONVI/Saved/Config/WindowsEditor/EditorScriptingUtilities.ini" 616
"../../../Engine/Plugins/Experimental/FullBodyIK/Config/BaseFullBodyIK.ini" 617
"E:/Workspace_ISECONVI/ISECONVI/Saved/Config/WindowsEditor/FullBodyIK.ini" 618
"../../../Engine/Plugins/Enterprise/DatasmithContent/Config/BaseDatasmithContent.ini" 619
"E:/Workspace_ISECONVI/ISECONVI/Saved/Config/WindowsEditor/DatasmithContent.ini" 620
"../../../Engine/Plugins/Enterprise/GLTFExporter/Config/BaseGLTFExporter.ini" 621
"../../../Engine/Plugins/Enterprise/GLTFExporter/Config/DefaultGLTFExporter.ini" 622
"E:/Workspace_ISECONVI/ISECONVI/Saved/Config/WindowsEditor/GLTFExporter.ini" 623
"../../../Engine/Plugins/Interchange/Runtime/Config/BaseInterchange.ini" 624
"E:/Workspace_ISECONVI/ISECONVI/Saved/Config/WindowsEditor/Interchange.ini" 625
"../../../Engine/Plugins/Interchange/Runtime/Config/Game.ini" 626
"../../../Engine/Plugins/Enterprise/VariantManagerContent/Config/BaseVariantManagerContent.ini" 627
"E:/Workspace_ISECONVI/ISECONVI/Saved/Config/WindowsEditor/VariantManagerContent.ini" 628
"../../../Engine/Plugins/2D/Paper2D/Config/BasePaper2D.ini" 629
"E:/Workspace_ISECONVI/ISECONVI/Saved/Config/WindowsEditor/Paper2D.ini" 630
"../../../Engine/Plugins/FX/Niagara/Config/BaseNiagara.ini" 631
"E:/Workspace_ISECONVI/ISECONVI/Saved/Config/WindowsEditor/Niagara.ini" 632
"../../../Engine/Plugins/Runtime/GameplayAbilities/Config/BaseGameplayAbilities.ini" 633
"E:/Workspace_ISECONVI/ISECONVI/Saved/Config/WindowsEditor/GameplayAbilities.ini" 634
"../../../Engine/Plugins/Runtime/Metasound/Config/BaseMetasound.ini" 635
"E:/Workspace_ISECONVI/ISECONVI/Saved/Config/WindowsEditor/Metasound.ini" 636
"../../../Engine/Plugins/Runtime/Synthesis/Config/BaseSynthesis.ini" 637
"E:/Workspace_ISECONVI/ISECONVI/Saved/Config/WindowsEditor/Synthesis.ini" 638
"../../../Engine/Plugins/Editor/ModelingToolsEditorMode/Binaries/Win64/UnrealEditor.modules" 639
"../../../Engine/Plugins/Runtime/MeshModelingToolset/Binaries/Win64/UnrealEditor.modules" 640
"../../../Engine/Plugins/Experimental/MeshModelingToolsetExp/Binaries/Win64/UnrealEditor.modules" 641
"../../../Engine/Plugins/Experimental/MeshLODToolset/Binaries/Win64/UnrealEditor.modules" 642
"../../../Engine/Plugins/Editor/StylusInput/Binaries/Win64/UnrealEditor.modules" 643
"../../../Engine/Plugins/Runtime/GeometryProcessing/Binaries/Win64/UnrealEditor.modules" 644
"../../../Engine/Plugins/Experimental/ProxyLODPlugin/Binaries/Win64/UnrealEditor.modules" 645
"../../../Engine/Plugins/Experimental/GeometryFlow/Binaries/Win64/UnrealEditor.modules" 646
"../../../Engine/Plugins/Editor/EditorScriptingUtilities/Binaries/Win64/UnrealEditor.modules" 647
"../../../Engine/Plugins/Runtime/GameplayAbilities/Binaries/Win64/UnrealEditor.modules" 648
"../../../Engine/Plugins/Editor/GameplayTagsEditor/Binaries/Win64/UnrealEditor.modules" 649
"../../../Engine/Plugins/FX/Niagara/Binaries/Win64/UnrealEditor.modules" 650
"../../../Engine/Plugins/Runtime/DataRegistry/Binaries/Win64/UnrealEditor.modules" 651
"../../../Engine/Plugins/Experimental/PythonScriptPlugin/Binaries/Win64/UnrealEditor.modules" 652
"../../../Engine/Plugins/Editor/AssetManagerEditor/Binaries/Win64/UnrealEditor.modules" 653
"../../../Engine/Plugins/Editor/ContentBrowser/ContentBrowserFileDataSource/Binaries/Win64/UnrealEditor.modules" 654
"../../../Engine/Plugins/Experimental/AbilitySystemGameFeatureActions/Binaries/Win64/UnrealEditor.modules" 655
"../../../Engine/Plugins/Experimental/GameFeatures/Binaries/Win64/UnrealEditor.modules" 656
"../../../Engine/Plugins/Experimental/ModularGameplay/Binaries/Win64/UnrealEditor.modules" 657
"../../../Engine/Plugins/Editor/AssetReferenceRestrictions/Binaries/Win64/UnrealEditor.modules" 658
"../../../Engine/Plugins/Developer/PluginUtils/Binaries/Win64/UnrealEditor.modules" 659
"../../../Engine/Plugins/Editor/DataValidation/Binaries/Win64/UnrealEditor.modules" 660
"../../../Engine/Plugins/Experimental/ActorPalette/Binaries/Win64/UnrealEditor.modules" 661
"../../../Engine/Plugins/Bridge/Binaries/Win64/UnrealEditor.modules" 662
"../../../Engine/Plugins/FastBuildController/Binaries/Win64/UnrealEditor.modules" 663
"../../../Engine/Plugins/EnhancedInput/Binaries/Win64/UnrealEditor.modules" 664
"../../../Engine/Plugins/MeshPainting/Binaries/Win64/UnrealEditor.modules" 665
"../../../Engine/Plugins/Interchange/Editor/Binaries/Win64/UnrealEditor.modules" 666
"../../../Engine/Plugins/Interchange/Runtime/Binaries/Win64/UnrealEditor.modules" 667
"../../../Engine/Plugins/Editor/GLTFImporter/Binaries/Win64/UnrealEditor.modules" 668
"../../../Engine/Plugins/Enterprise/VariantManagerContent/Binaries/Win64/UnrealEditor.modules" 669
"../../../Engine/Plugins/Enterprise/VariantManager/Binaries/Win64/UnrealEditor.modules" 670
"../../../Engine/Plugins/TraceUtilities/Binaries/Win64/UnrealEditor.modules" 671
"../../../Engine/Plugins/XGEController/Binaries/Win64/UnrealEditor.modules" 672
"../../../Engine/Plugins/Media/AndroidMedia/Binaries/Win64/UnrealEditor.modules" 673
"../../../Engine/Plugins/Media/AvfMedia/Binaries/Win64/UnrealEditor.modules" 674
"../../../Engine/Plugins/Media/ImgMedia/Binaries/Win64/UnrealEditor.modules" 675
"../../../Engine/Plugins/Media/MediaPlayerEditor/Binaries/Win64/UnrealEditor.modules" 676
"../../../Engine/Plugins/Media/MediaCompositing/Binaries/Win64/UnrealEditor.modules" 677
"../../../Engine/Plugins/Media/MediaPlate/Binaries/Win64/UnrealEditor.modules" 678
"../../../Engine/Plugins/Media/WmfMedia/Binaries/Win64/UnrealEditor.modules" 679
"../../../Engine/Plugins/Developer/AnimationSharing/Binaries/Win64/UnrealEditor.modules" 680
"../../../Engine/Plugins/Runtime/SignificanceManager/Binaries/Win64/UnrealEditor.modules" 681
"../../../Engine/Plugins/Developer/CLionSourceCodeAccess/Binaries/Win64/UnrealEditor.modules" 682
"../../../Engine/Plugins/Developer/DumpGPUServices/Binaries/Win64/UnrealEditor.modules" 683
"../../../Engine/Plugins/Developer/GitSourceControl/Binaries/Win64/UnrealEditor.modules" 684
"../../../Engine/Plugins/Developer/PerforceSourceControl/Binaries/Win64/UnrealEditor.modules" 685
"../../../Engine/Plugins/Developer/PixWinPlugin/Binaries/Win64/UnrealEditor.modules" 686
"../../../Engine/Plugins/Developer/PlasticSourceControl/Binaries/Win64/UnrealEditor.modules" 687
"../../../Engine/Plugins/Developer/PropertyAccessNode/Binaries/Win64/UnrealEditor.modules" 688
"../../../Engine/Plugins/Runtime/PropertyAccess/Binaries/Win64/UnrealEditor.modules" 689
"../../../Engine/Plugins/Developer/RiderSourceCodeAccess/Binaries/Win64/UnrealEditor.modules" 690
"../../../Engine/Plugins/Developer/TextureFormatOodle/Binaries/Win64/UnrealEditor.modules" 691
"../../../Engine/Plugins/Developer/SubversionSourceControl/Binaries/Win64/UnrealEditor.modules" 692
"../../../Engine/Plugins/Developer/TraceDataFiltering/Binaries/Win64/UnrealEditor.modules" 693
"../../../Engine/Plugins/Developer/UObjectPlugin/Binaries/Win64/UnrealEditor.modules" 694
"../../../Engine/Plugins/Developer/VisualStudioCodeSourceCodeAccess/Binaries/Win64/UnrealEditor.modules" 695
"../../../Engine/Plugins/Developer/VisualStudioSourceCodeAccess/Binaries/Win64/UnrealEditor.modules" 696
"../../../Engine/Plugins/Animation/AnimationModifierLibrary/Binaries/Win64/UnrealEditor.modules" 697
"../../../Engine/Plugins/Animation/BlendSpaceMotionAnalysis/Binaries/Win64/UnrealEditor.modules" 698
"../../../Engine/Plugins/Animation/ControlRigSpline/Binaries/Win64/UnrealEditor.modules" 699
"../../../Engine/Plugins/Animation/ControlRig/Binaries/Win64/UnrealEditor.modules" 700
"../../../Engine/Plugins/MovieScene/LevelSequenceEditor/Binaries/Win64/UnrealEditor.modules" 701
"../../../Engine/Plugins/MovieScene/SequencerScripting/Binaries/Win64/UnrealEditor.modules" 702
"../../../Engine/Plugins/Animation/IKRig/Binaries/Win64/UnrealEditor.modules" 703
"../../../Engine/Plugins/Experimental/FullBodyIK/Binaries/Win64/UnrealEditor.modules" 704
"../../../Engine/Plugins/Editor/BlueprintHeaderView/Binaries/Win64/UnrealEditor.modules" 705
"../../../Engine/Plugins/Editor/CryptoKeys/Binaries/Win64/UnrealEditor.modules" 706
"../../../Engine/Plugins/Editor/CurveEditorTools/Binaries/Win64/UnrealEditor.modules" 707
"../../../Engine/Plugins/Editor/EditorDebugTools/Binaries/Win64/UnrealEditor.modules" 708
"../../../Engine/Plugins/Editor/GeometryMode/Binaries/Win64/UnrealEditor.modules" 709
"../../../Engine/Plugins/Editor/FacialAnimation/Binaries/Win64/UnrealEditor.modules" 710
"../../../Engine/Plugins/Editor/MobileLauncherProfileWizard/Binaries/Win64/UnrealEditor.modules" 711
"../../../Engine/Plugins/Editor/MaterialAnalyzer/Binaries/Win64/UnrealEditor.modules" 712
"../../../Engine/Plugins/Editor/PluginBrowser/Binaries/Win64/UnrealEditor.modules" 713
"../../../Engine/Plugins/Editor/SequencerAnimTools/Binaries/Win64/UnrealEditor.modules" 714
"../../../Engine/Plugins/Editor/SpeedTreeImporter/Binaries/Win64/UnrealEditor.modules" 715
"../../../Engine/Plugins/Editor/WorldPartitionHLODUtilities/Binaries/Win64/UnrealEditor.modules" 716
"../../../Engine/Plugins/Messaging/UdpMessaging/Binaries/Win64/UnrealEditor.modules" 717
"../../../Engine/Plugins/Messaging/TcpMessaging/Binaries/Win64/UnrealEditor.modules" 718
"../../../Engine/Plugins/Experimental/AutomationUtils/Binaries/Win64/UnrealEditor.modules" 719
"../../../Engine/Plugins/Experimental/BackChannel/Binaries/Win64/UnrealEditor.modules" 720
"../../../Engine/Plugins/Experimental/ChaosCloth/Binaries/Win64/UnrealEditor.modules" 721
"../../../Engine/Plugins/Experimental/ChaosCaching/Binaries/Win64/UnrealEditor.modules" 722
"../../../Engine/Plugins/VirtualProduction/Takes/Binaries/Win64/UnrealEditor.modules" 723
"../../../Engine/Plugins/Experimental/ChaosNiagara/Binaries/Win64/UnrealEditor.modules" 724
"../../../Engine/Plugins/Experimental/ChaosSolverPlugin/Binaries/Win64/UnrealEditor.modules" 725
"../../../Engine/Plugins/Experimental/ChaosClothEditor/Binaries/Win64/UnrealEditor.modules" 726
"../../../Engine/Plugins/Experimental/ChaosEditor/Binaries/Win64/UnrealEditor.modules" 727
"../../../Engine/Plugins/Experimental/PlanarCutPlugin/Binaries/Win64/UnrealEditor.modules" 728
"../../../Engine/Plugins/Experimental/GeometryCollectionPlugin/Binaries/Win64/UnrealEditor.modules" 729
"../../../Engine/Plugins/Runtime/ProceduralMeshComponent/Binaries/Win64/UnrealEditor.modules" 730
"../../../Engine/Plugins/Experimental/Dataflow/Binaries/Win64/UnrealEditor.modules" 731
"../../../Engine/Plugins/Experimental/CharacterAI/Binaries/Win64/UnrealEditor.modules" 732
"../../../Engine/Plugins/Experimental/ChaosUserDataPT/Binaries/Win64/UnrealEditor.modules" 733
"../../../Engine/Plugins/Experimental/Iris/Binaries/Win64/UnrealEditor.modules" 734
"../../../Engine/Plugins/Experimental/OpenImageDenoise/Binaries/Win64/UnrealEditor.modules" 735
"../../../Engine/Plugins/Experimental/PlatformCrypto/Binaries/Win64/UnrealEditor.modules" 736
"../../../Engine/Plugins/Experimental/SkeletalReduction/Binaries/Win64/UnrealEditor.modules" 737
"../../../Engine/Plugins/Experimental/UVEditor/Binaries/Win64/UnrealEditor.modules" 738
"../../../Engine/Plugins/Compression/OodleNetwork/Binaries/Win64/UnrealEditor.modules" 739
"../../../Engine/Plugins/AI/EnvironmentQueryEditor/Binaries/Win64/UnrealEditor.modules" 740
"../../../Engine/Plugins/AI/AISupport/Binaries/Win64/UnrealEditor.modules" 741
"../../../Engine/Plugins/Portal/LauncherChunkInstaller/Binaries/Win64/UnrealEditor.modules" 742
"../../../Engine/Plugins/Importers/AlembicImporter/Binaries/Win64/UnrealEditor.modules" 743
"../../../Engine/Plugins/Runtime/GeometryCache/Binaries/Win64/UnrealEditor.modules" 744
"../../../Engine/Plugins/Online/OnlineBase/Binaries/Win64/UnrealEditor.modules" 745
"../../../Engine/Plugins/Online/OnlineSubsystem/Binaries/Win64/UnrealEditor.modules" 746
"../../../Engine/Plugins/Online/OnlineSubsystemNull/Binaries/Win64/UnrealEditor.modules" 747
"../../../Engine/Plugins/Online/OnlineSubsystemUtils/Binaries/Win64/UnrealEditor.modules" 748
"../../../Engine/Plugins/Online/OnlineServices/Binaries/Win64/UnrealEditor.modules" 749
"../../../Engine/Plugins/Cameras/CameraShakePreviewer/Binaries/Win64/UnrealEditor.modules" 750
"../../../Engine/Plugins/Cameras/GameplayCameras/Binaries/Win64/UnrealEditor.modules" 751
"../../../Engine/Plugins/MovieScene/TemplateSequence/Binaries/Win64/UnrealEditor.modules" 752
"../../../Engine/Plugins/Tests/InterchangeTests/Binaries/Win64/UnrealEditor.modules" 753
"../../../Engine/Plugins/Enterprise/DatasmithContent/Binaries/Win64/UnrealEditor.modules" 754
"../../../Engine/Plugins/Enterprise/GLTFExporter/Binaries/Win64/UnrealEditor.modules" 755
"../../../Engine/Plugins/MovieScene/ActorSequence/Binaries/Win64/UnrealEditor.modules" 756
"../../../Engine/Plugins/2D/Paper2D/Binaries/Win64/UnrealEditor.modules" 757
"../../../Engine/Plugins/Runtime/ActorLayerUtilities/Binaries/Win64/UnrealEditor.modules" 758
"../../../Engine/Plugins/Runtime/AndroidFileServer/Binaries/Win64/UnrealEditor.modules" 759
"../../../Engine/Plugins/Runtime/AndroidDeviceProfileSelector/Binaries/Win64/UnrealEditor.modules" 760
"../../../Engine/Plugins/Runtime/AndroidPermission/Binaries/Win64/UnrealEditor.modules" 761
"../../../Engine/Plugins/Runtime/AppleImageUtils/Binaries/Win64/UnrealEditor.modules" 762
"../../../Engine/Plugins/Runtime/AudioCapture/Binaries/Win64/UnrealEditor.modules" 763
"../../../Engine/Plugins/Runtime/AssetTags/Binaries/Win64/UnrealEditor.modules" 764
"../../../Engine/Plugins/Runtime/ArchVisCharacter/Binaries/Win64/UnrealEditor.modules" 765
"../../../Engine/Plugins/Runtime/CableComponent/Binaries/Win64/UnrealEditor.modules" 766
"../../../Engine/Plugins/Runtime/ChunkDownloader/Binaries/Win64/UnrealEditor.modules" 767
"../../../Engine/Plugins/Runtime/CustomMeshComponent/Binaries/Win64/UnrealEditor.modules" 768
"../../../Engine/Plugins/Runtime/ExampleDeviceProfileSelector/Binaries/Win64/UnrealEditor.modules" 769
"../../../Engine/Plugins/Runtime/GooglePAD/Binaries/Win64/UnrealEditor.modules" 770
"../../../Engine/Plugins/Runtime/InputDebugging/Binaries/Win64/UnrealEditor.modules" 771
"../../../Engine/Plugins/Runtime/LocationServicesBPLibrary/Binaries/Win64/UnrealEditor.modules" 772
"../../../Engine/Plugins/Runtime/Metasound/Binaries/Win64/UnrealEditor.modules" 773
"../../../Engine/Plugins/Runtime/AudioWidgets/Binaries/Win64/UnrealEditor.modules" 774
"../../../Engine/Plugins/Runtime/AudioSynesthesia/Binaries/Win64/UnrealEditor.modules" 775
"../../../Engine/Plugins/Runtime/WaveTable/Binaries/Win64/UnrealEditor.modules" 776
"../../../Engine/Plugins/Runtime/MobilePatchingUtils/Binaries/Win64/UnrealEditor.modules" 777
"../../../Engine/Plugins/Runtime/ResonanceAudio/Binaries/Win64/UnrealEditor.modules" 778
"../../../Engine/Plugins/Runtime/SoundFields/Binaries/Win64/UnrealEditor.modules" 779
"../../../Engine/Plugins/Runtime/Synthesis/Binaries/Win64/UnrealEditor.modules" 780
"../../../Engine/Plugins/Runtime/WebMMoviePlayer/Binaries/Win64/UnrealEditor.modules" 781
"../../../Engine/Plugins/Media/WebMMedia/Binaries/Win64/UnrealEditor.modules" 782
"../../../Engine/Plugins/Runtime/WindowsMoviePlayer/Binaries/Win64/UnrealEditor.modules" 783
"../../../Engine/Plugins/Runtime/WindowsDeviceProfileSelector/Binaries/Win64/UnrealEditor.modules" 784
"../../../Engine/Plugins/Editor/ContentBrowser/ContentBrowserAssetDataSource/Binaries/Win64/UnrealEditor.modules" 785
"../../../Engine/Plugins/Editor/ContentBrowser/ContentBrowserClassDataSource/Binaries/Win64/UnrealEditor.modules" 786
"../../../Engine/Plugins/Editor/ObjectMixer/LightMixer/Binaries/Win64/UnrealEditor.modules" 787
"../../../Engine/Plugins/Editor/ObjectMixer/ObjectMixer/Binaries/Win64/UnrealEditor.modules" 788
"E:/Workspace_ISECONVI/ISECONVI/Plugins/SpinePlugin/Binaries/Win64/UnrealEditor.modules" 789
"C:/Users/minls/AppData/Local/UnrealEngine/5.1/Saved/Config/WindowsEditor/SourceControlSettings.ini" 790
"../../../Engine/Content/Certificates/ThirdParty/cacert.pem" 791
"../../../Engine/Config/ConsoleVariables.ini" 792
"../../../Engine/Binaries/Win64/Android/UnrealEditor.modules" 793
"../../../Engine/Binaries/Win64/IOS/UnrealEditor.modules" 794
"../../../Engine/Binaries/Win64/Linux/UnrealEditor.modules" 795
"../../../Engine/Binaries/Win64/LinuxArm64/UnrealEditor.modules" 796
"E:\CustomEngine\UE_5.1\Engine\Binaries\ThirdParty\ShaderConductor\Win64\dxcompiler.dll" 797
"E:\CustomEngine\UE_5.1\Engine\Binaries\ThirdParty\ShaderConductor\Win64\dxil.dll" 798
"E:\CustomEngine\UE_5.1\Engine\Binaries\ThirdParty\ShaderConductor\Win64\ShaderConductor.dll" 799
"../../../Engine/Content/Localization/Editor/ko/Editor.locres" 800
"../../../Engine/Content/Localization/EditorTutorials/ko/EditorTutorials.locres" 801
"../../../Engine/Content/Localization/Keywords/ko/Keywords.locres" 802
"../../../Engine/Content/Localization/Category/ko/Category.locres" 803
"../../../Engine/Content/Localization/ToolTips/ko/ToolTips.locres" 804
"../../../Engine/Content/Localization/PropertyNames/ko/PropertyNames.locres" 805
"../../../Engine/Content/Localization/Engine/ko/Engine.locres" 806
"../../../Engine/Plugins/Online/OnlineSubsystem/Content/Localization/OnlineSubsystem/ko/OnlineSubsystem.locres" 807
"../../../Engine/Plugins/Online/OnlineSubsystemUtils/Content/Localization/OnlineSubsystemUtils/ko/OnlineSubsystemUtils.locres" 808
"../../../Engine/Plugins/Online/IOS/OnlineSubsystemIOS/Content/Localization/OnlineSubsystemIOS/ko/OnlineSubsystemIOS.locres" 809
"../../../Engine/Plugins/Online/Android/OnlineSubsystemGooglePlay/Content/Localization/OnlineSubsystemGooglePlay/ko/OnlineSubsystemGooglePlay.locres" 810
"../../../Engine/Content/Internationalization/icudt64l/numberingSystems.res" 811
"../../../Engine/Content/Internationalization/icudt64l/curr/supplementalData.res" 812
"../../../Engine/Content/Internationalization/icudt64l/curr/ko.res" 813
"../../../Engine/Content/Internationalization/icudt64l/curr/pool.res" 814
"../../../Engine/Content/Internationalization/icudt64l/curr/root.res" 815
"../../../Engine/Content/Internationalization/icudt64l/lang/af.res" 816
"../../../Engine/Content/Internationalization/icudt64l/region/af.res" 817
"../../../Engine/Content/Internationalization/icudt64l/lang/agq.res" 818
"../../../Engine/Content/Internationalization/icudt64l/region/agq.res" 819
"../../../Engine/Content/Internationalization/icudt64l/lang/ak.res" 820
"../../../Engine/Content/Internationalization/icudt64l/region/ak.res" 821
"../../../Engine/Content/Internationalization/icudt64l/lang/am.res" 822
"../../../Engine/Content/Internationalization/icudt64l/region/am.res" 823
"../../../Engine/Content/Internationalization/icudt64l/lang/ar.res" 824
"../../../Engine/Content/Internationalization/icudt64l/region/ar.res" 825
"../../../Engine/Content/Internationalization/icudt64l/region/ar_AE.res" 826
"../../../Engine/Content/Internationalization/icudt64l/lang/ar_EG.res" 827
"../../../Engine/Content/Internationalization/icudt64l/lang/ar_LY.res" 828
"../../../Engine/Content/Internationalization/icudt64l/region/ar_LY.res" 829
"../../../Engine/Content/Internationalization/icudt64l/lang/ar_SA.res" 830
"../../../Engine/Content/Internationalization/icudt64l/region/ar_SA.res" 831
"../../../Engine/Content/Internationalization/icudt64l/lang/as.res" 832
"../../../Engine/Content/Internationalization/icudt64l/region/as.res" 833
"../../../Engine/Content/Internationalization/icudt64l/lang/asa.res" 834
"../../../Engine/Content/Internationalization/icudt64l/region/asa.res" 835
"../../../Engine/Content/Internationalization/icudt64l/lang/ast.res" 836
"../../../Engine/Content/Internationalization/icudt64l/region/ast.res" 837
"../../../Engine/Content/Internationalization/icudt64l/lang/az.res" 838
"../../../Engine/Content/Internationalization/icudt64l/lang/az_Cyrl.res" 839
"../../../Engine/Content/Internationalization/icudt64l/lang/az_AZ.res" 840
"../../../Engine/Content/Internationalization/icudt64l/lang/az_Latn_AZ.res" 841
"../../../Engine/Content/Internationalization/icudt64l/lang/az_Latn.res" 842
"../../../Engine/Content/Internationalization/icudt64l/region/az_AZ.res" 843
"../../../Engine/Content/Internationalization/icudt64l/region/az_Latn_AZ.res" 844
"../../../Engine/Content/Internationalization/icudt64l/region/az_Latn.res" 845
"../../../Engine/Content/Internationalization/icudt64l/region/az.res" 846
"../../../Engine/Content/Internationalization/icudt64l/region/az_Cyrl.res" 847
"../../../Engine/Content/Internationalization/icudt64l/lang/bas.res" 848
"../../../Engine/Content/Internationalization/icudt64l/region/bas.res" 849
"../../../Engine/Content/Internationalization/icudt64l/lang/be.res" 850
"../../../Engine/Content/Internationalization/icudt64l/region/be.res" 851
"../../../Engine/Content/Internationalization/icudt64l/lang/bem.res" 852
"../../../Engine/Content/Internationalization/icudt64l/region/bem.res" 853
"../../../Engine/Content/Internationalization/icudt64l/lang/bez.res" 854
"../../../Engine/Content/Internationalization/icudt64l/region/bez.res" 855
"../../../Engine/Content/Internationalization/icudt64l/lang/bg.res" 856
"../../../Engine/Content/Internationalization/icudt64l/region/bg.res" 857
"../../../Engine/Content/Internationalization/icudt64l/lang/bm.res" 858
"../../../Engine/Content/Internationalization/icudt64l/region/bm.res" 859
"../../../Engine/Content/Internationalization/icudt64l/lang/bn.res" 860
"../../../Engine/Content/Internationalization/icudt64l/region/bn.res" 861
"../../../Engine/Content/Internationalization/icudt64l/lang/bn_IN.res" 862
"../../../Engine/Content/Internationalization/icudt64l/region/bn_IN.res" 863
"../../../Engine/Content/Internationalization/icudt64l/lang/bo.res" 864
"../../../Engine/Content/Internationalization/icudt64l/region/bo.res" 865
"../../../Engine/Content/Internationalization/icudt64l/region/bo_IN.res" 866
"../../../Engine/Content/Internationalization/icudt64l/lang/br.res" 867
"../../../Engine/Content/Internationalization/icudt64l/region/br.res" 868
"../../../Engine/Content/Internationalization/icudt64l/lang/brx.res" 869
"../../../Engine/Content/Internationalization/icudt64l/region/brx.res" 870
"../../../Engine/Content/Internationalization/icudt64l/lang/bs.res" 871
"../../../Engine/Content/Internationalization/icudt64l/lang/bs_Cyrl.res" 872
"../../../Engine/Content/Internationalization/icudt64l/lang/bs_BA.res" 873
"../../../Engine/Content/Internationalization/icudt64l/lang/bs_Latn_BA.res" 874
"../../../Engine/Content/Internationalization/icudt64l/lang/bs_Latn.res" 875
"../../../Engine/Content/Internationalization/icudt64l/region/bs_BA.res" 876
"../../../Engine/Content/Internationalization/icudt64l/region/bs_Latn_BA.res" 877
"../../../Engine/Content/Internationalization/icudt64l/region/bs_Latn.res" 878
"../../../Engine/Content/Internationalization/icudt64l/region/bs.res" 879
"../../../Engine/Content/Internationalization/icudt64l/region/bs_Cyrl.res" 880
"../../../Engine/Content/Internationalization/icudt64l/lang/ca.res" 881
"../../../Engine/Content/Internationalization/icudt64l/region/ca.res" 882
"../../../Engine/Content/Internationalization/icudt64l/lang/ccp.res" 883
"../../../Engine/Content/Internationalization/icudt64l/region/ccp.res" 884
"../../../Engine/Content/Internationalization/icudt64l/lang/ce.res" 885
"../../../Engine/Content/Internationalization/icudt64l/region/ce.res" 886
"../../../Engine/Content/Internationalization/icudt64l/lang/ceb.res" 887
"../../../Engine/Content/Internationalization/icudt64l/region/ceb.res" 888
"../../../Engine/Content/Internationalization/icudt64l/lang/cgg.res" 889
"../../../Engine/Content/Internationalization/icudt64l/region/cgg.res" 890
"../../../Engine/Content/Internationalization/icudt64l/lang/chr.res" 891
"../../../Engine/Content/Internationalization/icudt64l/region/chr.res" 892
"../../../Engine/Content/Internationalization/icudt64l/lang/ckb.res" 893
"../../../Engine/Content/Internationalization/icudt64l/region/ckb.res" 894
"../../../Engine/Content/Internationalization/icudt64l/lang/cs.res" 895
"../../../Engine/Content/Internationalization/icudt64l/region/cs.res" 896
"../../../Engine/Content/Internationalization/icudt64l/lang/cy.res" 897
"../../../Engine/Content/Internationalization/icudt64l/region/cy.res" 898
"../../../Engine/Content/Internationalization/icudt64l/lang/da.res" 899
"../../../Engine/Content/Internationalization/icudt64l/region/da.res" 900
"../../../Engine/Content/Internationalization/icudt64l/lang/dav.res" 901
"../../../Engine/Content/Internationalization/icudt64l/region/dav.res" 902
"../../../Engine/Content/Internationalization/icudt64l/lang/de.res" 903
"../../../Engine/Content/Internationalization/icudt64l/lang/de_AT.res" 904
"../../../Engine/Content/Internationalization/icudt64l/region/de_AT.res" 905
"../../../Engine/Content/Internationalization/icudt64l/region/de.res" 906
"../../../Engine/Content/Internationalization/icudt64l/lang/de_CH.res" 907
"../../../Engine/Content/Internationalization/icudt64l/region/de_CH.res" 908
"../../../Engine/Content/Internationalization/icudt64l/lang/de_LU.res" 909
"../../../Engine/Content/Internationalization/icudt64l/lang/dje.res" 910
"../../../Engine/Content/Internationalization/icudt64l/region/dje.res" 911
"../../../Engine/Content/Internationalization/icudt64l/lang/dsb.res" 912
"../../../Engine/Content/Internationalization/icudt64l/region/dsb.res" 913
"../../../Engine/Content/Internationalization/icudt64l/lang/dua.res" 914
"../../../Engine/Content/Internationalization/icudt64l/region/dua.res" 915
"../../../Engine/Content/Internationalization/icudt64l/lang/dyo.res" 916
"../../../Engine/Content/Internationalization/icudt64l/region/dyo.res" 917
"../../../Engine/Content/Internationalization/icudt64l/lang/dz.res" 918
"../../../Engine/Content/Internationalization/icudt64l/region/dz.res" 919
"../../../Engine/Content/Internationalization/icudt64l/lang/ebu.res" 920
"../../../Engine/Content/Internationalization/icudt64l/region/ebu.res" 921
"../../../Engine/Content/Internationalization/icudt64l/lang/ee.res" 922
"../../../Engine/Content/Internationalization/icudt64l/region/ee.res" 923
"../../../Engine/Content/Internationalization/icudt64l/lang/el.res" 924
"../../../Engine/Content/Internationalization/icudt64l/region/el.res" 925
"../../../Engine/Content/Internationalization/icudt64l/lang/en_001.res" 926
"../../../Engine/Content/Internationalization/icudt64l/lang/en_150.res" 927
"../../../Engine/Content/Internationalization/icudt64l/region/en_150.res" 928
"../../../Engine/Content/Internationalization/icudt64l/lang/en_AG.res" 929
"../../../Engine/Content/Internationalization/icudt64l/region/en_AG.res" 930
"../../../Engine/Content/Internationalization/icudt64l/lang/en_AI.res" 931
"../../../Engine/Content/Internationalization/icudt64l/region/en_AI.res" 932
"../../../Engine/Content/Internationalization/icudt64l/lang/en_AT.res" 933
"../../../Engine/Content/Internationalization/icudt64l/region/en_AT.res" 934
"../../../Engine/Content/Internationalization/icudt64l/lang/en_AU.res" 935
"../../../Engine/Content/Internationalization/icudt64l/region/en_AU.res" 936
"../../../Engine/Content/Internationalization/icudt64l/lang/en_BB.res" 937
"../../../Engine/Content/Internationalization/icudt64l/region/en_BB.res" 938
"../../../Engine/Content/Internationalization/icudt64l/lang/en_BE.res" 939
"../../../Engine/Content/Internationalization/icudt64l/region/en_BE.res" 940
"../../../Engine/Content/Internationalization/icudt64l/lang/en_BM.res" 941
"../../../Engine/Content/Internationalization/icudt64l/region/en_BM.res" 942
"../../../Engine/Content/Internationalization/icudt64l/lang/en_BS.res" 943
"../../../Engine/Content/Internationalization/icudt64l/region/en_BS.res" 944
"../../../Engine/Content/Internationalization/icudt64l/lang/en_BW.res" 945
"../../../Engine/Content/Internationalization/icudt64l/region/en_BW.res" 946
"../../../Engine/Content/Internationalization/icudt64l/lang/en_BZ.res" 947
"../../../Engine/Content/Internationalization/icudt64l/region/en_BZ.res" 948
"../../../Engine/Content/Internationalization/icudt64l/lang/en_CA.res" 949
"../../../Engine/Content/Internationalization/icudt64l/region/en_CA.res" 950
"../../../Engine/Content/Internationalization/icudt64l/lang/en_CC.res" 951
"../../../Engine/Content/Internationalization/icudt64l/region/en_CC.res" 952
"../../../Engine/Content/Internationalization/icudt64l/lang/en_CH.res" 953
"../../../Engine/Content/Internationalization/icudt64l/region/en_CH.res" 954
"../../../Engine/Content/Internationalization/icudt64l/lang/en_CK.res" 955
"../../../Engine/Content/Internationalization/icudt64l/region/en_CK.res" 956
"../../../Engine/Content/Internationalization/icudt64l/lang/en_CM.res" 957
"../../../Engine/Content/Internationalization/icudt64l/region/en_CM.res" 958
"../../../Engine/Content/Internationalization/icudt64l/lang/en_CX.res" 959
"../../../Engine/Content/Internationalization/icudt64l/region/en_CX.res" 960
"../../../Engine/Content/Internationalization/icudt64l/lang/en_CY.res" 961
"../../../Engine/Content/Internationalization/icudt64l/region/en_CY.res" 962
"../../../Engine/Content/Internationalization/icudt64l/lang/en_DE.res" 963
"../../../Engine/Content/Internationalization/icudt64l/region/en_DE.res" 964
"../../../Engine/Content/Internationalization/icudt64l/lang/en_DG.res" 965
"../../../Engine/Content/Internationalization/icudt64l/region/en_DG.res" 966
"../../../Engine/Content/Internationalization/icudt64l/lang/en_DK.res" 967
"../../../Engine/Content/Internationalization/icudt64l/region/en_DK.res" 968
"../../../Engine/Content/Internationalization/icudt64l/lang/en_DM.res" 969
"../../../Engine/Content/Internationalization/icudt64l/region/en_DM.res" 970
"../../../Engine/Content/Internationalization/icudt64l/lang/en_ER.res" 971
"../../../Engine/Content/Internationalization/icudt64l/region/en_ER.res" 972
"../../../Engine/Content/Internationalization/icudt64l/lang/en_FI.res" 973
"../../../Engine/Content/Internationalization/icudt64l/region/en_FI.res" 974
"../../../Engine/Content/Internationalization/icudt64l/lang/en_FJ.res" 975
"../../../Engine/Content/Internationalization/icudt64l/region/en_FJ.res" 976
"../../../Engine/Content/Internationalization/icudt64l/lang/en_FK.res" 977
"../../../Engine/Content/Internationalization/icudt64l/region/en_FK.res" 978
"../../../Engine/Content/Internationalization/icudt64l/lang/en_FM.res" 979
"../../../Engine/Content/Internationalization/icudt64l/region/en_FM.res" 980
"../../../Engine/Content/Internationalization/icudt64l/lang/en_GB.res" 981
"../../../Engine/Content/Internationalization/icudt64l/region/en_GB.res" 982
"../../../Engine/Content/Internationalization/icudt64l/lang/en_GD.res" 983
"../../../Engine/Content/Internationalization/icudt64l/region/en_GD.res" 984
"../../../Engine/Content/Internationalization/icudt64l/lang/en_GG.res" 985
"../../../Engine/Content/Internationalization/icudt64l/region/en_GG.res" 986
"../../../Engine/Content/Internationalization/icudt64l/lang/en_GH.res" 987
"../../../Engine/Content/Internationalization/icudt64l/region/en_GH.res" 988
"../../../Engine/Content/Internationalization/icudt64l/lang/en_GI.res" 989
"../../../Engine/Content/Internationalization/icudt64l/region/en_GI.res" 990
"../../../Engine/Content/Internationalization/icudt64l/lang/en_GM.res" 991
"../../../Engine/Content/Internationalization/icudt64l/region/en_GM.res" 992
"../../../Engine/Content/Internationalization/icudt64l/lang/en_GY.res" 993
"../../../Engine/Content/Internationalization/icudt64l/region/en_GY.res" 994
"../../../Engine/Content/Internationalization/icudt64l/lang/en_HK.res" 995
"../../../Engine/Content/Internationalization/icudt64l/region/en_HK.res" 996
"../../../Engine/Content/Internationalization/icudt64l/lang/en_IE.res" 997
"../../../Engine/Content/Internationalization/icudt64l/region/en_IE.res" 998
"../../../Engine/Content/Internationalization/icudt64l/lang/en_IL.res" 999
"../../../Engine/Content/Internationalization/icudt64l/region/en_IL.res" 1000
"../../../Engine/Content/Internationalization/icudt64l/lang/en_IM.res" 1001
"../../../Engine/Content/Internationalization/icudt64l/region/en_IM.res" 1002
"../../../Engine/Content/Internationalization/icudt64l/lang/en_IN.res" 1003
"../../../Engine/Content/Internationalization/icudt64l/region/en_IN.res" 1004
"../../../Engine/Content/Internationalization/icudt64l/lang/en_IO.res" 1005
"../../../Engine/Content/Internationalization/icudt64l/region/en_IO.res" 1006
"../../../Engine/Content/Internationalization/icudt64l/lang/en_JE.res" 1007
"../../../Engine/Content/Internationalization/icudt64l/region/en_JE.res" 1008
"../../../Engine/Content/Internationalization/icudt64l/lang/en_JM.res" 1009
"../../../Engine/Content/Internationalization/icudt64l/region/en_JM.res" 1010
"../../../Engine/Content/Internationalization/icudt64l/lang/en_KE.res" 1011
"../../../Engine/Content/Internationalization/icudt64l/region/en_KE.res" 1012
"../../../Engine/Content/Internationalization/icudt64l/lang/en_KI.res" 1013
"../../../Engine/Content/Internationalization/icudt64l/region/en_KI.res" 1014
"../../../Engine/Content/Internationalization/icudt64l/lang/en_KN.res" 1015
"../../../Engine/Content/Internationalization/icudt64l/region/en_KN.res" 1016
"../../../Engine/Content/Internationalization/icudt64l/lang/en_KY.res" 1017
"../../../Engine/Content/Internationalization/icudt64l/region/en_KY.res" 1018
"../../../Engine/Content/Internationalization/icudt64l/lang/en_LC.res" 1019
"../../../Engine/Content/Internationalization/icudt64l/region/en_LC.res" 1020
"../../../Engine/Content/Internationalization/icudt64l/lang/en_LR.res" 1021
"../../../Engine/Content/Internationalization/icudt64l/region/en_LR.res" 1022
"../../../Engine/Content/Internationalization/icudt64l/lang/en_LS.res" 1023
"../../../Engine/Content/Internationalization/icudt64l/region/en_LS.res" 1024
"../../../Engine/Content/Internationalization/icudt64l/lang/en_MG.res" 1025
"../../../Engine/Content/Internationalization/icudt64l/region/en_MG.res" 1026
"../../../Engine/Content/Internationalization/icudt64l/lang/en_MO.res" 1027
"../../../Engine/Content/Internationalization/icudt64l/region/en_MO.res" 1028
"../../../Engine/Content/Internationalization/icudt64l/lang/en_MS.res" 1029
"../../../Engine/Content/Internationalization/icudt64l/region/en_MS.res" 1030
"../../../Engine/Content/Internationalization/icudt64l/lang/en_MT.res" 1031
"../../../Engine/Content/Internationalization/icudt64l/region/en_MT.res" 1032
"../../../Engine/Content/Internationalization/icudt64l/lang/en_MU.res" 1033
"../../../Engine/Content/Internationalization/icudt64l/region/en_MU.res" 1034
"../../../Engine/Content/Internationalization/icudt64l/lang/en_MW.res" 1035
"../../../Engine/Content/Internationalization/icudt64l/region/en_MW.res" 1036
"../../../Engine/Content/Internationalization/icudt64l/lang/en_MY.res" 1037
"../../../Engine/Content/Internationalization/icudt64l/region/en_MY.res" 1038
"../../../Engine/Content/Internationalization/icudt64l/lang/en_NA.res" 1039
"../../../Engine/Content/Internationalization/icudt64l/region/en_NA.res" 1040
"../../../Engine/Content/Internationalization/icudt64l/lang/en_NF.res" 1041
"../../../Engine/Content/Internationalization/icudt64l/region/en_NF.res" 1042
"../../../Engine/Content/Internationalization/icudt64l/lang/en_NG.res" 1043
"../../../Engine/Content/Internationalization/icudt64l/region/en_NG.res" 1044
"../../../Engine/Content/Internationalization/icudt64l/lang/en_NL.res" 1045
"../../../Engine/Content/Internationalization/icudt64l/region/en_NL.res" 1046
"../../../Engine/Content/Internationalization/icudt64l/lang/en_NR.res" 1047
"../../../Engine/Content/Internationalization/icudt64l/region/en_NR.res" 1048
"../../../Engine/Content/Internationalization/icudt64l/lang/en_NU.res" 1049
"../../../Engine/Content/Internationalization/icudt64l/region/en_NU.res" 1050
"../../../Engine/Content/Internationalization/icudt64l/lang/en_NZ.res" 1051
"../../../Engine/Content/Internationalization/icudt64l/region/en_NZ.res" 1052
"../../../Engine/Content/Internationalization/icudt64l/lang/en_PG.res" 1053
"../../../Engine/Content/Internationalization/icudt64l/region/en_PG.res" 1054
"../../../Engine/Content/Internationalization/icudt64l/lang/en_PH.res" 1055
"../../../Engine/Content/Internationalization/icudt64l/region/en_PH.res" 1056
"../../../Engine/Content/Internationalization/icudt64l/lang/en_PK.res" 1057
"../../../Engine/Content/Internationalization/icudt64l/region/en_PK.res" 1058
"../../../Engine/Content/Internationalization/icudt64l/lang/en_PN.res" 1059
"../../../Engine/Content/Internationalization/icudt64l/region/en_PN.res" 1060
"../../../Engine/Content/Internationalization/icudt64l/lang/en_PW.res" 1061
"../../../Engine/Content/Internationalization/icudt64l/region/en_PW.res" 1062
"../../../Engine/Content/Internationalization/icudt64l/lang/en_RW.res" 1063
"../../../Engine/Content/Internationalization/icudt64l/region/en_RW.res" 1064
"../../../Engine/Content/Internationalization/icudt64l/lang/en_SB.res" 1065
"../../../Engine/Content/Internationalization/icudt64l/region/en_SB.res" 1066
"../../../Engine/Content/Internationalization/icudt64l/lang/en_SC.res" 1067
"../../../Engine/Content/Internationalization/icudt64l/region/en_SC.res" 1068
"../../../Engine/Content/Internationalization/icudt64l/lang/en_SD.res" 1069
"../../../Engine/Content/Internationalization/icudt64l/region/en_SD.res" 1070
"../../../Engine/Content/Internationalization/icudt64l/lang/en_SE.res" 1071
"../../../Engine/Content/Internationalization/icudt64l/region/en_SE.res" 1072
"../../../Engine/Content/Internationalization/icudt64l/lang/en_SG.res" 1073
"../../../Engine/Content/Internationalization/icudt64l/region/en_SG.res" 1074
"../../../Engine/Content/Internationalization/icudt64l/lang/en_SH.res" 1075
"../../../Engine/Content/Internationalization/icudt64l/region/en_SH.res" 1076
"../../../Engine/Content/Internationalization/icudt64l/lang/en_SI.res" 1077
"../../../Engine/Content/Internationalization/icudt64l/region/en_SI.res" 1078
"../../../Engine/Content/Internationalization/icudt64l/lang/en_SL.res" 1079
"../../../Engine/Content/Internationalization/icudt64l/region/en_SL.res" 1080
"../../../Engine/Content/Internationalization/icudt64l/lang/en_SS.res" 1081
"../../../Engine/Content/Internationalization/icudt64l/region/en_SS.res" 1082
"../../../Engine/Content/Internationalization/icudt64l/lang/en_SX.res" 1083
"../../../Engine/Content/Internationalization/icudt64l/region/en_SX.res" 1084
"../../../Engine/Content/Internationalization/icudt64l/lang/en_SZ.res" 1085
"../../../Engine/Content/Internationalization/icudt64l/region/en_SZ.res" 1086
"../../../Engine/Content/Internationalization/icudt64l/lang/en_TC.res" 1087
"../../../Engine/Content/Internationalization/icudt64l/region/en_TC.res" 1088
"../../../Engine/Content/Internationalization/icudt64l/lang/en_TK.res" 1089
"../../../Engine/Content/Internationalization/icudt64l/region/en_TK.res" 1090
"../../../Engine/Content/Internationalization/icudt64l/lang/en_TO.res" 1091
"../../../Engine/Content/Internationalization/icudt64l/region/en_TO.res" 1092
"../../../Engine/Content/Internationalization/icudt64l/lang/en_TT.res" 1093
"../../../Engine/Content/Internationalization/icudt64l/region/en_TT.res" 1094
"../../../Engine/Content/Internationalization/icudt64l/lang/en_TV.res" 1095
"../../../Engine/Content/Internationalization/icudt64l/region/en_TV.res" 1096
"../../../Engine/Content/Internationalization/icudt64l/lang/en_TZ.res" 1097
"../../../Engine/Content/Internationalization/icudt64l/region/en_TZ.res" 1098
"../../../Engine/Content/Internationalization/icudt64l/lang/en_UG.res" 1099
"../../../Engine/Content/Internationalization/icudt64l/region/en_UG.res" 1100
"../../../Engine/Content/Internationalization/icudt64l/lang/en_VC.res" 1101
"../../../Engine/Content/Internationalization/icudt64l/region/en_VC.res" 1102
"../../../Engine/Content/Internationalization/icudt64l/lang/en_VG.res" 1103
"../../../Engine/Content/Internationalization/icudt64l/region/en_VG.res" 1104
"../../../Engine/Content/Internationalization/icudt64l/lang/en_VU.res" 1105
"../../../Engine/Content/Internationalization/icudt64l/region/en_VU.res" 1106
"../../../Engine/Content/Internationalization/icudt64l/lang/en_WS.res" 1107
"../../../Engine/Content/Internationalization/icudt64l/region/en_WS.res" 1108
"../../../Engine/Content/Internationalization/icudt64l/lang/en_ZA.res" 1109
"../../../Engine/Content/Internationalization/icudt64l/region/en_ZA.res" 1110
"../../../Engine/Content/Internationalization/icudt64l/lang/en_ZM.res" 1111
"../../../Engine/Content/Internationalization/icudt64l/region/en_ZM.res" 1112
"../../../Engine/Content/Internationalization/icudt64l/lang/en_ZW.res" 1113
"../../../Engine/Content/Internationalization/icudt64l/region/en_ZW.res" 1114
"../../../Engine/Content/Internationalization/icudt64l/lang/eo.res" 1115
"../../../Engine/Content/Internationalization/icudt64l/region/eo.res" 1116
"../../../Engine/Content/Internationalization/icudt64l/lang/es.res" 1117
"../../../Engine/Content/Internationalization/icudt64l/lang/es_419.res" 1118
"../../../Engine/Content/Internationalization/icudt64l/region/es_419.res" 1119
"../../../Engine/Content/Internationalization/icudt64l/region/es.res" 1120
"../../../Engine/Content/Internationalization/icudt64l/lang/es_AR.res" 1121
"../../../Engine/Content/Internationalization/icudt64l/region/es_AR.res" 1122
"../../../Engine/Content/Internationalization/icudt64l/lang/es_BO.res" 1123
"../../../Engine/Content/Internationalization/icudt64l/region/es_BO.res" 1124
"../../../Engine/Content/Internationalization/icudt64l/lang/es_BR.res" 1125
"../../../Engine/Content/Internationalization/icudt64l/region/es_BR.res" 1126
"../../../Engine/Content/Internationalization/icudt64l/lang/es_BZ.res" 1127
"../../../Engine/Content/Internationalization/icudt64l/region/es_BZ.res" 1128
"../../../Engine/Content/Internationalization/icudt64l/lang/es_CL.res" 1129
"../../../Engine/Content/Internationalization/icudt64l/region/es_CL.res" 1130
"../../../Engine/Content/Internationalization/icudt64l/lang/es_CO.res" 1131
"../../../Engine/Content/Internationalization/icudt64l/region/es_CO.res" 1132
"../../../Engine/Content/Internationalization/icudt64l/lang/es_CR.res" 1133
"../../../Engine/Content/Internationalization/icudt64l/region/es_CR.res" 1134
"../../../Engine/Content/Internationalization/icudt64l/lang/es_CU.res" 1135
"../../../Engine/Content/Internationalization/icudt64l/region/es_CU.res" 1136
"../../../Engine/Content/Internationalization/icudt64l/lang/es_DO.res" 1137
"../../../Engine/Content/Internationalization/icudt64l/region/es_DO.res" 1138
"../../../Engine/Content/Internationalization/icudt64l/lang/es_EC.res" 1139
"../../../Engine/Content/Internationalization/icudt64l/region/es_EC.res" 1140
"../../../Engine/Content/Internationalization/icudt64l/lang/es_GT.res" 1141
"../../../Engine/Content/Internationalization/icudt64l/region/es_GT.res" 1142
"../../../Engine/Content/Internationalization/icudt64l/lang/es_HN.res" 1143
"../../../Engine/Content/Internationalization/icudt64l/region/es_HN.res" 1144
"../../../Engine/Content/Internationalization/icudt64l/lang/es_MX.res" 1145
"../../../Engine/Content/Internationalization/icudt64l/region/es_MX.res" 1146
"../../../Engine/Content/Internationalization/icudt64l/lang/es_NI.res" 1147
"../../../Engine/Content/Internationalization/icudt64l/region/es_NI.res" 1148
"../../../Engine/Content/Internationalization/icudt64l/lang/es_PA.res" 1149
"../../../Engine/Content/Internationalization/icudt64l/region/es_PA.res" 1150
"../../../Engine/Content/Internationalization/icudt64l/lang/es_PE.res" 1151
"../../../Engine/Content/Internationalization/icudt64l/region/es_PE.res" 1152
"../../../Engine/Content/Internationalization/icudt64l/lang/es_PR.res" 1153
"../../../Engine/Content/Internationalization/icudt64l/region/es_PR.res" 1154
"../../../Engine/Content/Internationalization/icudt64l/lang/es_PY.res" 1155
"../../../Engine/Content/Internationalization/icudt64l/region/es_PY.res" 1156
"../../../Engine/Content/Internationalization/icudt64l/lang/es_SV.res" 1157
"../../../Engine/Content/Internationalization/icudt64l/region/es_SV.res" 1158
"../../../Engine/Content/Internationalization/icudt64l/lang/es_US.res" 1159
"../../../Engine/Content/Internationalization/icudt64l/region/es_US.res" 1160
"../../../Engine/Content/Internationalization/icudt64l/lang/es_UY.res" 1161
"../../../Engine/Content/Internationalization/icudt64l/region/es_UY.res" 1162
"../../../Engine/Content/Internationalization/icudt64l/lang/es_VE.res" 1163
"../../../Engine/Content/Internationalization/icudt64l/region/es_VE.res" 1164
"../../../Engine/Content/Internationalization/icudt64l/lang/et.res" 1165
"../../../Engine/Content/Internationalization/icudt64l/region/et.res" 1166
"../../../Engine/Content/Internationalization/icudt64l/lang/eu.res" 1167
"../../../Engine/Content/Internationalization/icudt64l/region/eu.res" 1168
"../../../Engine/Content/Internationalization/icudt64l/lang/ewo.res" 1169
"../../../Engine/Content/Internationalization/icudt64l/region/ewo.res" 1170
"../../../Engine/Content/Internationalization/icudt64l/lang/fa.res" 1171
"../../../Engine/Content/Internationalization/icudt64l/lang/fa_AF.res" 1172
"../../../Engine/Content/Internationalization/icudt64l/region/fa_AF.res" 1173
"../../../Engine/Content/Internationalization/icudt64l/region/fa.res" 1174
"../../../Engine/Content/Internationalization/icudt64l/lang/ff.res" 1175
"../../../Engine/Content/Internationalization/icudt64l/lang/ff_Latn.res" 1176
"../../../Engine/Content/Internationalization/icudt64l/region/ff.res" 1177
"../../../Engine/Content/Internationalization/icudt64l/region/ff_Latn.res" 1178
"../../../Engine/Content/Internationalization/icudt64l/lang/ff_CM.res" 1179
"../../../Engine/Content/Internationalization/icudt64l/lang/ff_Latn_CM.res" 1180
"../../../Engine/Content/Internationalization/icudt64l/region/ff_CM.res" 1181
"../../../Engine/Content/Internationalization/icudt64l/region/ff_Latn_CM.res" 1182
"../../../Engine/Content/Internationalization/icudt64l/lang/ff_GN.res" 1183
"../../../Engine/Content/Internationalization/icudt64l/lang/ff_Latn_GN.res" 1184
"../../../Engine/Content/Internationalization/icudt64l/region/ff_GN.res" 1185
"../../../Engine/Content/Internationalization/icudt64l/region/ff_Latn_GN.res" 1186
"../../../Engine/Content/Internationalization/icudt64l/lang/ff_MR.res" 1187
"../../../Engine/Content/Internationalization/icudt64l/lang/ff_Latn_MR.res" 1188
"../../../Engine/Content/Internationalization/icudt64l/region/ff_MR.res" 1189
"../../../Engine/Content/Internationalization/icudt64l/region/ff_Latn_MR.res" 1190
"../../../Engine/Content/Internationalization/icudt64l/lang/ff_SN.res" 1191
"../../../Engine/Content/Internationalization/icudt64l/lang/ff_Latn_SN.res" 1192
"../../../Engine/Content/Internationalization/icudt64l/region/ff_SN.res" 1193
"../../../Engine/Content/Internationalization/icudt64l/region/ff_Latn_SN.res" 1194
"../../../Engine/Content/Internationalization/icudt64l/lang/fi.res" 1195
"../../../Engine/Content/Internationalization/icudt64l/region/fi.res" 1196
"../../../Engine/Content/Internationalization/icudt64l/lang/fil.res" 1197
"../../../Engine/Content/Internationalization/icudt64l/lang/fil_PH.res" 1198
"../../../Engine/Content/Internationalization/icudt64l/region/fil_PH.res" 1199
"../../../Engine/Content/Internationalization/icudt64l/region/fil.res" 1200
"../../../Engine/Content/Internationalization/icudt64l/lang/fo.res" 1201
"../../../Engine/Content/Internationalization/icudt64l/region/fo.res" 1202
"../../../Engine/Content/Internationalization/icudt64l/lang/fr.res" 1203
"../../../Engine/Content/Internationalization/icudt64l/lang/fr_BE.res" 1204
"../../../Engine/Content/Internationalization/icudt64l/region/fr_BE.res" 1205
"../../../Engine/Content/Internationalization/icudt64l/region/fr.res" 1206
"../../../Engine/Content/Internationalization/icudt64l/lang/fr_CA.res" 1207
"../../../Engine/Content/Internationalization/icudt64l/region/fr_CA.res" 1208
"../../../Engine/Content/Internationalization/icudt64l/lang/fr_CH.res" 1209
"../../../Engine/Content/Internationalization/icudt64l/lang/fur.res" 1210
"../../../Engine/Content/Internationalization/icudt64l/region/fur.res" 1211
"../../../Engine/Content/Internationalization/icudt64l/lang/fy.res" 1212
"../../../Engine/Content/Internationalization/icudt64l/region/fy.res" 1213
"../../../Engine/Content/Internationalization/icudt64l/lang/ga.res" 1214
"../../../Engine/Content/Internationalization/icudt64l/region/ga.res" 1215
"../../../Engine/Content/Internationalization/icudt64l/lang/gd.res" 1216
"../../../Engine/Content/Internationalization/icudt64l/region/gd.res" 1217
"../../../Engine/Content/Internationalization/icudt64l/lang/gl.res" 1218
"../../../Engine/Content/Internationalization/icudt64l/region/gl.res" 1219
"../../../Engine/Content/Internationalization/icudt64l/lang/gsw.res" 1220
"../../../Engine/Content/Internationalization/icudt64l/region/gsw.res" 1221
"../../../Engine/Content/Internationalization/icudt64l/lang/gu.res" 1222
"../../../Engine/Content/Internationalization/icudt64l/region/gu.res" 1223
"../../../Engine/Content/Internationalization/icudt64l/lang/guz.res" 1224
"../../../Engine/Content/Internationalization/icudt64l/region/guz.res" 1225
"../../../Engine/Content/Internationalization/icudt64l/lang/gv.res" 1226
"../../../Engine/Content/Internationalization/icudt64l/region/gv.res" 1227
"../../../Engine/Content/Internationalization/icudt64l/lang/ha.res" 1228
"../../../Engine/Content/Internationalization/icudt64l/region/ha.res" 1229
"../../../Engine/Content/Internationalization/icudt64l/lang/ha_NE.res" 1230
"../../../Engine/Content/Internationalization/icudt64l/region/ha_NE.res" 1231
"../../../Engine/Content/Internationalization/icudt64l/lang/haw.res" 1232
"../../../Engine/Content/Internationalization/icudt64l/region/haw.res" 1233
"../../../Engine/Content/Internationalization/icudt64l/lang/he.res" 1234
"../../../Engine/Content/Internationalization/icudt64l/lang/he_IL.res" 1235
"../../../Engine/Content/Internationalization/icudt64l/region/he_IL.res" 1236
"../../../Engine/Content/Internationalization/icudt64l/region/he.res" 1237
"../../../Engine/Content/Internationalization/icudt64l/lang/hi.res" 1238
"../../../Engine/Content/Internationalization/icudt64l/region/hi.res" 1239
"../../../Engine/Content/Internationalization/icudt64l/lang/hr.res" 1240
"../../../Engine/Content/Internationalization/icudt64l/region/hr.res" 1241
"../../../Engine/Content/Internationalization/icudt64l/lang/hsb.res" 1242
"../../../Engine/Content/Internationalization/icudt64l/region/hsb.res" 1243
"../../../Engine/Content/Internationalization/icudt64l/lang/hu.res" 1244
"../../../Engine/Content/Internationalization/icudt64l/region/hu.res" 1245
"../../../Engine/Content/Internationalization/icudt64l/lang/hy.res" 1246
"../../../Engine/Content/Internationalization/icudt64l/region/hy.res" 1247
"../../../Engine/Content/Internationalization/icudt64l/lang/ia.res" 1248
"../../../Engine/Content/Internationalization/icudt64l/region/ia.res" 1249
"../../../Engine/Content/Internationalization/icudt64l/lang/id.res" 1250
"../../../Engine/Content/Internationalization/icudt64l/lang/id_ID.res" 1251
"../../../Engine/Content/Internationalization/icudt64l/region/id_ID.res" 1252
"../../../Engine/Content/Internationalization/icudt64l/region/id.res" 1253
"../../../Engine/Content/Internationalization/icudt64l/lang/ig.res" 1254
"../../../Engine/Content/Internationalization/icudt64l/region/ig.res" 1255
"../../../Engine/Content/Internationalization/icudt64l/lang/ii.res" 1256
"../../../Engine/Content/Internationalization/icudt64l/region/ii.res" 1257
"../../../Engine/Content/Internationalization/icudt64l/lang/is.res" 1258
"../../../Engine/Content/Internationalization/icudt64l/region/is.res" 1259
"../../../Engine/Content/Internationalization/icudt64l/lang/it.res" 1260
"../../../Engine/Content/Internationalization/icudt64l/region/it.res" 1261
"../../../Engine/Content/Internationalization/icudt64l/lang/ja.res" 1262
"../../../Engine/Content/Internationalization/icudt64l/lang/ja_JP.res" 1263
"../../../Engine/Content/Internationalization/icudt64l/region/ja_JP.res" 1264
"../../../Engine/Content/Internationalization/icudt64l/region/ja.res" 1265
"../../../Engine/Content/Internationalization/icudt64l/lang/jgo.res" 1266
"../../../Engine/Content/Internationalization/icudt64l/region/jgo.res" 1267
"../../../Engine/Content/Internationalization/icudt64l/lang/jmc.res" 1268
"../../../Engine/Content/Internationalization/icudt64l/region/jmc.res" 1269
"../../../Engine/Content/Internationalization/icudt64l/lang/jv.res" 1270
"../../../Engine/Content/Internationalization/icudt64l/region/jv.res" 1271
"../../../Engine/Content/Internationalization/icudt64l/lang/ka.res" 1272
"../../../Engine/Content/Internationalization/icudt64l/region/ka.res" 1273
"../../../Engine/Content/Internationalization/icudt64l/lang/kab.res" 1274
"../../../Engine/Content/Internationalization/icudt64l/region/kab.res" 1275
"../../../Engine/Content/Internationalization/icudt64l/lang/kam.res" 1276
"../../../Engine/Content/Internationalization/icudt64l/region/kam.res" 1277
"../../../Engine/Content/Internationalization/icudt64l/lang/kde.res" 1278
"../../../Engine/Content/Internationalization/icudt64l/region/kde.res" 1279
"../../../Engine/Content/Internationalization/icudt64l/lang/kea.res" 1280
"../../../Engine/Content/Internationalization/icudt64l/region/kea.res" 1281
"../../../Engine/Content/Internationalization/icudt64l/lang/khq.res" 1282
"../../../Engine/Content/Internationalization/icudt64l/region/khq.res" 1283
"../../../Engine/Content/Internationalization/icudt64l/lang/ki.res" 1284
"../../../Engine/Content/Internationalization/icudt64l/region/ki.res" 1285
"../../../Engine/Content/Internationalization/icudt64l/lang/kk.res" 1286
"../../../Engine/Content/Internationalization/icudt64l/region/kk.res" 1287
"../../../Engine/Content/Internationalization/icudt64l/lang/kkj.res" 1288
"../../../Engine/Content/Internationalization/icudt64l/region/kkj.res" 1289
"../../../Engine/Content/Internationalization/icudt64l/lang/kl.res" 1290
"../../../Engine/Content/Internationalization/icudt64l/region/kl.res" 1291
"../../../Engine/Content/Internationalization/icudt64l/lang/kln.res" 1292
"../../../Engine/Content/Internationalization/icudt64l/region/kln.res" 1293
"../../../Engine/Content/Internationalization/icudt64l/lang/km.res" 1294
"../../../Engine/Content/Internationalization/icudt64l/region/km.res" 1295
"../../../Engine/Content/Internationalization/icudt64l/lang/kn.res" 1296
"../../../Engine/Content/Internationalization/icudt64l/region/kn.res" 1297
"../../../Engine/Content/Internationalization/icudt64l/region/ko_KP.res" 1298
"../../../Engine/Content/Internationalization/icudt64l/lang/kok.res" 1299
"../../../Engine/Content/Internationalization/icudt64l/region/kok.res" 1300
"../../../Engine/Content/Internationalization/icudt64l/lang/ks.res" 1301
"../../../Engine/Content/Internationalization/icudt64l/region/ks.res" 1302
"../../../Engine/Content/Internationalization/icudt64l/lang/ksb.res" 1303
"../../../Engine/Content/Internationalization/icudt64l/region/ksb.res" 1304
"../../../Engine/Content/Internationalization/icudt64l/lang/ksf.res" 1305
"../../../Engine/Content/Internationalization/icudt64l/region/ksf.res" 1306
"../../../Engine/Content/Internationalization/icudt64l/lang/ksh.res" 1307
"../../../Engine/Content/Internationalization/icudt64l/region/ksh.res" 1308
"../../../Engine/Content/Internationalization/icudt64l/lang/ku.res" 1309
"../../../Engine/Content/Internationalization/icudt64l/region/ku.res" 1310
"../../../Engine/Content/Internationalization/icudt64l/lang/kw.res" 1311
"../../../Engine/Content/Internationalization/icudt64l/region/kw.res" 1312
"../../../Engine/Content/Internationalization/icudt64l/lang/ky.res" 1313
"../../../Engine/Content/Internationalization/icudt64l/region/ky.res" 1314
"../../../Engine/Content/Internationalization/icudt64l/lang/lag.res" 1315
"../../../Engine/Content/Internationalization/icudt64l/region/lag.res" 1316
"../../../Engine/Content/Internationalization/icudt64l/lang/lb.res" 1317
"../../../Engine/Content/Internationalization/icudt64l/region/lb.res" 1318
"../../../Engine/Content/Internationalization/icudt64l/lang/lg.res" 1319
"../../../Engine/Content/Internationalization/icudt64l/region/lg.res" 1320
"../../../Engine/Content/Internationalization/icudt64l/lang/lkt.res" 1321
"../../../Engine/Content/Internationalization/icudt64l/region/lkt.res" 1322
"../../../Engine/Content/Internationalization/icudt64l/lang/ln.res" 1323
"../../../Engine/Content/Internationalization/icudt64l/region/ln.res" 1324
"../../../Engine/Content/Internationalization/icudt64l/lang/lo.res" 1325
"../../../Engine/Content/Internationalization/icudt64l/region/lo.res" 1326
"../../../Engine/Content/Internationalization/icudt64l/lang/lrc.res" 1327
"../../../Engine/Content/Internationalization/icudt64l/region/lrc.res" 1328
"../../../Engine/Content/Internationalization/icudt64l/lang/lt.res" 1329
"../../../Engine/Content/Internationalization/icudt64l/region/lt.res" 1330
"../../../Engine/Content/Internationalization/icudt64l/lang/lu.res" 1331
"../../../Engine/Content/Internationalization/icudt64l/region/lu.res" 1332
"../../../Engine/Content/Internationalization/icudt64l/lang/luo.res" 1333
"../../../Engine/Content/Internationalization/icudt64l/region/luo.res" 1334
"../../../Engine/Content/Internationalization/icudt64l/lang/luy.res" 1335
"../../../Engine/Content/Internationalization/icudt64l/region/luy.res" 1336
"../../../Engine/Content/Internationalization/icudt64l/lang/lv.res" 1337
"../../../Engine/Content/Internationalization/icudt64l/region/lv.res" 1338
"../../../Engine/Content/Internationalization/icudt64l/lang/mas.res" 1339
"../../../Engine/Content/Internationalization/icudt64l/region/mas.res" 1340
"../../../Engine/Content/Internationalization/icudt64l/lang/mer.res" 1341
"../../../Engine/Content/Internationalization/icudt64l/region/mer.res" 1342
"../../../Engine/Content/Internationalization/icudt64l/lang/mfe.res" 1343
"../../../Engine/Content/Internationalization/icudt64l/region/mfe.res" 1344
"../../../Engine/Content/Internationalization/icudt64l/lang/mg.res" 1345
"../../../Engine/Content/Internationalization/icudt64l/region/mg.res" 1346
"../../../Engine/Content/Internationalization/icudt64l/lang/mgh.res" 1347
"../../../Engine/Content/Internationalization/icudt64l/region/mgh.res" 1348
"../../../Engine/Content/Internationalization/icudt64l/lang/mgo.res" 1349
"../../../Engine/Content/Internationalization/icudt64l/region/mgo.res" 1350
"../../../Engine/Content/Internationalization/icudt64l/lang/mi.res" 1351
"../../../Engine/Content/Internationalization/icudt64l/region/mi.res" 1352
"../../../Engine/Content/Internationalization/icudt64l/lang/mk.res" 1353
"../../../Engine/Content/Internationalization/icudt64l/region/mk.res" 1354
"../../../Engine/Content/Internationalization/icudt64l/lang/ml.res" 1355
"../../../Engine/Content/Internationalization/icudt64l/region/ml.res" 1356
"../../../Engine/Content/Internationalization/icudt64l/lang/mn.res" 1357
"../../../Engine/Content/Internationalization/icudt64l/region/mn.res" 1358
"../../../Engine/Content/Internationalization/icudt64l/lang/mr.res" 1359
"../../../Engine/Content/Internationalization/icudt64l/region/mr.res" 1360
"../../../Engine/Content/Internationalization/icudt64l/lang/ms.res" 1361
"../../../Engine/Content/Internationalization/icudt64l/region/ms.res" 1362
"../../../Engine/Content/Internationalization/icudt64l/lang/mt.res" 1363
"../../../Engine/Content/Internationalization/icudt64l/region/mt.res" 1364
"../../../Engine/Content/Internationalization/icudt64l/lang/mua.res" 1365
"../../../Engine/Content/Internationalization/icudt64l/region/mua.res" 1366
"../../../Engine/Content/Internationalization/icudt64l/lang/my.res" 1367
"../../../Engine/Content/Internationalization/icudt64l/region/my.res" 1368
"../../../Engine/Content/Internationalization/icudt64l/lang/mzn.res" 1369
"../../../Engine/Content/Internationalization/icudt64l/region/mzn.res" 1370
"../../../Engine/Content/Internationalization/icudt64l/lang/naq.res" 1371
"../../../Engine/Content/Internationalization/icudt64l/region/naq.res" 1372
"../../../Engine/Content/Internationalization/icudt64l/lang/nb.res" 1373
"../../../Engine/Content/Internationalization/icudt64l/lang/nb_NO.res" 1374
"../../../Engine/Content/Internationalization/icudt64l/region/nb_NO.res" 1375
"../../../Engine/Content/Internationalization/icudt64l/region/nb.res" 1376
"../../../Engine/Content/Internationalization/icudt64l/lang/nd.res" 1377
"../../../Engine/Content/Internationalization/icudt64l/region/nd.res" 1378
"../../../Engine/Content/Internationalization/icudt64l/lang/nds.res" 1379
"../../../Engine/Content/Internationalization/icudt64l/region/nds.res" 1380
"../../../Engine/Content/Internationalization/icudt64l/lang/ne.res" 1381
"../../../Engine/Content/Internationalization/icudt64l/region/ne.res" 1382
"../../../Engine/Content/Internationalization/icudt64l/lang/nl.res" 1383
"../../../Engine/Content/Internationalization/icudt64l/region/nl.res" 1384
"../../../Engine/Content/Internationalization/icudt64l/lang/nmg.res" 1385
"../../../Engine/Content/Internationalization/icudt64l/region/nmg.res" 1386
"../../../Engine/Content/Internationalization/icudt64l/lang/nn.res" 1387
"../../../Engine/Content/Internationalization/icudt64l/lang/nn_NO.res" 1388
"../../../Engine/Content/Internationalization/icudt64l/region/nn_NO.res" 1389
"../../../Engine/Content/Internationalization/icudt64l/region/nn.res" 1390
"../../../Engine/Content/Internationalization/icudt64l/lang/nnh.res" 1391
"../../../Engine/Content/Internationalization/icudt64l/region/nnh.res" 1392
"../../../Engine/Content/Internationalization/icudt64l/lang/nus.res" 1393
"../../../Engine/Content/Internationalization/icudt64l/region/nus.res" 1394
"../../../Engine/Content/Internationalization/icudt64l/lang/nyn.res" 1395
"../../../Engine/Content/Internationalization/icudt64l/region/nyn.res" 1396
"../../../Engine/Content/Internationalization/icudt64l/lang/om.res" 1397
"../../../Engine/Content/Internationalization/icudt64l/region/om.res" 1398
"../../../Engine/Content/Internationalization/icudt64l/lang/or.res" 1399
"../../../Engine/Content/Internationalization/icudt64l/region/or.res" 1400
"../../../Engine/Content/Internationalization/icudt64l/lang/os.res" 1401
"../../../Engine/Content/Internationalization/icudt64l/region/os.res" 1402
"../../../Engine/Content/Internationalization/icudt64l/lang/pa.res" 1403
"../../../Engine/Content/Internationalization/icudt64l/lang/pa_Arab.res" 1404
"../../../Engine/Content/Internationalization/icudt64l/lang/pa_PK.res" 1405
"../../../Engine/Content/Internationalization/icudt64l/lang/pa_Arab_PK.res" 1406
"../../../Engine/Content/Internationalization/icudt64l/region/pa_PK.res" 1407
"../../../Engine/Content/Internationalization/icudt64l/region/pa_Arab_PK.res" 1408
"../../../Engine/Content/Internationalization/icudt64l/region/pa_Arab.res" 1409
"../../../Engine/Content/Internationalization/icudt64l/lang/pa_Guru.res" 1410
"../../../Engine/Content/Internationalization/icudt64l/lang/pa_IN.res" 1411
"../../../Engine/Content/Internationalization/icudt64l/lang/pa_Guru_IN.res" 1412
"../../../Engine/Content/Internationalization/icudt64l/region/pa_IN.res" 1413
"../../../Engine/Content/Internationalization/icudt64l/region/pa_Guru_IN.res" 1414
"../../../Engine/Content/Internationalization/icudt64l/region/pa_Guru.res" 1415
"../../../Engine/Content/Internationalization/icudt64l/region/pa.res" 1416
"../../../Engine/Content/Internationalization/icudt64l/lang/pl.res" 1417
"../../../Engine/Content/Internationalization/icudt64l/region/pl.res" 1418
"../../../Engine/Content/Internationalization/icudt64l/lang/ps.res" 1419
"../../../Engine/Content/Internationalization/icudt64l/region/ps.res" 1420
"../../../Engine/Content/Internationalization/icudt64l/lang/ps_PK.res" 1421
"../../../Engine/Content/Internationalization/icudt64l/region/ps_PK.res" 1422
"../../../Engine/Content/Internationalization/icudt64l/lang/pt.res" 1423
"../../../Engine/Content/Internationalization/icudt64l/lang/pt_AO.res" 1424
"../../../Engine/Content/Internationalization/icudt64l/lang/pt_PT.res" 1425
"../../../Engine/Content/Internationalization/icudt64l/region/pt_AO.res" 1426
"../../../Engine/Content/Internationalization/icudt64l/region/pt_PT.res" 1427
"../../../Engine/Content/Internationalization/icudt64l/region/pt.res" 1428
"../../../Engine/Content/Internationalization/icudt64l/lang/pt_CH.res" 1429
"../../../Engine/Content/Internationalization/icudt64l/region/pt_CH.res" 1430
"../../../Engine/Content/Internationalization/icudt64l/lang/pt_CV.res" 1431
"../../../Engine/Content/Internationalization/icudt64l/region/pt_CV.res" 1432
"../../../Engine/Content/Internationalization/icudt64l/lang/pt_GQ.res" 1433
"../../../Engine/Content/Internationalization/icudt64l/region/pt_GQ.res" 1434
"../../../Engine/Content/Internationalization/icudt64l/lang/pt_GW.res" 1435
"../../../Engine/Content/Internationalization/icudt64l/region/pt_GW.res" 1436
"../../../Engine/Content/Internationalization/icudt64l/lang/pt_LU.res" 1437
"../../../Engine/Content/Internationalization/icudt64l/region/pt_LU.res" 1438
"../../../Engine/Content/Internationalization/icudt64l/lang/pt_MO.res" 1439
"../../../Engine/Content/Internationalization/icudt64l/region/pt_MO.res" 1440
"../../../Engine/Content/Internationalization/icudt64l/lang/pt_MZ.res" 1441
"../../../Engine/Content/Internationalization/icudt64l/region/pt_MZ.res" 1442
"../../../Engine/Content/Internationalization/icudt64l/lang/pt_ST.res" 1443
"../../../Engine/Content/Internationalization/icudt64l/region/pt_ST.res" 1444
"../../../Engine/Content/Internationalization/icudt64l/lang/pt_TL.res" 1445
"../../../Engine/Content/Internationalization/icudt64l/region/pt_TL.res" 1446
"../../../Engine/Content/Internationalization/icudt64l/lang/qu.res" 1447
"../../../Engine/Content/Internationalization/icudt64l/region/qu.res" 1448
"../../../Engine/Content/Internationalization/icudt64l/lang/rm.res" 1449
"../../../Engine/Content/Internationalization/icudt64l/region/rm.res" 1450
"../../../Engine/Content/Internationalization/icudt64l/lang/rn.res" 1451
"../../../Engine/Content/Internationalization/icudt64l/region/rn.res" 1452
"../../../Engine/Content/Internationalization/icudt64l/lang/ro.res" 1453
"../../../Engine/Content/Internationalization/icudt64l/lang/ro_MD.res" 1454
"../../../Engine/Content/Internationalization/icudt64l/region/ro_MD.res" 1455
"../../../Engine/Content/Internationalization/icudt64l/region/ro.res" 1456
"../../../Engine/Content/Internationalization/icudt64l/lang/rof.res" 1457
"../../../Engine/Content/Internationalization/icudt64l/region/rof.res" 1458
"../../../Engine/Content/Internationalization/icudt64l/lang/ru.res" 1459
"../../../Engine/Content/Internationalization/icudt64l/region/ru.res" 1460
"../../../Engine/Content/Internationalization/icudt64l/region/ru_UA.res" 1461
"../../../Engine/Content/Internationalization/icudt64l/lang/rw.res" 1462
"../../../Engine/Content/Internationalization/icudt64l/region/rw.res" 1463
"../../../Engine/Content/Internationalization/icudt64l/lang/rwk.res" 1464
"../../../Engine/Content/Internationalization/icudt64l/region/rwk.res" 1465
"../../../Engine/Content/Internationalization/icudt64l/lang/sah.res" 1466
"../../../Engine/Content/Internationalization/icudt64l/region/sah.res" 1467
"../../../Engine/Content/Internationalization/icudt64l/lang/saq.res" 1468
"../../../Engine/Content/Internationalization/icudt64l/region/saq.res" 1469
"../../../Engine/Content/Internationalization/icudt64l/lang/sbp.res" 1470
"../../../Engine/Content/Internationalization/icudt64l/region/sbp.res" 1471
"../../../Engine/Content/Internationalization/icudt64l/lang/sd.res" 1472
"../../../Engine/Content/Internationalization/icudt64l/region/sd.res" 1473
"../../../Engine/Content/Internationalization/icudt64l/lang/se.res" 1474
"../../../Engine/Content/Internationalization/icudt64l/lang/se_FI.res" 1475
"../../../Engine/Content/Internationalization/icudt64l/region/se_FI.res" 1476
"../../../Engine/Content/Internationalization/icudt64l/region/se.res" 1477
"../../../Engine/Content/Internationalization/icudt64l/lang/seh.res" 1478
"../../../Engine/Content/Internationalization/icudt64l/region/seh.res" 1479
"../../../Engine/Content/Internationalization/icudt64l/lang/ses.res" 1480
"../../../Engine/Content/Internationalization/icudt64l/region/ses.res" 1481
"../../../Engine/Content/Internationalization/icudt64l/lang/sg.res" 1482
"../../../Engine/Content/Internationalization/icudt64l/region/sg.res" 1483
"../../../Engine/Content/Internationalization/icudt64l/lang/shi.res" 1484
"../../../Engine/Content/Internationalization/icudt64l/lang/shi_Latn.res" 1485
"../../../Engine/Content/Internationalization/icudt64l/lang/shi_MA.res" 1486
"../../../Engine/Content/Internationalization/icudt64l/lang/shi_Tfng_MA.res" 1487
"../../../Engine/Content/Internationalization/icudt64l/lang/shi_Tfng.res" 1488
"../../../Engine/Content/Internationalization/icudt64l/region/shi_MA.res" 1489
"../../../Engine/Content/Internationalization/icudt64l/region/shi_Tfng_MA.res" 1490
"../../../Engine/Content/Internationalization/icudt64l/region/shi_Tfng.res" 1491
"../../../Engine/Content/Internationalization/icudt64l/region/shi.res" 1492
"../../../Engine/Content/Internationalization/icudt64l/region/shi_Latn.res" 1493
"../../../Engine/Content/Internationalization/icudt64l/lang/si.res" 1494
"../../../Engine/Content/Internationalization/icudt64l/region/si.res" 1495
"../../../Engine/Content/Internationalization/icudt64l/lang/sk.res" 1496
"../../../Engine/Content/Internationalization/icudt64l/region/sk.res" 1497
"../../../Engine/Content/Internationalization/icudt64l/lang/sl.res" 1498
"../../../Engine/Content/Internationalization/icudt64l/region/sl.res" 1499
"../../../Engine/Content/Internationalization/icudt64l/lang/smn.res" 1500
"../../../Engine/Content/Internationalization/icudt64l/region/smn.res" 1501
"../../../Engine/Content/Internationalization/icudt64l/lang/sn.res" 1502
"../../../Engine/Content/Internationalization/icudt64l/region/sn.res" 1503
"../../../Engine/Content/Internationalization/icudt64l/lang/so.res" 1504
"../../../Engine/Content/Internationalization/icudt64l/region/so.res" 1505
"../../../Engine/Content/Internationalization/icudt64l/lang/sq.res" 1506
"../../../Engine/Content/Internationalization/icudt64l/region/sq.res" 1507
"../../../Engine/Content/Internationalization/icudt64l/lang/sr.res" 1508
"../../../Engine/Content/Internationalization/icudt64l/lang/sr_Cyrl.res" 1509
"../../../Engine/Content/Internationalization/icudt64l/lang/sr_BA.res" 1510
"../../../Engine/Content/Internationalization/icudt64l/lang/sr_Cyrl_BA.res" 1511
"../../../Engine/Content/Internationalization/icudt64l/region/sr_BA.res" 1512
"../../../Engine/Content/Internationalization/icudt64l/region/sr_Cyrl_BA.res" 1513
"../../../Engine/Content/Internationalization/icudt64l/region/sr_Cyrl.res" 1514
"../../../Engine/Content/Internationalization/icudt64l/region/sr.res" 1515
"../../../Engine/Content/Internationalization/icudt64l/lang/sr_ME.res" 1516
"../../../Engine/Content/Internationalization/icudt64l/lang/sr_Latn_ME.res" 1517
"../../../Engine/Content/Internationalization/icudt64l/lang/sr_Latn.res" 1518
"../../../Engine/Content/Internationalization/icudt64l/region/sr_ME.res" 1519
"../../../Engine/Content/Internationalization/icudt64l/region/sr_Latn_ME.res" 1520
"../../../Engine/Content/Internationalization/icudt64l/region/sr_Latn.res" 1521
"../../../Engine/Content/Internationalization/icudt64l/lang/sr_Cyrl_ME.res" 1522
"../../../Engine/Content/Internationalization/icudt64l/region/sr_Cyrl_ME.res" 1523
"../../../Engine/Content/Internationalization/icudt64l/lang/sr_RS.res" 1524
"../../../Engine/Content/Internationalization/icudt64l/lang/sr_Cyrl_RS.res" 1525
"../../../Engine/Content/Internationalization/icudt64l/region/sr_RS.res" 1526
"../../../Engine/Content/Internationalization/icudt64l/region/sr_Cyrl_RS.res" 1527
"../../../Engine/Content/Internationalization/icudt64l/lang/sr_XK.res" 1528
"../../../Engine/Content/Internationalization/icudt64l/lang/sr_Cyrl_XK.res" 1529
"../../../Engine/Content/Internationalization/icudt64l/region/sr_XK.res" 1530
"../../../Engine/Content/Internationalization/icudt64l/region/sr_Cyrl_XK.res" 1531
"../../../Engine/Content/Internationalization/icudt64l/lang/sr_Latn_BA.res" 1532
"../../../Engine/Content/Internationalization/icudt64l/region/sr_Latn_BA.res" 1533
"../../../Engine/Content/Internationalization/icudt64l/lang/sr_Latn_RS.res" 1534
"../../../Engine/Content/Internationalization/icudt64l/region/sr_Latn_RS.res" 1535
"../../../Engine/Content/Internationalization/icudt64l/lang/sr_Latn_XK.res" 1536
"../../../Engine/Content/Internationalization/icudt64l/region/sr_Latn_XK.res" 1537
"../../../Engine/Content/Internationalization/icudt64l/lang/sv.res" 1538
"../../../Engine/Content/Internationalization/icudt64l/region/sv.res" 1539
"../../../Engine/Content/Internationalization/icudt64l/lang/sv_FI.res" 1540
"../../../Engine/Content/Internationalization/icudt64l/lang/sw.res" 1541
"../../../Engine/Content/Internationalization/icudt64l/lang/sw_CD.res" 1542
"../../../Engine/Content/Internationalization/icudt64l/region/sw_CD.res" 1543
"../../../Engine/Content/Internationalization/icudt64l/region/sw.res" 1544
"../../../Engine/Content/Internationalization/icudt64l/lang/sw_KE.res" 1545
"../../../Engine/Content/Internationalization/icudt64l/region/sw_KE.res" 1546
"../../../Engine/Content/Internationalization/icudt64l/lang/ta.res" 1547
"../../../Engine/Content/Internationalization/icudt64l/region/ta.res" 1548
"../../../Engine/Content/Internationalization/icudt64l/lang/te.res" 1549
"../../../Engine/Content/Internationalization/icudt64l/region/te.res" 1550
"../../../Engine/Content/Internationalization/icudt64l/lang/teo.res" 1551
"../../../Engine/Content/Internationalization/icudt64l/region/teo.res" 1552
"../../../Engine/Content/Internationalization/icudt64l/lang/tg.res" 1553
"../../../Engine/Content/Internationalization/icudt64l/region/tg.res" 1554
"../../../Engine/Content/Internationalization/icudt64l/lang/th.res" 1555
"../../../Engine/Content/Internationalization/icudt64l/lang/th_TH.res" 1556
"../../../Engine/Content/Internationalization/icudt64l/region/th_TH.res" 1557
"../../../Engine/Content/Internationalization/icudt64l/region/th.res" 1558
"../../../Engine/Content/Internationalization/icudt64l/lang/ti.res" 1559
"../../../Engine/Content/Internationalization/icudt64l/region/ti.res" 1560
"../../../Engine/Content/Internationalization/icudt64l/lang/tk.res" 1561
"../../../Engine/Content/Internationalization/icudt64l/region/tk.res" 1562
"../../../Engine/Content/Internationalization/icudt64l/lang/to.res" 1563
"../../../Engine/Content/Internationalization/icudt64l/region/to.res" 1564
"../../../Engine/Content/Internationalization/icudt64l/lang/tr.res" 1565
"../../../Engine/Content/Internationalization/icudt64l/region/tr.res" 1566
"../../../Engine/Content/Internationalization/icudt64l/lang/tt.res" 1567
"../../../Engine/Content/Internationalization/icudt64l/region/tt.res" 1568
"../../../Engine/Content/Internationalization/icudt64l/lang/twq.res" 1569
"../../../Engine/Content/Internationalization/icudt64l/region/twq.res" 1570
"../../../Engine/Content/Internationalization/icudt64l/lang/tzm.res" 1571
"../../../Engine/Content/Internationalization/icudt64l/region/tzm.res" 1572
"../../../Engine/Content/Internationalization/icudt64l/lang/ug.res" 1573
"../../../Engine/Content/Internationalization/icudt64l/region/ug.res" 1574
"../../../Engine/Content/Internationalization/icudt64l/lang/uk.res" 1575
"../../../Engine/Content/Internationalization/icudt64l/region/uk.res" 1576
"../../../Engine/Content/Internationalization/icudt64l/lang/ur.res" 1577
"../../../Engine/Content/Internationalization/icudt64l/lang/ur_IN.res" 1578
"../../../Engine/Content/Internationalization/icudt64l/region/ur_IN.res" 1579
"../../../Engine/Content/Internationalization/icudt64l/region/ur.res" 1580
"../../../Engine/Content/Internationalization/icudt64l/lang/uz.res" 1581
"../../../Engine/Content/Internationalization/icudt64l/lang/uz_Arab.res" 1582
"../../../Engine/Content/Internationalization/icudt64l/lang/uz_AF.res" 1583
"../../../Engine/Content/Internationalization/icudt64l/lang/uz_Arab_AF.res" 1584
"../../../Engine/Content/Internationalization/icudt64l/region/uz_AF.res" 1585
"../../../Engine/Content/Internationalization/icudt64l/region/uz_Arab_AF.res" 1586
"../../../Engine/Content/Internationalization/icudt64l/region/uz_Arab.res" 1587
"../../../Engine/Content/Internationalization/icudt64l/lang/uz_Cyrl.res" 1588
"../../../Engine/Content/Internationalization/icudt64l/lang/uz_UZ.res" 1589
"../../../Engine/Content/Internationalization/icudt64l/lang/uz_Latn_UZ.res" 1590
"../../../Engine/Content/Internationalization/icudt64l/lang/uz_Latn.res" 1591
"../../../Engine/Content/Internationalization/icudt64l/region/uz_UZ.res" 1592
"../../../Engine/Content/Internationalization/icudt64l/region/uz_Latn_UZ.res" 1593
"../../../Engine/Content/Internationalization/icudt64l/region/uz_Latn.res" 1594
"../../../Engine/Content/Internationalization/icudt64l/region/uz.res" 1595
"../../../Engine/Content/Internationalization/icudt64l/region/uz_Cyrl.res" 1596
"../../../Engine/Content/Internationalization/icudt64l/lang/vai.res" 1597
"../../../Engine/Content/Internationalization/icudt64l/lang/vai_Latn.res" 1598
"../../../Engine/Content/Internationalization/icudt64l/lang/vai_LR.res" 1599
"../../../Engine/Content/Internationalization/icudt64l/lang/vai_Vaii_LR.res" 1600
"../../../Engine/Content/Internationalization/icudt64l/lang/vai_Vaii.res" 1601
"../../../Engine/Content/Internationalization/icudt64l/region/vai_LR.res" 1602
"../../../Engine/Content/Internationalization/icudt64l/region/vai_Vaii_LR.res" 1603
"../../../Engine/Content/Internationalization/icudt64l/region/vai_Vaii.res" 1604
"../../../Engine/Content/Internationalization/icudt64l/region/vai.res" 1605
"../../../Engine/Content/Internationalization/icudt64l/region/vai_Latn.res" 1606
"../../../Engine/Content/Internationalization/icudt64l/lang/vi.res" 1607
"../../../Engine/Content/Internationalization/icudt64l/region/vi.res" 1608
"../../../Engine/Content/Internationalization/icudt64l/lang/vun.res" 1609
"../../../Engine/Content/Internationalization/icudt64l/region/vun.res" 1610
"../../../Engine/Content/Internationalization/icudt64l/lang/wae.res" 1611
"../../../Engine/Content/Internationalization/icudt64l/region/wae.res" 1612
"../../../Engine/Content/Internationalization/icudt64l/lang/wo.res" 1613
"../../../Engine/Content/Internationalization/icudt64l/region/wo.res" 1614
"../../../Engine/Content/Internationalization/icudt64l/lang/xh.res" 1615
"../../../Engine/Content/Internationalization/icudt64l/region/xh.res" 1616
"../../../Engine/Content/Internationalization/icudt64l/lang/xog.res" 1617
"../../../Engine/Content/Internationalization/icudt64l/region/xog.res" 1618
"../../../Engine/Content/Internationalization/icudt64l/lang/yav.res" 1619
"../../../Engine/Content/Internationalization/icudt64l/region/yav.res" 1620
"../../../Engine/Content/Internationalization/icudt64l/lang/yi.res" 1621
"../../../Engine/Content/Internationalization/icudt64l/region/yi.res" 1622
"../../../Engine/Content/Internationalization/icudt64l/lang/yo.res" 1623
"../../../Engine/Content/Internationalization/icudt64l/lang/yo_BJ.res" 1624
"../../../Engine/Content/Internationalization/icudt64l/region/yo_BJ.res" 1625
"../../../Engine/Content/Internationalization/icudt64l/region/yo.res" 1626
"../../../Engine/Content/Internationalization/icudt64l/lang/yue.res" 1627
"../../../Engine/Content/Internationalization/icudt64l/lang/yue_Hans.res" 1628
"../../../Engine/Content/Internationalization/icudt64l/lang/yue_CN.res" 1629
"../../../Engine/Content/Internationalization/icudt64l/lang/yue_Hans_CN.res" 1630
"../../../Engine/Content/Internationalization/icudt64l/region/yue_CN.res" 1631
"../../../Engine/Content/Internationalization/icudt64l/region/yue_Hans_CN.res" 1632
"../../../Engine/Content/Internationalization/icudt64l/region/yue_Hans.res" 1633
"../../../Engine/Content/Internationalization/icudt64l/lang/yue_Hant.res" 1634
"../../../Engine/Content/Internationalization/icudt64l/lang/yue_HK.res" 1635
"../../../Engine/Content/Internationalization/icudt64l/lang/yue_Hant_HK.res" 1636
"../../../Engine/Content/Internationalization/icudt64l/region/yue_HK.res" 1637
"../../../Engine/Content/Internationalization/icudt64l/region/yue_Hant_HK.res" 1638
"../../../Engine/Content/Internationalization/icudt64l/region/yue_Hant.res" 1639
"../../../Engine/Content/Internationalization/icudt64l/region/yue.res" 1640
"../../../Engine/Content/Internationalization/icudt64l/lang/zgh.res" 1641
"../../../Engine/Content/Internationalization/icudt64l/region/zgh.res" 1642
"../../../Engine/Content/Internationalization/icudt64l/lang/zh.res" 1643
"../../../Engine/Content/Internationalization/icudt64l/lang/zh_Hans.res" 1644
"../../../Engine/Content/Internationalization/icudt64l/lang/zh_CN.res" 1645
"../../../Engine/Content/Internationalization/icudt64l/lang/zh_Hans_CN.res" 1646
"../../../Engine/Content/Internationalization/icudt64l/region/zh_CN.res" 1647
"../../../Engine/Content/Internationalization/icudt64l/region/zh_Hans_CN.res" 1648
"../../../Engine/Content/Internationalization/icudt64l/region/zh_Hans.res" 1649
"../../../Engine/Content/Internationalization/icudt64l/region/zh.res" 1650
"../../../Engine/Content/Internationalization/icudt64l/lang/zh_HK.res" 1651
"../../../Engine/Content/Internationalization/icudt64l/lang/zh_Hant_HK.res" 1652
"../../../Engine/Content/Internationalization/icudt64l/lang/zh_Hant.res" 1653
"../../../Engine/Content/Internationalization/icudt64l/region/zh_HK.res" 1654
"../../../Engine/Content/Internationalization/icudt64l/region/zh_Hant_HK.res" 1655
"../../../Engine/Content/Internationalization/icudt64l/region/zh_Hant.res" 1656
"../../../Engine/Content/Internationalization/icudt64l/lang/zh_MO.res" 1657
"../../../Engine/Content/Internationalization/icudt64l/lang/zh_Hant_MO.res" 1658
"../../../Engine/Content/Internationalization/icudt64l/region/zh_MO.res" 1659
"../../../Engine/Content/Internationalization/icudt64l/region/zh_Hant_MO.res" 1660
"../../../Engine/Content/Internationalization/icudt64l/lang/zh_SG.res" 1661
"../../../Engine/Content/Internationalization/icudt64l/lang/zh_Hans_SG.res" 1662
"../../../Engine/Content/Internationalization/icudt64l/region/zh_SG.res" 1663
"../../../Engine/Content/Internationalization/icudt64l/region/zh_Hans_SG.res" 1664
"../../../Engine/Content/Internationalization/icudt64l/lang/zh_TW.res" 1665
"../../../Engine/Content/Internationalization/icudt64l/lang/zh_Hant_TW.res" 1666
"../../../Engine/Content/Internationalization/icudt64l/region/zh_TW.res" 1667
"../../../Engine/Content/Internationalization/icudt64l/region/zh_Hant_TW.res" 1668
"../../../Engine/Content/Internationalization/icudt64l/lang/zu.res" 1669
"../../../Engine/Content/Internationalization/icudt64l/region/zu.res" 1670
"../../../Engine/Content/Internationalization/icudt64l/lang/no.res" 1671
"../../../Engine/Content/Internationalization/icudt64l/lang/tl.res" 1672
"../../../Engine/Config/Android/DataDrivenPlatformInfo.ini" 1673
"../../../Engine/Config/HoloLens/DataDrivenPlatformInfo.ini" 1674
"../../../Engine/Config/IOS/DataDrivenPlatformInfo.ini" 1675
"../../../Engine/Config/Linux/DataDrivenPlatformInfo.ini" 1676
"../../../Engine/Config/LinuxArm64/DataDrivenPlatformInfo.ini" 1677
"../../../Engine/Config/Mac/DataDrivenPlatformInfo.ini" 1678
"../../../Engine/Config/TVOS/DataDrivenPlatformInfo.ini" 1679
"../../../Engine/Config/Unix/DataDrivenPlatformInfo.ini" 1680
"../../../Engine/Config/VulkanPC/DataDrivenPlatformInfo.ini" 1681
"../../../Engine/Config/Windows/DataDrivenPlatformInfo.ini" 1682
"../../../Engine/DerivedDataCache/Compressed.ddp" 1683
"C:/Users/minls/AppData/Local/UnrealEngine/Common/DerivedDataCache/TestData/0/TestData_4kb.dat" 1684
"C:/Users/minls/AppData/Local/UnrealEngine/Common/DerivedDataCache/TestData/1/TestData_4kb.dat" 1685
"C:/Users/minls/AppData/Local/UnrealEngine/Common/DerivedDataCache/TestData/0/TestData_8kb.dat" 1686
"C:/Users/minls/AppData/Local/UnrealEngine/Common/DerivedDataCache/TestData/1/TestData_8kb.dat" 1687
"C:/Users/minls/AppData/Local/UnrealEngine/Common/DerivedDataCache/TestData/0/TestData_16kb.dat" 1688
"C:/Users/minls/AppData/Local/UnrealEngine/Common/DerivedDataCache/TestData/1/TestData_16kb.dat" 1689
"C:/Users/minls/AppData/Local/UnrealEngine/Common/DerivedDataCache/TestData/0/TestData_64kb.dat" 1690
"C:/Users/minls/AppData/Local/UnrealEngine/Common/DerivedDataCache/TestData/1/TestData_64kb.dat" 1691
"C:/Users/minls/AppData/Local/UnrealEngine/Common/DerivedDataCache/TestData/0/TestData_128kb.dat" 1692
"C:/Users/minls/AppData/Local/UnrealEngine/Common/DerivedDataCache/TestData/1/TestData_128kb.dat" 1693
"C:/Users/minls/AppData/Local/UnrealEngine/Common/DerivedDataCache/TestData/0/TestData_256kb.dat" 1694
"C:/Users/minls/AppData/Local/UnrealEngine/Common/DerivedDataCache/TestData/1/TestData_256kb.dat" 1695
"../../../Engine/Plugins/FX/Niagara/Shaders/Private/NiagaraSpriteVertexFactory.ush" 1696
"../../../Engine/Shaders/Private/VertexFactoryCommon.ush" 1697
"../../../Engine/Shaders/Private/Common.ush" 1698
"../../../Engine/Shaders/Public/Platform.ush" 1699
"../../../Engine/Shaders/Public/FP16Math.ush" 1700
"../../../Engine/Shaders/Public/Platform/D3D/D3DCommon.ush" 1701
"../../../Engine/Shaders/Public/BindlessResources.ush" 1702
"../../../Engine/Shaders/Public/ShaderVersion.ush" 1703
"../../../Engine/Shaders/Private/GeneratedUniformBufferTypes.ush" 1704
"../../../Engine/Shaders/Private/Nanite/NanitePackedNaniteView.ush" 1705
"../../../Engine/Shaders/Private/HairStrands/HairStrandsVisibilityCommonStruct.ush" 1706
"../../../Engine/Shaders/Private/HairStrands/HairStrandsVoxelPageCommonStruct.ush" 1707
"../../../Engine/Shaders/Private/HairStrands/HairStrandsDeepShadowCommonStruct.ush" 1708
"../../../Engine/Shaders/Private/CommonViewUniformBuffer.ush" 1709
"../../../Engine/Shaders/Private/LargeWorldCoordinates.ush" 1710
"../../../Engine/Shaders/Private/LWCOperations.ush" 1711
"../../../Engine/Shaders/Private/InstancedStereo.ush" 1712
"../../../Engine/Shaders/Private/Definitions.usf" 1713
"../../../Engine/Shaders/Private/AssertionMacros.ush" 1714
"../../../Engine/Shaders/Private/FastMath.ush" 1715
"../../../Engine/Shaders/Private/FastMathThirdParty.ush" 1716
"../../../Engine/Shaders/Private/Random.ush" 1717
"../../../Engine/Shaders/Private/SceneData.ush" 1718
"../../../Engine/Shaders/Private/OctahedralCommon.ush" 1719
"../../../Engine/Shaders/Private/ParticleVertexFactoryCommon.ush" 1720
"../../../Engine/Plugins/FX/Niagara/Shaders/Private/NiagaraVFCommon.usf" 1721
"../../../Engine/Plugins/FX/Niagara/Shaders/Private/NiagaraVFParticleAccess.usf" 1722
"../../../Engine/Plugins/FX/Niagara/Shaders/Private/NiagaraParticleAccess.ush" 1723
"../../../Engine/Shaders/Private/VertexFactoryDefaultInterface.ush" 1724
"../../../Engine/Plugins/FX/Niagara/Shaders/Private/NiagaraRibbonVertexFactory.ush" 1725
"../../../Engine/Plugins/FX/Niagara/Shaders/Private/NiagaraMeshVertexFactory.ush" 1726
"../../../Engine/Plugins/FX/Niagara/Shaders/Private/NiagaraCommon.ush" 1727
"../../../Engine/Plugins/FX/Niagara/Shaders/Private/NiagaraMeshParticleUtils.ush" 1728
"../../../Engine/Shaders/Private/RayTracing/RayTracingCommon.ush" 1729
"../../../Engine/Shaders/Private/ShadingCommon.ush" 1730
"../../../Engine/Shaders/Shared/RayTracingDefinitions.h" 1731
"../../../Engine/Shaders/Private/Strata/Strata.ush" 1732
"../../../Engine/Shaders/Private/ShadingEnergyConservation.ush" 1733
"../../../Engine/Shaders/Private/ShadingEnergyConservationTemplate.ush" 1734
"../../../Engine/Shaders/Private/BRDF.ush" 1735
"../../../Engine/Shaders/Private/ColorSpace.ush" 1736
"../../../Engine/Shaders/Private/DeferredShadingCommon.ush" 1737
"../../../Engine/Shaders/Private/LightAccumulator.ush" 1738
"../../../Engine/Shaders/Private/SceneTexturesCommon.ush" 1739
"../../../Engine/Shaders/Private/MonteCarlo.ush" 1740
"../../../Engine/Shaders/Private/GBufferHelpers.ush" 1741
"../../../Engine/Shaders/Private/SceneTextureParameters.ush" 1742
"E:/Workspace_ISECONVI/ISECONVI/Intermediate/ShaderAutogen/PCD3D_SM5/AutogenShaderHeaders.ush" 1743
"../../../Engine/Shaders/Private/ParticipatingMediaCommon.ush" 1744
"../../../Engine/Shaders/Private/ThinFilmBSDF.ush" 1745
"../../../Engine/Shaders/Private/MortonCode.ush" 1746
"../../../Engine/Shaders/Private/SubsurfaceProfileCommon.ush" 1747
"../../../Engine/Shaders/Private/BurleyNormalizedSSSCommon.ush" 1748
"../../../Engine/Shaders/Shared/StrataDefinitions.h" 1749
"../../../Engine/Shaders/Private/Strata/StrataStatisticalOperators.ush" 1750
"../../../Engine/Shaders/Private/PositionReconstructionCommon.ush" 1751
"../../../Engine/Shaders/Private/RayTracing/RayTracingHitGroupCommon.ush" 1752
"../../../Engine/Shaders/Shared/RayTracingBuiltInResources.h" 1753
"../../../Engine/Shaders/Private/VectorFieldVisualizationVertexFactory.ush" 1754
"../../../Engine/Shaders/Private/Nanite/NaniteVertexFactory.ush" 1755
"../../../Engine/Shaders/Private/LightmapData.ush" 1756
"../../../Engine/Shaders/Private/Nanite/NaniteDataDecode.ush" 1757
"../../../Engine/Shaders/Private/BitPacking.ush" 1758
"../../../Engine/Shaders/Private/BitStreamReaderImplementation.ush" 1759
"../../../Engine/Shaders/Shared/NaniteDefinitions.h" 1760
"../../../Engine/Shaders/Private/Nanite/NaniteAttributeDecode.ush" 1761
"../../../Engine/Shaders/Public/WaveBroadcastIntrinsics.ush" 1762
"../../../Engine/Shaders/Private/ParticleSpriteVertexFactory.ush" 1763
"../../../Engine/Shaders/Private/ParticleGPUSpriteVertexFactory.ush" 1764
"../../../Engine/Shaders/Private/ParticleBeamTrailVertexFactory.ush" 1765
"../../../Engine/Shaders/Private/MeshParticleVertexFactory.ush" 1766
"../../../Engine/Shaders/Private/LocalVertexFactory.ush" 1767
"../../../Engine/Shaders/Private/LocalVertexFactoryCommon.ush" 1768
"../../../Engine/Shaders/Private/GpuSkinCommon.ush" 1769
"../../../Engine/Shaders/Private/GpuSkinVertexFactory.ush" 1770
"../../../Engine/Shaders/Private/GeometryCollectionVertexFactory.ush" 1771
"../../../Engine/Shaders/Private/GeometryCacheVertexFactory.ush" 1772
"../../../Engine/Shaders/Private/LandscapeVertexFactory.ush" 1773
"../../../Engine/Plugins/FX/Niagara/Shaders/Private/NiagaraFillIntBuffer.usf" 1774
"../../../Engine/Plugins/FX/Niagara/Shaders/Private/NiagaraComputeFreeIDs.usf" 1775
"../../../Engine/Plugins/FX/Niagara/Shaders/Private/NiagaraInitFreeIDBuffer.usf" 1776
"../../../Engine/Plugins/FX/Niagara/Shaders/Private/NiagaraEmitterInstanceShader.usf" 1777
"../../../Engine/Plugins/FX/Niagara/Shaders/Private/NiagaraShaderVersion.ush" 1778
"../../../Engine/Shaders/Private/DistanceField/GlobalDistanceFieldShared.ush" 1779
"../../../Engine/Plugins/FX/Niagara/Shaders/Private/NiagaraPhysicsCommon.ush" 1780
"../../../Engine/Plugins/FX/Niagara/Shaders/Private/Ribbons/NiagaraRibbonGenerateIndices.usf" 1781
"../../../Engine/Plugins/FX/Niagara/Shaders/Private/Ribbons/NiagaraRibbonCommon.ush" 1782
"../../../Engine/Plugins/FX/Niagara/Shaders/Private/Ribbons/NiagaraRibbonInitializeIndices.usf" 1783
"../../../Engine/Plugins/FX/Niagara/Shaders/Private/Ribbons/NiagaraRibbonRibbonUVParamCalculation.usf" 1784
"../../../Engine/Plugins/FX/Niagara/Shaders/Private/Ribbons/NiagaraRibbonVertexReductionFinalization.usf" 1785
"../../../Engine/Plugins/FX/Niagara/Shaders/Private/Ribbons/NiagaraRibbonVertexReductionPropagation.usf" 1786
"../../../Engine/Plugins/FX/Niagara/Shaders/Private/Ribbons/NiagaraRibbonVertexReductionInitialization.usf" 1787
"../../../Engine/Plugins/FX/Niagara/Shaders/Private/Ribbons/NiagaraRibbonSortParticles.usf" 1788
"../../../Engine/Plugins/FX/Niagara/Shaders/Private/NiagaraUpdateMeshGPUSceneInstances.usf" 1789
"../../../Engine/Shaders/Private/ComputeShaderUtils.ush" 1790
"../../../Engine/Shaders/Private/GPUScene/GPUSceneWriter.ush" 1791
"../../../Engine/Plugins/FX/Niagara/Shaders/Private/NiagaraGenerateMips.usf" 1792
"../../../Engine/Shaders/Private/GammaCorrectionCommon.ush" 1793
"../../../Engine/Plugins/FX/Niagara/Shaders/Private/NiagaraDebugDraw.usf" 1794
"../../../Engine/Plugins/FX/Niagara/Shaders/Private/NiagaraDebugDraw.ush" 1795
"../../../Engine/Plugins/FX/Niagara/Shaders/Private/NiagaraVisualizeTexture.usf" 1796
"../../../Engine/Plugins/FX/Niagara/Shaders/Private/NiagaraClearCounts.usf" 1797
"../../../Engine/Plugins/FX/Niagara/Shaders/Private/NiagaraBatchedElements.usf" 1798
"../../../Engine/Plugins/FX/Niagara/Shaders/Private/NiagaraRayTracingShaders.usf" 1799
"../../../Engine/Plugins/FX/Niagara/Shaders/Private/NiagaraAsyncGpuTraceCommon.ush" 1800
"../../../Engine/Shaders/Private/HashTable.ush" 1801
"../../../Engine/Shaders/Private/Hash.ush" 1802
"../../../Engine/Shaders/Private/RayTracing/VFXTraceRay.ush" 1803
"../../../Engine/Plugins/FX/Niagara/Shaders/Private/NiagaraRayMarchingShaders.usf" 1804
"../../../Engine/Plugins/FX/Niagara/Shaders/Private/NiagaraRayTraceCollisionGroupShaders.usf" 1805
"../../../Engine/Plugins/FX/Niagara/Shaders/Private/NiagaraAsyncGpuTraceUtils.usf" 1806
"../../../Engine/Plugins/FX/Niagara/Shaders/Private/NiagaraSortKeyGen.usf" 1807
"../../../Engine/Plugins/FX/Niagara/Shaders/Private/NiagaraGPURayTracingTransforms.usf" 1808
"../../../Engine/Plugins/FX/Niagara/Shaders/Private/NiagaraDrawIndirectArgsGen.usf" 1809
"../../../Engine/Plugins/Enterprise/GLTFExporter/Shaders/Private/SimpleTexture2DPS.usf" 1810
"../../../Engine/Shaders/Private/SimpleElementNormalMapPixelShader.usf" 1811
"../../../Engine/Plugins/Enterprise/GLTFExporter/Shaders/Private/CubemapFacePS.usf" 1812
"../../../Engine/Plugins/Enterprise/GLTFExporter/Shaders/Private/CombinedTexturePS.usf" 1813
"../../../Engine/Plugins/Media/WmfMedia/Shaders/Private/MediaHardwareVideoDecoding.usf" 1814
"../../../Engine/Shaders/Private/ColorUtils.ush" 1815
"../../../Engine/Plugins/Media/ImgMedia/Shaders/Private/ExrSwizzler.usf" 1816
"../../../Engine/Shaders/Private/SlateElementPixelShader.usf" 1817
"../../../Engine/Shaders/Private/SlateShaderCommon.ush" 1818
"../../../Engine/Shaders/Private/MaterialTemplate.ush" 1819
"../../../Engine/Shaders/Private/EyeAdaptationCommon.ush" 1820
"../../../Engine/Shaders/Private/SobolRandom.ush" 1821
"../../../Engine/Shaders/Private/DepthOfFieldCommon.ush" 1822
"../../../Engine/Shaders/Private/CircleDOFCommon.ush" 1823
"../../../Engine/Shaders/Private/PhysicsFieldSampler.ush" 1824
"../../../Engine/Shaders/Private/PhysicsFieldShared.ush" 1825
"../../../Engine/Shaders/Private/HairShadingCommon.ush" 1826
"../../../Engine/Shaders/Private/HairStrands/HairCardsAttributeCommon.ush" 1827
"../../../Engine/Shaders/Private/HairStrands/HairStrandsVertexFactoryCommon.ush" 1828
"../../../Engine/Shaders/Private/HairStrands/HairStrandsAttributeCommon.ush" 1829
"../../../Engine/Shaders/Private/SpeedTreeCommon.ush" 1830
"../../../Engine/Shaders/Private/VirtualTextureCommon.ush" 1831
"../../../Engine/Shaders/Private/MaterialTexture.ush" 1832
"../../../Engine/Shaders/Private/MinMaterialTexCoords.ush" 1833
"../../../Engine/Shaders/Private/SkyAtmosphereCommon.ush" 1834
"../../../Engine/Shaders/Private/SingleLayerWaterCommon.ush" 1835
"../../../Engine/Shaders/Private/TextureSampling.ush" 1836
"../../../Engine/Shaders/Private/PaniniProjection.ush" 1837
"../../../Engine/Shaders/Private/DBufferNormalReprojection.ush" 1838
"../../../Engine/Shaders/Private/Strata/StrataTree.ush" 1839
"../../../Engine/Shaders/Private/Strata/StrataEvaluation.ush" 1840
"../../../Engine/Shaders/Private/SHCommon.ush" 1841
"../../../Engine/Shaders/Private/ShadingModels.ush" 1842
"../../../Engine/Shaders/Private/CapsuleLight.ush" 1843
"../../../Engine/Shaders/Private/RectLight.ush" 1844
"../../../Engine/Shaders/Private/AreaLightCommon.ush" 1845
"../../../Engine/Shaders/Private/TransmissionCommon.ush" 1846
"../../../Engine/Shaders/Private/HairBsdf.ush" 1847
"../../../Engine/Shaders/Private/MobileGGX.ush" 1848
"../../../Engine/Shaders/Private/ShadingModelsSampling.ush" 1849
"../../../Engine/Shaders/Private/HairStrands/HairBsdfSample.ush" 1850
"../../../Engine/Shaders/Private/HairStrands/HairStrandsCommon.ush" 1851
"../../../Engine/Shaders/Private/HairStrands/HairStrandsDeepTransmittanceCommon.ush" 1852
"../../../Engine/Shaders/Private/HairStrands/HairStrandsDeepTransmittanceDualScattering.ush" 1853
"../../../Engine/Shaders/Private/Strata/StrataLegacyConversion.ush" 1854
"../../../Engine/Shaders/Private/DBufferDecalShared.ush" 1855
"../../../Engine/Shaders/Private/CompositeUIPixelShader.usf" 1856
"../../../Engine/Shaders/Private/TonemapCommon.ush" 1857
"../../../Engine/Shaders/Private/ACES.ush" 1858
"../../../Engine/Shaders/Private/ColorDeficiency.ush" 1859
"../../../Engine/Shaders/Private/SlateMaskingShader.usf" 1860
"../../../Engine/Shaders/Private/SlatePostProcessColorDeficiencyPixelShader.usf" 1861
"../../../Engine/Shaders/Private/SlatePostProcessPixelShader.usf" 1862
"../../../Engine/Shaders/Private/SlateVertexShader.usf" 1863
"../../../Engine/Shaders/Private/TranslucentLightingShaders.usf" 1864
"../../../Engine/Shaders/Private/ShadowProjectionCommon.ush" 1865
"../../../Engine/Shaders/Private/CubemapCommon.ush" 1866
"../../../Engine/Shaders/Private/VectorFieldCompositeShaders.usf" 1867
"../../../Engine/Shaders/Private/UpdateTextureShaders.usf" 1868
"../../../Engine/Shaders/Private/StereoLayerShader.usf" 1869
"../../../Engine/Shaders/Private/MorphTargets.usf" 1870
"../../../Engine/Shaders/Private/SimpleElementColorChannelMaskPixelShader.usf" 1871
"../../../Engine/Shaders/Private/SimpleElementHitProxyPixelShader.usf" 1872
"../../../Engine/Shaders/Private/SimpleElementPixelShader.usf" 1873
"../../../Engine/Shaders/Private/IESLightProfilesCommon.ush" 1874
"../../../Engine/Shaders/Private/SimpleElementVertexShader.usf" 1875
"../../../Engine/Shaders/Private/ScreenPixelShaderOES.usf" 1876
"../../../Engine/Shaders/Private/ScreenVertexShader.usf" 1877
"../../../Engine/Shaders/Private/ScreenPixelShader.usf" 1878
"../../../Engine/Shaders/Private/SSProfilePreIntegratedMobile.usf" 1879
"../../../Engine/Shaders/Private/Nanite/NaniteClusterCulling.usf" 1880
"../../../Engine/Shaders/Private/Nanite/NaniteCulling.ush" 1881
"../../../Engine/Shaders/Private/Nanite/NaniteHierarchyTraversalCommon.ush" 1882
"../../../Engine/Shaders/Private/Nanite/NaniteHierarchyTraversal.ush" 1883
"../../../Engine/Shaders/Private/WaveOpUtil.ush" 1884
"../../../Engine/Shaders/Private/VirtualShadowMaps/VirtualShadowMapPageOverlap.ush" 1885
"../../../Engine/Shaders/Private/Nanite/NaniteHZBCull.ush" 1886
"../../../Engine/Shaders/Private/VirtualShadowMaps/VirtualShadowMapPageAccessCommon.ush" 1887
"../../../Engine/Shaders/Shared/VirtualShadowMapDefinitions.h" 1888
"../../../Engine/Shaders/Private/VirtualShadowMaps/VirtualShadowMapStaticCaching.ush" 1889
"../../../Engine/Shaders/Private/Nanite/NaniteCullingCommon.ush" 1890
"../../../Engine/Shaders/Private/GPUMessaging.ush" 1891
"../../../Engine/Shaders/Private/Nanite/NaniteTranscode.usf" 1892
"../../../Engine/Shaders/Private/VolumetricLightmapStreaming.usf" 1893
"../../../Engine/Shaders/Private/PhysicsFieldReset.usf" 1894
"../../../Engine/Shaders/Private/PhysicsFieldBuilder.usf" 1895
"../../../Engine/Shaders/Private/PhysicsFieldEval.ush" 1896
"../../../Engine/Shaders/Private/ParticleSortKeyGen.usf" 1897
"../../../Engine/Shaders/Private/ParticleBoundsShader.usf" 1898
"../../../Engine/Shaders/Private/ParticleSimVisualizeShader.usf" 1899
"../../../Engine/Shaders/Private/ParticleInjectionShader.usf" 1900
"../../../Engine/Shaders/Private/ParticleSimulationShader.usf" 1901
"../../../Engine/Shaders/Private/ParticleCurveInjectionShader.usf" 1902
"../../../Engine/Shaders/Private/CopyUIntBuffer.usf" 1903
"../../../Engine/Shaders/Private/RadixSortShaders.usf" 1904
"../../../Engine/Shaders/Private/RecomputeTangentsPerVertexPass.usf" 1905
"../../../Engine/Shaders/Private/RecomputeTangentsCommon.ush" 1906
"../../../Engine/Shaders/Private/RecomputeTangentsPerTrianglePass.usf" 1907
"../../../Engine/Shaders/Private/GpuSkinCacheComputeShader.usf" 1908
"../../../Engine/Shaders/Private/HeightFieldAtlasManagement.usf" 1909
"../../../Engine/Shaders/Private/LandscapePhysicalMaterial.usf" 1910
"../../../Engine/Shaders/Private/LandscapeGrassWeight.usf" 1911
"../../../Engine/Shaders/Private/Landscape/LandscapeLayersWeightmapsPS.usf" 1912
"../../../Engine/Shaders/Private/Landscape/LandscapeLayersHeightmapsPS.usf" 1913
"../../../Engine/Shaders/Private/Landscape/LandscapeCommon.ush" 1914
"../../../Engine/Shaders/Private/LandscapeLayersCS.usf" 1915
"../../../Engine/Shaders/Private/LandscapeLayersPS.usf" 1916
"../../../Engine/Shaders/Private/LandscapeLayersVS.usf" 1917
"../../../Engine/Shaders/Private/Landscape/LandscapeMergeHeightmapsPS.usf" 1918
"../../../Engine/Shaders/Private/WideCustomResolveShaders.usf" 1919
"../../../Engine/Shaders/Private/WideCustomResolve_Wide.ush" 1920
"../../../Engine/Shaders/Private/WideCustomResolve_Wider.ush" 1921
"../../../Engine/Shaders/Private/WideCustomResolve_Widest.ush" 1922
"../../../Engine/Shaders/Private/PageTableUpdate.usf" 1923
"../../../Engine/Shaders/Private/VirtualTextureCompress.usf" 1924
"../../../Engine/Shaders/Private/BlockCompressionCommon.ush" 1925
"../../../Engine/Shaders/Private/BCCompressionCommon.ush" 1926
"../../../Engine/Shaders/Private/ETCCompressionCommon.ush" 1927
"../../../Engine/Shaders/Private/VirtualTextureMaterial.usf" 1928
"../../../Engine/Shaders/Private/PixelShaderOutputCommon.ush" 1929
"../../../Engine/Shaders/Private/ShaderOutputCommon.ush" 1930
"../../../Engine/Shaders/Private/VolumetricRenderTarget.usf" 1931
"../../../Engine/Shaders/Private/VolumetricFogVoxelization.usf" 1932
"../../../Engine/Shaders/Private/VolumetricCloudMaterialPixelCommon.ush" 1933
"../../../Engine/Shaders/Private/VolumetricFogLightFunction.usf" 1934
"../../../Engine/Shaders/Private/LightFunctionCommon.ush" 1935
"../../../Engine/Shaders/Private/VolumetricFog.usf" 1936
"../../../Engine/Shaders/Private/DeferredLightingCommon.ush" 1937
"../../../Engine/Shaders/Private/DynamicLightingCommon.ush" 1938
"../../../Engine/Shaders/Private/CapsuleLightIntegrate.ush" 1939
"../../../Engine/Shaders/Private/CapsuleLightSampling.ush" 1940
"../../../Engine/Shaders/Private/RectLightIntegrate.ush" 1941
"../../../Engine/Shaders/Private/LightGridCommon.ush" 1942
"../../../Engine/Shaders/Private/HeightFogCommon.ush" 1943
"../../../Engine/Shaders/Private/DistanceFieldAOShared.ush" 1944
"../../../Engine/Shaders/Private/VolumeLightingCommon.ush" 1945
"../../../Engine/Shaders/Private/ShadowFilteringCommon.ush" 1946
"../../../Engine/Shaders/Private/PixelQuadMessagePassing.ush" 1947
"../../../Engine/Shaders/Private/VolumeLightingCommonSampling.ush" 1948
"../../../Engine/Shaders/Private/VolumetricLightmapShared.ush" 1949
"../../../Engine/Shaders/Private/ForwardShadowingCommon.ush" 1950
"../../../Engine/Shaders/Private/Lumen/LumenTranslucencyVolumeShared.ush" 1951
"../../../Engine/Shaders/Private/Lumen/LumenRadianceCacheInterpolation.ush" 1952
"../../../Engine/Shaders/Private/VirtualShadowMaps/VirtualShadowMapProjectionCommon.ush" 1953
"../../../Engine/Shaders/Private/VirtualShadowMaps/VirtualShadowMapProjectionStructs.ush" 1954
"../../../Engine/Shaders/Private/VolumetricCloudCommon.ush" 1955
"../../../Engine/Shaders/Private/VolumetricCloud.usf" 1956
"../../../Engine/Shaders/Private/ColorMap.ush" 1957
"../../../Engine/Shaders/Private/ShaderPrint.ush" 1958
"../../../Engine/Shaders/Private/ShaderPrintCommon.ush" 1959
"../../../Engine/Shaders/Private/MiniFontCommon.ush" 1960
"../../../Engine/Shaders/Private/ReflectionEnvironmentShared.ush" 1961
"../../../Engine/Shaders/Private/VisualizeVolumetricLightmap.usf" 1962
"../../../Engine/Shaders/Private/VirtualShadowMaps/VirtualShadowMapProjectionComposite.usf" 1963
"../../../Engine/Shaders/Private/LightShaderParameters.ush" 1964
"../../../Engine/Shaders/Private/VirtualShadowMaps/VirtualShadowMapMaskBitsCommon.ush" 1965
"../../../Engine/Shaders/Private/VirtualShadowMaps/VirtualShadowMapProjection.usf" 1966
"../../../Engine/Shaders/Private/HairStrands/HairStrandsVisibilityCommon.ush" 1967
"../../../Engine/Shaders/Private/Visualization.ush" 1968
"../../../Engine/Shaders/Private/VirtualShadowMaps/VirtualShadowMapProjectionDirectional.ush" 1969
"../../../Engine/Shaders/Private/PathTracing/Utilities/PathTracingRandomSequence.ush" 1970
"../../../Engine/Shaders/Private/VirtualShadowMaps/VirtualShadowMapSMRTCommon.ush" 1971
"../../../Engine/Shaders/Private/VirtualShadowMaps/VirtualShadowMapSMRTTemplate.ush" 1972
"../../../Engine/Shaders/Private/VirtualShadowMaps/VirtualShadowMapProjectionSpot.ush" 1973
"../../../Engine/Shaders/Private/VirtualShadowMaps/VirtualShadowMapTransmissionCommon.ush" 1974
"../../../Engine/Shaders/Private/HairStrands/HairStrandsVoxelPageCommon.ush" 1975
"../../../Engine/Shaders/Private/HairStrands/HairStrandsVoxelPageTraversal.ush" 1976
"../../../Engine/Shaders/Private/VirtualShadowMaps/VirtualShadowMapCacheManagement.usf" 1977
"../../../Engine/Shaders/Private/VirtualShadowMaps/VirtualShadowMapPageCacheCommon.ush" 1978
"../../../Engine/Shaders/Private/ScreenSpaceDenoise/SSDDefinitions.ush" 1979
"../../../Engine/Shaders/Private/InstanceCulling/InstanceCullingLoadBalancer.ush" 1980
"../../../Engine/Shaders/Private/VirtualShadowMaps/VirtualShadowMapCopyStats.usf" 1981
"../../../Engine/Shaders/Private/VirtualShadowMaps/VirtualShadowMapPageManagement.usf" 1982
"../../../Engine/Shaders/Private/HairStrands/HairStrandsTileCommon.ush" 1983
"../../../Engine/Shaders/Private/ReductionCommon.ush" 1984
"../../../Engine/Shaders/Private/VirtualShadowMaps/VirtualShadowMapStats.ush" 1985
"../../../Engine/Shaders/Private/VirtualShadowMaps/VirtualShadowMapBuildPerPageDrawCommands.usf" 1986
"../../../Engine/Shaders/Private/InstanceCulling/InstanceCullingCommon.ush" 1987
"../../../Engine/Shaders/Private/VirtualShadowMaps/VirtualShadowMapPrintStats.usf" 1988
"../../../Engine/Shaders/Private/VirtualShadowMaps/VirtualShadowMapDebug.usf" 1989
"../../../Engine/Shaders/Private/VelocityShader.usf" 1990
"../../../Engine/Shaders/Private/VelocityCommon.ush" 1991
"../../../Engine/Shaders/Private/VariableRateShading.usf" 1992
"../../../Engine/Shaders/Private/TranslucencyUpsampling.usf" 1993
"../../../Engine/Shaders/Private/ScreenPass.ush" 1994
"../../../Engine/Shaders/Private/ComposeSeparateTranslucency.usf" 1995
"../../../Engine/Shaders/Private/SeparateTranslucency.ush" 1996
"../../../Engine/Shaders/Private/TranslucentLightInjectionShaders.usf" 1997
"../../../Engine/Shaders/Private/TranslucentShadowDepthShaders.usf" 1998
"../../../Engine/Shaders/Private/ShadowDepthCommon.ush" 1999
"../../../Engine/Shaders/Private/RayTracing/RayTracingTest.usf" 2000
"../../../Engine/Shaders/Private/PostProcessSubsurfaceTile.usf" 2001
"../../../Engine/Shaders/Private/Strata/StrataVisualize.usf" 2002
"../../../Engine/Shaders/Private/Strata/StrataTile.ush" 2003
"../../../Engine/Shaders/Private/SkyLightingDiffuseShared.ush" 2004
"../../../Engine/Shaders/Private/SkyLightingShared.ush" 2005
"../../../Engine/Shaders/Private/ClearCoatCommon.ush" 2006
"../../../Engine/Shaders/Private/ReflectionEnvironmentComposite.ush" 2007
"../../../Engine/Shaders/Private/Strata/StrataLightingCommon.ush" 2008
"../../../Engine/Shaders/Private/Strata/StrataRoughRefraction.usf" 2009
"../../../Engine/Shaders/Private/PathTracing/Material/PathTracingFresnel.ush" 2010
"../../../Engine/Shaders/Private/PathTracing/Material/PathTracingGlossy.ush" 2011
"../../../Engine/Shaders/Private/Strata/StrataTile.usf" 2012
"../../../Engine/Shaders/Private/Strata/StrataMaterialClassification.usf" 2013
"../../../Engine/Shaders/Private/SkyAtmosphere.usf" 2014
"../../../Engine/Shaders/Private/CopyDepthTexture.usf" 2015
"../../../Engine/Shaders/Private/SingleLayerWaterComposite.usf" 2016
"../../../Engine/Shaders/Private/ShadowProjectionVertexShader.usf" 2017
"../../../Engine/Shaders/Private/ShadowProjectionPixelShader.usf" 2018
"../../../Engine/Shaders/Private/ShadowPercentageCloserFiltering.ush" 2019
"../../../Engine/Shaders/Private/TransmissionThickness.ush" 2020
"../../../Engine/Shaders/Private/CopyShadowMaps.usf" 2021
"../../../Engine/Shaders/Private/ShadowDepthPixelShader.usf" 2022
"../../../Engine/Shaders/Private/ShadowDepthVertexShader.usf" 2023
"../../../Engine/Shaders/Private/ShadingEnergyConservationTable.usf" 2024
"../../../Engine/Shaders/Shared/PathTracingDefinitions.h" 2025
"../../../Engine/Shaders/Private/ShadingFurnaceTest.usf" 2026
"../../../Engine/Shaders/Private/Strata/StrataDeferredLighting.ush" 2027
"../../../Engine/Shaders/Private/ShaderPrintDrawPrimitive.usf" 2028
"../../../Engine/Shaders/Private/ShaderPrintDraw.usf" 2029
"../../../Engine/Shaders/Private/SSRT/SSRTDiffuseIndirect.usf" 2030
"../../../Engine/Shaders/Private/SSRT/SSRTRayCast.ush" 2031
"../../../Engine/Shaders/Private/SSRT/SSRTTileClassificationBuffer.ush" 2032
"../../../Engine/Shaders/Private/SSRT/SSRTReflections.usf" 2033
"../../../Engine/Shaders/Private/ScreenSpaceDenoise/SSDPublic.ush" 2034
"../../../Engine/Shaders/Private/SSRT/SSRTTileClassification.usf" 2035
"../../../Engine/Shaders/Private/SSRT/SSRTPrevFrameReduction.usf" 2036
"../../../Engine/Shaders/Private/ScreenSpaceDenoise/SSDComposeHarmonics.usf" 2037
"../../../Engine/Shaders/Private/ScreenSpaceDenoise/SSDPublicHarmonics.ush" 2038
"../../../Engine/Shaders/Private/ScreenSpaceDenoise/SSDSignalFramework.ush" 2039
"../../../Engine/Shaders/Private/ScreenSpaceDenoise/SSDCommon.ush" 2040
"../../../Engine/Shaders/Private/SphericalGaussian.ush" 2041
"../../../Engine/Shaders/Private/ScreenSpaceDenoise/SSDMetadata.ush" 2042
"../../../Engine/Shaders/Private/ScreenSpaceDenoise/SSDSignalCore.ush" 2043
"../../../Engine/Shaders/Private/ScreenSpaceDenoise/DenoisingCommon.ush" 2044
"../../../Engine/Shaders/Private/ScreenSpaceDenoise/SSDSignalArray.ush" 2045
"../../../Engine/Shaders/Private/ScreenSpaceDenoise/SSDSignalBufferEncoding.ush" 2046
"../../../Engine/Shaders/Private/ScreenSpaceDenoise/SSDPublicBufferEncoding.ush" 2047
"../../../Engine/Shaders/Private/Lumen/LumenBufferEncoding.ush" 2048
"../../../Engine/Shaders/Private/ScreenSpaceDenoise/SSDTemporalAccumulation.usf" 2049
"../../../Engine/Shaders/Private/ScreenSpaceDenoise/SSDSpatialKernel.ush" 2050
"../../../Engine/Shaders/Private/ScreenSpaceDenoise/SSDSignalAccumulatorArray.ush" 2051
"../../../Engine/Shaders/Private/ScreenSpaceDenoise/SSDSignalAccumulator.ush" 2052
"../../../Engine/Shaders/Private/ScreenSpaceDenoise/SSDSignalCompression.ush" 2053
"../../../Engine/Shaders/Private/ScreenSpaceDenoise/SSDSpatialAccumulation.usf" 2054
"../../../Engine/Shaders/Private/ScreenSpaceDenoise/SSDInjest.usf" 2055
"../../../Engine/Shaders/Private/ScreenSpaceDenoise/SSDCompressMetadata.usf" 2056
"../../../Engine/Shaders/Private/DownsampleDepthPixelShader.usf" 2057
"../../../Engine/Shaders/Private/ScreenPass.usf" 2058
"../../../Engine/Shaders/Private/HZB.usf" 2059
"../../../Engine/Shaders/Private/HZBOcclusion.usf" 2060
"../../../Engine/Shaders/Private/OcclusionQueryPixelShader.usf" 2061
"../../../Engine/Shaders/Private/OcclusionQueryVertexShader.usf" 2062
"../../../Engine/Shaders/Private/HitProxyPixelShader.usf" 2063
"../../../Engine/Shaders/Private/HitProxyVertexShader.usf" 2064
"../../../Engine/Shaders/Private/SceneCapturePixelShader.usf" 2065
"../../../Engine/Shaders/Private/RTWriteMaskDecode.usf" 2066
"../../../Engine/Shaders/Private/ReflectionEnvironmentShaders.usf" 2067
"../../../Engine/Shaders/Private/RectLightAtlas.usf" 2068
"../../../Engine/Shaders/Private/RayTracing/TraceRayInlineStatistics.usf" 2069
"../../../Engine/Shaders/Private/RayTracing/TraceRayInlineCommon.ush" 2070
"../../../Engine/Shaders/Private/RayTracing/VisualizeSkyLightMipTreePS.usf" 2071
"../../../Engine/Shaders/Private/RayTracing/MipTreeCommon.ush" 2072
"../../../Engine/Shaders/Private/RayTracing/CompositeSkyLightPS.usf" 2073
"../../../Engine/Shaders/Private/RayTracing/GenerateSkyLightVisibilityRaysCS.usf" 2074
"../../../Engine/Shaders/Private/RayTracing/RayTracingSkyLightCommon.ush" 2075
"../../../Engine/Shaders/Private/RayTracing/SkyLightVisibilityRaysData.ush" 2076
"../../../Engine/Shaders/Private/Raytracing/RaytracingSkylightRGS.usf" 2077
"../../../Engine/Shaders/Private/HairStrands/HairStrandsRaytracing.ush" 2078
"../../../Engine/Shaders/Private/Raytracing/RayTracingSkyLightEvaluation.ush" 2079
"../../../Engine/Shaders/Private/Raytracing/RayTracingDeferredShadingCommon.ush" 2080
"../../../Engine/Shaders/Private/RayTracing/RayTracingOcclusionRGS.usf" 2081
"../../../Engine/Shaders/Private/RayTracing/RayTracingDirectionalLight.ush" 2082
"../../../Engine/Shaders/Private/RayTracing/RayTracingRectLight.ush" 2083
"../../../Engine/Shaders/Private/RayTracing/RayTracingSphereLight.ush" 2084
"../../../Engine/Shaders/Private/RayTracing/RayTracingCapsuleLight.ush" 2085
"../../../Engine/Shaders/Private/RayTracing/SplitImaginaryReflectionGBufferCS.usf" 2086
"../../../Engine/Shaders/Private/RayTracing/RayTracingReflectionsCommon.ush" 2087
"../../../Engine/Shaders/Private/RayTracing/RayTracingReflections.usf" 2088
"../../../Engine/Shaders/Private/RayTracing/RayTracingLightingCommon.ush" 2089
"../../../Engine/Shaders/Private/RayTracing/RayTracingLightCullingCommon.ush" 2090
"../../../Engine/Shaders/Private/RayTracing/RayTracingReflectionEnvironment.ush" 2091
"../../../Engine/Shaders/Private/RayTracing/RayTracingPrimaryRays.usf" 2092
"../../../Engine/Shaders/Private/RayTracing/RayTracingMaterialDefaultHitShaders.usf" 2093
"../../../Engine/Shaders/Private/RayTracing/RayTracingMaterialHitShaders.usf" 2094
"../../../Engine/Shaders/Private/RayTracing/RayTracingCalcInterpolants.ush" 2095
"../../../Engine/Shaders/Private/LightmapCommon.ush" 2096
"../../../Engine/Shaders/Private/Lumen/LumenHardwareRayTracingPayloadCommon.ush" 2097
"../../../Engine/Shaders/Private/Strata/StrataExport.ush" 2098
"../../../Engine/Shaders/Private/RayTracing/RayTracingLightingMS.usf" 2099
"../../../Engine/Shaders/Private/RayTracing/RayTracingLightFunctionCommon.ush" 2100
"../../../Engine/Shaders/Private/RayTracing/GenerateCulledLightListCS.usf" 2101
"../../../Engine/Shaders/Private/Raytracing/RayTracingInstanceBufferUtil.usf" 2102
"../../../Engine/Shaders/Private/RayTracing/RayTracingFinalGatherRGS.usf" 2103
"../../../Engine/Shaders/Private/RayTracing/RayTracingGatherPoints.ush" 2104
"../../../Engine/Shaders/Private/PathTracing/Light/PathTracingLightSampling.ush" 2105
"../../../Engine/Shaders/Private/PathTracing/Light/PathTracingLightCommon.ush" 2106
"../../../Engine/Shaders/Shared/RayTracingTypes.h" 2107
"../../../Engine/Shaders/Private/PathTracing/Light/PathTracingDirectionalLight.ush" 2108
"../../../Engine/Shaders/Private/PathTracing/Light/PathTracingPointLight.ush" 2109
"../../../Engine/Shaders/Private/PathTracing/Light/PathTracingCapsuleLight.ush" 2110
"../../../Engine/Shaders/Private/PathTracing/Light/PathTracingRectLight.ush" 2111
"../../../Engine/Shaders/Private/PathTracing/Light/PathTracingSkyLight.ush" 2112
"../../../Engine/Shaders/Private/PathTracing/Light/PathTracingSpotLight.ush" 2113
"../../../Engine/Shaders/Private/PathTracing/Material/PathTracingMaterialSampling.ush" 2114
"../../../Engine/Shaders/Private/PathTracing/Material/PathTracingMaterialCommon.ush" 2115
"../../../Engine/Shaders/Private/PathTracing/PathTracingCommon.ush" 2116
"../../../Engine/Shaders/Private/PathTracing/Material/PathTracingLambert.ush" 2117
"../../../Engine/Shaders/Private/PathTracing/Material/PathTracingRadianceProbe.ush" 2118
"../../../Engine/Shaders/Private/PathTracing/Material/FirstBounceRayGuidingCommon.ush" 2119
"../../../Engine/Shaders/Private/PathTracing/Material/PathTracingSpecularReflection.ush" 2120
"../../../Engine/Shaders/Private/PathTracing/Material/PathTracingSpecularTransmission.ush" 2121
"../../../Engine/Shaders/Private/PathTracing/Material/PathTracingSolidGlass.ush" 2122
"../../../Engine/Shaders/Private/PathTracing/Material/PathTracingEnergyConservation.ush" 2123
"../../../Engine/Shaders/Private/PathTracing/Material/PathTracingThinGlass.ush" 2124
"../../../Engine/Shaders/Private/PathTracing/Material/PathTracingDefaultLit.ush" 2125
"../../../Engine/Shaders/Private/PathTracing/Material/PathTracingClearCoat.ush" 2126
"../../../Engine/Shaders/Private/PathTracing/Material/PathTracingTwoSidedFoliage.ush" 2127
"../../../Engine/Shaders/Private/PathTracing/Material/PathTracingCloth.ush" 2128
"../../../Engine/Shaders/Private/PathTracing/Material/PathTracingSubsurfaceProfile.ush" 2129
"../../../Engine/Shaders/Private/PathTracing/Material/PathTracingEye.ush" 2130
"../../../Engine/Shaders/Private/PathTracing/Material/PathTracingHair.ush" 2131
"../../../Engine/Shaders/Private/PathTracing/Material/PathTracingMedium.ush" 2132
"../../../Engine/Shaders/Private/RayTracing/RayTracingCreateGatherPointsRGS.usf" 2133
"../../../Engine/Shaders/Private/RayTracing/RayTracingGlobalIlluminationRGS.usf" 2134
"../../../Engine/Shaders/Private/RayTracing/RayTracingDynamicMesh.usf" 2135
"../../../Engine/Shaders/Private/RayTracing/RayTracingDeferredReflections.usf" 2136
"../../../Engine/Shaders/Private/RayTracing/RayTracingDeferredMaterials.ush" 2137
"../../../Engine/Shaders/Shared/ThirdParty/AMD/ags_shader_intrinsics_dx12.h" 2138
"../../../Engine/Shaders/Private/RayTracing/RayTracingDeferredReflections.ush" 2139
"../../../Engine/Shaders/Private/RayTracing/RayTracingReflectionResolve.usf" 2140
"../../../Engine/Shaders/Private/RayTracing/RayTracingReflectionsGenerateRaysCS.usf" 2141
"../../../Engine/Shaders/Private/RayTracing/MaterialSort.usf" 2142
"../../../Engine/Shaders/Private/RayTracing/RayTracingDeferredMaterials.usf" 2143
"../../../Engine/Shaders/Private/RayTracing/RayTracingDecalMaterialShader.usf" 2144
"../../../Engine/Shaders/Private/RayTracing/RayTracingBuildDecalGrid.usf" 2145
"../../../Engine/Shaders/Private/RayTracing/RayTracingDebug.usf" 2146
"../../../Engine/Shaders/Shared/RayTracingDebugDefinitions.h" 2147
"../../../Engine/Shaders/Shared/RayTracingDebugTypes.h" 2148
"../../../Engine/Shaders/Private/RayTracing/RayTracingDebugTraversal.usf" 2149
"../../../Engine/Shaders/Private/Nanite/NaniteRayTrace.ush" 2150
"../../../Engine/Shaders/Shared/ThirdParty/RayTriangleIntersection.h" 2151
"../../../Engine/Shaders/Private/RayTracing/TraceRayInline.ush" 2152
"../../../Engine/Shaders/Private/RayTracing/TraceRayInlineVulkan.ush" 2153
"../../../Engine/Shaders/Private/RayTracing/RayTracingBarycentrics.usf" 2154
"../../../Engine/Shaders/Private/RayTracing/RayTracingAmbientOcclusionRGS.usf" 2155
"../../../Engine/Shaders/Private/VisualizeShadingModels.usf" 2156
"../../../Engine/Shaders/Private/PostProcessCommon.ush" 2157
"../../../Engine/Shaders/Private/MotionBlur/VisualizeMotionVectors.usf" 2158
"../../../Engine/Shaders/Private/TemporalSuperResolution/TSRDebugHistory.usf" 2159
"../../../Engine/Shaders/Private/TemporalSuperResolution/TSRCommon.ush" 2160
"../../../Engine/Shaders/Public/DualPixelVectorization.ush" 2161
"../../../Engine/Shaders/Private/TemporalSuperResolution/TSRResolveHistory.usf" 2162
"../../../Engine/Shaders/Private/TemporalSuperResolution/TSRUpdateHistory.usf" 2163
"../../../Engine/Shaders/Private/TemporalSuperResolution/TSRFilterAntiAliasing.usf" 2164
"../../../Engine/Shaders/Private/TemporalSuperResolution/TSRSpatialAntiAliasing.usf" 2165
"../../../Engine/Shaders/Private/TemporalSuperResolution/TSRRejectShading.usf" 2166
"../../../Engine/Shaders/Public/LaneVectorization.ush" 2167
"../../../Engine/Shaders/Private/TemporalSuperResolution/TSRCompareTranslucency.usf" 2168
"../../../Engine/Shaders/Private/TemporalSuperResolution/TSRDecimateHistory.usf" 2169
"../../../Engine/Shaders/Private/TemporalSuperResolution/TSRDilateVelocity.usf" 2170
"../../../Engine/Shaders/Private/MotionBlur/MotionBlurVelocityFlatten.ush" 2171
"../../../Engine/Shaders/Private/MotionBlur/MotionBlurCommon.ush" 2172
"../../../Engine/Shaders/Private/TemporalSuperResolution/TSRClearPrevTextures.usf" 2173
"../../../Engine/Shaders/Private/TemporalSuperResolution/TSRComputeMoireLuma.usf" 2174
"../../../Engine/Shaders/Private/TemporalAA.usf" 2175
"../../../Engine/Shaders/Private/FilterPixelShader.usf" 2176
"../../../Engine/Shaders/Private/FilterVertexShader.usf" 2177
"../../../Engine/Shaders/Private/PostProcessVisualizeBuffer.usf" 2178
"../../../Engine/Shaders/Private/PostProcessVisualizeLocalExposure.usf" 2179
"../../../Engine/Shaders/Private/PostProcessHistogramCommon.ush" 2180
"../../../Engine/Shaders/Private/PostProcessVisualizeLevelInstance.usf" 2181
"../../../Engine/Shaders/Private/PostProcessVisualizeHDR.usf" 2182
"../../../Engine/Shaders/Private/ShaderComplexityApplyPixelShader.usf" 2183
"../../../Engine/Shaders/Private/QuadOverdraw.ush" 2184
"../../../Engine/Shaders/Private/PostProcessUpscale.usf" 2185
"../../../Engine/Shaders/Private/PostProcessTonemap.usf" 2186
"../../../Engine/Shaders/Private/PostProcessing/FilmGrainPackConstants.usf" 2187
"../../../Engine/Shaders/Private/PostProcessing/FilmGrainReduce.usf" 2188
"../../../Engine/Shaders/Private/PostProcessTestImage.usf" 2189
"../../../Engine/Shaders/Private/PostProcessSubsurface.usf" 2190
"../../../Engine/Shaders/Private/SeparableSSS.ush" 2191
"../../../Engine/Shaders/Private/SubsurfaceBurleyNormalized.ush" 2192
"../../../Engine/Shaders/Private/PostProcessSelectionOutline.usf" 2193
"../../../Engine/Shaders/Private/PostProcessPixelProjectedReflectionMobile.usf" 2194
"../../../Engine/Shaders/Private/MotionBlur/MotionBlurVisualize.usf" 2195
"../../../Engine/Shaders/Private/MotionBlur/MotionBlurApply.usf" 2196
"../../../Engine/Shaders/Private/MotionBlur/MotionBlurFilterTileClassify.usf" 2197
"../../../Engine/Shaders/Private/MotionBlur/MotionBlurTileScatter.usf" 2198
"../../../Engine/Shaders/Private/MotionBlur/MotionBlurTileGather.usf" 2199
"../../../Engine/Shaders/Private/MotionBlur/MotionBlurVelocityFlatten.usf" 2200
"../../../Engine/Shaders/Private/PostProcessMobile.usf" 2201
"../../../Engine/Shaders/Private/PostProcessMitchellNetravali.usf" 2202
"../../../Engine/Shaders/Private/PostProcessMaterialShaders.usf" 2203
"../../../Engine/Shaders/Private/PostProcessLocalExposure.usf" 2204
"../../../Engine/Shaders/Private/PostProcessLensFlares.usf" 2205
"../../../Engine/Shaders/Private/PostProcessHMD.usf" 2206
"../../../Engine/Shaders/Private/Histogram.usf" 2207
"../../../Engine/Shaders/Private/PostProcessHistogramReduce.usf" 2208
"../../../Engine/Shaders/Private/PostProcessHistogram.usf" 2209
"../../../Engine/Shaders/Private/PostProcessGBufferHints.usf" 2210
"../../../Engine/Shaders/Private/Bloom/BloomFinalizeApplyConstants.usf" 2211
"../../../Engine/Shaders/Private/Bloom/BloomCommon.ush" 2212
"../../../Engine/Shaders/Private/Bloom/BloomResizeKernel.usf" 2213
"../../../Engine/Shaders/Private/Bloom/BloomClampKernel.usf" 2214
"../../../Engine/Shaders/Private/Bloom/BloomPackKernelConstants.usf" 2215
"../../../Engine/Shaders/Private/Bloom/BloomSumScatterDispersionEnergy.usf" 2216
"../../../Engine/Shaders/Private/Bloom/BloomReduceKernelSurvey.usf" 2217
"../../../Engine/Shaders/Private/Bloom/BloomSurveyKernelCenterEnergy.usf" 2218
"../../../Engine/Shaders/Private/Bloom/BloomSurveyMaxScatterDispersion.usf" 2219
"../../../Engine/Shaders/Private/Bloom/BloomFindKernelCenter.usf" 2220
"../../../Engine/Shaders/Private/PostProcessEyeAdaptation.usf" 2221
"../../../Engine/Shaders/Private/PostProcessDownsample.usf" 2222
"../../../Engine/Shaders/Private/PostProcessDOF.usf" 2223
"../../../Engine/Shaders/Private/PostProcessDeviceEncodingOnly.usf" 2224
"../../../Engine/Shaders/Private/PostProcessCompositeEditorPrimitives.usf" 2225
"../../../Engine/Shaders/Private/PostProcessCombineLUTs.usf" 2226
"../../../Engine/Shaders/Private/PostProcessVisualizeDOF.usf" 2227
"../../../Engine/Shaders/Private/PostProcessBloom.usf" 2228
"../../../Engine/Shaders/Private/PostProcessAmbientOcclusionMobile.usf" 2229
"../../../Engine/Shaders/Private/PostProcessAmbientOcclusionCommon.ush" 2230
"../../../Engine/Shaders/Private/FXAAShader.usf" 2231
"../../../Engine/Shaders/Private/Fxaa3_11.ush" 2232
"../../../Engine/Shaders/Private/DiaphragmDOF/DOFRecombine.usf" 2233
"../../../Engine/Shaders/Private/DiaphragmDOF/DOFCommon.ush" 2234
"../../../Engine/Shaders/Private/DiaphragmDOF/DOFHybridScatterPixelShader.usf" 2235
"../../../Engine/Shaders/Private/DiaphragmDOF/DOFHybridScatterCommon.ush" 2236
"../../../Engine/Shaders/Private/DiaphragmDOF/DOFHybridScatterVertexShader.usf" 2237
"../../../Engine/Shaders/Private/DiaphragmDOF/DOFPostfiltering.usf" 2238
"../../../Engine/Shaders/Private/DiaphragmDOF/DOFGatherTileSuggest.ush" 2239
"../../../Engine/Shaders/Private/DiaphragmDOF/DOFCocTileCommon.ush" 2240
"../../../Engine/Shaders/Private/DiaphragmDOF/DOFGatherPass.usf" 2241
"../../../Engine/Shaders/Private/DiaphragmDOF/DOFGatherCommon.ush" 2242
"../../../Engine/Shaders/Private/DiaphragmDOF/DOFGatherAccumulator.ush" 2243
"../../../Engine/Shaders/Private/DiaphragmDOF/DOFGatherKernel.ush" 2244
"../../../Engine/Shaders/Private/DiaphragmDOF/DOFBokehLUT.usf" 2245
"../../../Engine/Shaders/Private/DiaphragmDOF/DOFHybridScatterCompilation.usf" 2246
"../../../Engine/Shaders/Private/DiaphragmDOF/DOFReduce.usf" 2247
"../../../Engine/Shaders/Private/DiaphragmDOF/DOFDownsample.ush" 2248
"../../../Engine/Shaders/Private/DiaphragmDOF/DOFHybridScatterCompilation.ush" 2249
"../../../Engine/Shaders/Private/DiaphragmDOF/DOFDownsample.usf" 2250
"../../../Engine/Shaders/Private/DiaphragmDOF/DOFCocTileDilate.usf" 2251
"../../../Engine/Shaders/Private/DiaphragmDOF/DOFCocTileFlatten.usf" 2252
"../../../Engine/Shaders/Private/DiaphragmDOF/DOFSetup.usf" 2253
"../../../Engine/Shaders/Private/PlanarReflectionShaders.usf" 2254
"../../../Engine/Shaders/Private/PlanarReflectionShared.ush" 2255
"../../../Engine/Shaders/Private/PhysicsFieldVisualizer.usf" 2256
"../../../Engine/Shaders/Private/PathTracing/PathTracingSpatialTemporalDenoising.usf" 2257
"../../../Engine/Shaders/Private/ColorDifference.ush" 2258
"../../../Engine/Shaders/Private/PathTracing/PathTracingCompositingPixelShader.usf" 2259
"../../../Engine/Shaders/Private/PathTracing/PathTracingMaterialHitShader.usf" 2260
"../../../Engine/Shaders/Private/PathTracing/PathTracingLightingMissShader.usf" 2261
"../../../Engine/Shaders/Private/PathTracing/PathTracingMissShader.usf" 2262
"../../../Engine/Shaders/Private/PathTracing/PathTracingBuildAtmosphereLUT.usf" 2263
"../../../Engine/Shaders/Private/PathTracing/Volume/PathTracingAtmosphereCommon.ush" 2264
"../../../Engine/Shaders/Private/PathTracing/PathTracingSwizzleScanlines.usf" 2265
"../../../Engine/Shaders/Private/PathTracing/PathTracingIESAtlas.usf" 2266
"../../../Engine/Shaders/Private/PathTracing/PathTracingInitExtinctionCoefficient.usf" 2267
"../../../Engine/Shaders/Private/PathTracing/PathTracing.usf" 2268
"../../../Engine/Shaders/Private/PathTracing/PathTracingCore.ush" 2269
"../../../Engine/Shaders/Private/RayTracing/RayTracingDecalGrid.ush" 2270
"../../../Engine/Shaders/Private/PathTracing/Utilities/PathTracingRIS.ush" 2271
"../../../Engine/Shaders/Private/PathTracing/Light/PathTracingLightGrid.ush" 2272
"../../../Engine/Shaders/Private/PathTracing/Volume/PathTracingVolume.ush" 2273
"../../../Engine/Shaders/Private/PathTracing/Volume/PathTracingVolumeCommon.ush" 2274
"../../../Engine/Shaders/Private/PathTracing/Volume/PathTracingAtmosphere.ush" 2275
"../../../Engine/Shaders/Private/DoubleWordMath.ush" 2276
"../../../Engine/Shaders/Private/PathTracing/Volume/PathTracingFog.ush" 2277
"../../../Engine/Shaders/Private/PathTracing/Volume/PathTracingVolumeSampling.ush" 2278
"../../../Engine/Shaders/Private/PathTracing/PathTracingBuildLightGrid.usf" 2279
"../../../Engine/Shaders/Private/PathTracing/PathTracingSkylightMISCompensation.usf" 2280
"../../../Engine/Shaders/Private/PathTracing/PathTracingSkylightPrepare.usf" 2281
"../../../Engine/Shaders/Private/OIT/OITSorting.usf" 2282
"../../../Engine/Shaders/Private/OITCombine.usf" 2283
"../../../Engine/Shaders/Private/OITCommon.ush" 2284
"../../../Engine/Shaders/Private/HTileVisualize.usf" 2285
"../../../Engine/Shaders/Private/HTileEncoding.ush" 2286
"../../../Engine/Shaders/Private/Nanite/NaniteDebugViews.usf" 2287
"../../../Engine/Shaders/Private/Nanite/NaniteMaterialComplexity.usf" 2288
"../../../Engine/Shaders/Private/Nanite/NaniteVisualize.usf" 2289
"../../../Engine/Shaders/Private/Nanite/NaniteStreamOut.usf" 2290
"../../../Engine/Shaders/Private/Nanite/NaniteMaterialCulling.usf" 2291
"../../../Engine/Shaders/Private/Nanite/NaniteDepthExport.usf" 2292
"../../../Engine/Shaders/Private/Nanite/NaniteExportGBuffer.usf" 2293
"../../../Engine/Shaders/Private/Nanite/NaniteRasterizer.usf" 2294
"../../../Engine/Shaders/Private/Nanite/NaniteWritePixel.ush" 2295
"../../../Engine/Shaders/Private/WorkDistribution.ush" 2296
"../../../Engine/Shaders/Private/Nanite/NaniteRasterBinning.usf" 2297
"../../../Engine/Shaders/Private/Nanite/NaniteInstanceCulling.usf" 2298
"../../../Engine/Shaders/Private/Nanite/NaniteImposter.ush" 2299
"../../../Engine/Shaders/Private/Nanite/NanitePrimitiveFilter.usf" 2300
"../../../Engine/Shaders/Private/Nanite/NanitePrintStats.usf" 2301
"../../../Engine/Shaders/Private/Nanite/NaniteEmitShadow.usf" 2302
"../../../Engine/Shaders/Private/MobileDeferredUtils.usf" 2303
"../../../Engine/Shaders/Private/MobileFog.usf" 2304
"../../../Engine/Shaders/Private/DistortApplyScreenPS.usf" 2305
"../../../Engine/Shaders/Private/MobileDeferredShading.usf" 2306
"../../../Engine/Shaders/Private/MobileLightingCommon.ush" 2307
"../../../Engine/Shaders/Private/MobileBasePassPixelShader.usf" 2308
"../../../Engine/Shaders/Private/MobileBasePassCommon.ush" 2309
"../../../Engine/Shaders/Private/BasePassCommon.ush" 2310
"../../../Engine/Shaders/Private/ShadingModelsMaterial.ush" 2311
"../../../Engine/Shaders/Private/SingleLayerWaterShading.ush" 2312
"../../../Engine/Shaders/Private/DistortionCommon.ush" 2313
"../../../Engine/Shaders/Private/MobileBasePassVertexShader.usf" 2314
"../../../Engine/Shaders/Private/Lumen/LumenVisualizeRadianceCache.usf" 2315
"../../../Engine/Shaders/Private/Lumen/LumenRadianceCacheCommon.ush" 2316
"../../../Engine/Shaders/Private/Lumen/LumenVisualizeHardwareRayTracing.usf" 2317
"../../../Engine/Shaders/Private/Lumen/LumenCardCommon.ush" 2318
"../../../Engine/Shaders/Private/Lumen/LumenTracingCommon.ush" 2319
"../../../Engine/Shaders/Private/DistanceField/GlobalDistanceFieldUtils.ush" 2320
"../../../Engine/Shaders/Private/DistanceField/GlobalDistanceFieldObjectGrid.ush" 2321
"../../../Engine/Shaders/Private/DistanceFieldLightingShared.ush" 2322
"../../../Engine/Shaders/Private/Lumen/SurfaceCache/LumenSurfaceCacheSampling.ush" 2323
"../../../Engine/Shaders/Private/Lumen/SurfaceCache/LumenSurfaceCache.ush" 2324
"../../../Engine/Shaders/Private/Lumen/LumenVisualize.ush" 2325
"../../../Engine/Shaders/Private/Lumen/LumenHardwareRayTracingCommon.ush" 2326
"../../../Engine/Shaders/Private/Lumen/LumenHardwareRayTracingPipelineCommon.ush" 2327
"../../../Engine/Shaders/Private/Lumen/LumenHardwareRayTracingPlatformCommon.ush" 2328
"../../../Engine/Shaders/Private/Lumen/LumenVisualize.usf" 2329
"../../../Engine/Shaders/Private/Lumen/LumenVisualizeTraces.ush" 2330
"../../../Engine/Shaders/Private/Lumen/LumenTranslucencyVolumeLighting.usf" 2331
"../../../Engine/Shaders/Private/Lumen/LumenRadianceCacheMarkCommon.ush" 2332
"../../../Engine/Shaders/Private/Lumen/LumenTranslucencyVolumeLightingShared.ush" 2333
"../../../Engine/Shaders/Private/Lumen/LumenScreenProbeCommon.ush" 2334
"../../../Engine/Shaders/Private/BlueNoise.ush" 2335
"../../../Engine/Shaders/Private/Lumen/LumenTranslucencyVolumeHardwareRayTracing.usf" 2336
"../../../Engine/Shaders/Private/Lumen/LumenTranslucencyRadianceCacheMarkShaders.usf" 2337
"../../../Engine/Shaders/Private/Lumen/SurfaceCache/LumenSurfaceCacheFeedback.usf" 2338
"../../../Engine/Shaders/Private/Lumen/SurfaceCache/LumenSurfaceCache.usf" 2339
"../../../Engine/Shaders/Private/Lumen/LumenScreenSpaceBentNormal.usf" 2340
"../../../Engine/Shaders/Private/Lumen/LumenMaterial.ush" 2341
"../../../Engine/Shaders/Private/Lumen/LumenScreenTracing.ush" 2342
"../../../Engine/Shaders/Private/Lumen/LumenScreenProbeTracing.usf" 2343
"../../../Engine/Shaders/Private/Lumen/LumenScreenProbeTracingCommon.ush" 2344
"../../../Engine/Shaders/Private/Lumen/LumenHairTracing.ush" 2345
"../../../Engine/Shaders/Private/Lumen/LumenScreenProbeImportanceSampling.usf" 2346
"../../../Engine/Shaders/Private/Lumen/LumenScreenProbeImportanceSamplingShared.ush" 2347
"../../../Engine/Shaders/Private/Lumen/LumenScreenProbeHardwareRayTracing.usf" 2348
"../../../Engine/Shaders/Private/Lumen/LumenScreenProbeGather.usf" 2349
"../../../Engine/Shaders/Private/Lumen/LumenScreenSpaceBentNormal.ush" 2350
"../../../Engine/Shaders/Private/Lumen/LumenScreenProbeLightSampling.usf" 2351
"../../../Engine/Shaders/Private/Lumen/LumenScreenProbeFiltering.usf" 2352
"../../../Engine/Shaders/Private/Lumen/LumenSceneLighting.usf" 2353
"../../../Engine/Shaders/Private/Lumen/LumenCardTile.ush" 2354
"../../../Engine/Shaders/Private/Lumen/LumenSceneLighting.ush" 2355
"../../../Engine/Shaders/Private/Lumen/Radiosity/LumenRadiosity.ush" 2356
"../../../Engine/Shaders/Private/Lumen/LumenCardPixelShader.usf" 2357
"../../../Engine/Shaders/Private/Lumen/LumenCardVertexShader.usf" 2358
"../../../Engine/Shaders/Private/Lumen/LumenSceneLightingDebug.usf" 2359
"../../../Engine/Shaders/Private/Lumen/LumenSceneDirectLightingHardwareRayTracing.usf" 2360
"../../../Engine/Shaders/Private/Lumen/LumenReflectionCommon.ush" 2361
"../../../Engine/Shaders/Private/Lumen/LumenSceneDirectLighting.ush" 2362
"../../../Engine/Shaders/Private/Lumen/LumenSceneDirectLightingSoftwareRayTracing.usf" 2363
"../../../Engine/Shaders/Private/DistanceFieldShadowingShared.ush" 2364
"../../../Engine/Shaders/Private/Lumen/LumenSceneDirectLightingPerLightShadowCommon.ush" 2365
"../../../Engine/Shaders/Private/Lumen/LumenSceneDirectLightingShadowMask.usf" 2366
"../../../Engine/Shaders/Private/Lumen/LumenSceneDirectLighting.usf" 2367
"../../../Engine/Shaders/Private/Lumen/LumenSceneDirectLightingCulling.usf" 2368
"../../../Engine/Shaders/Private/Lumen/LumenReflectionTracing.usf" 2369
"../../../Engine/Shaders/Private/Lumen/LumenReflections.usf" 2370
"../../../Engine/Shaders/Private/Lumen/LumenReflectionHardwareRayTracing.usf" 2371
"../../../Engine/Shaders/Private/Lumen/Radiosity/LumenVisualizeRadiosityProbes.usf" 2372
"../../../Engine/Shaders/Private/Lumen/Radiosity/LumenRadiosity.usf" 2373
"../../../Engine/Shaders/Private/RayTracing/RayGenUtils.ush" 2374
"../../../Engine/Shaders/Private/Lumen/Radiosity/LumenRadiosityHardwareRayTracing.usf" 2375
"../../../Engine/Shaders/Private/Lumen/Radiosity/LumenRadiosityCulling.usf" 2376
"../../../Engine/Shaders/Private/Lumen/LumenRadianceCacheHardwareRayTracing.usf" 2377
"../../../Engine/Shaders/Private/Lumen/LumenRadianceCacheTracingCommon.ush" 2378
"../../../Engine/Shaders/Private/Lumen/LumenRadianceCache.usf" 2379
"../../../Engine/Shaders/Private/Lumen/LumenRadianceCacheUpdate.ush" 2380
"../../../Engine/Shaders/Private/Lumen/LumenRadianceCacheDebug.usf" 2381
"../../../Engine/Shaders/Private/Lumen/LumenRadianceCacheUpdate.usf" 2382
"../../../Engine/Shaders/Private/Lumen/LumenMeshSDFCulling.usf" 2383
"../../../Engine/Shaders/Private/HybridIndirectLighting.ush" 2384
"../../../Engine/Shaders/Private/MeshDistanceFieldCommon.ush" 2385
"../../../Engine/Shaders/Private/Lumen/LumenIrradianceFieldGather.usf" 2386
"../../../Engine/Shaders/Private/Lumen/LumenHardwareRayTracingMaterials.usf" 2387
"../../../Engine/Shaders/Private/Lumen/LumenHardwareRayTracingPipeline.usf" 2388
"../../../Engine/Shaders/Private/Lumen/LumenFrontLayerTranslucency.usf" 2389
"../../../Engine/Shaders/Private/LightShaftShader.usf" 2390
"../../../Engine/Shaders/Private/StationaryLightOverlapShaders.usf" 2391
"../../../Engine/Shaders/Private/DeferredLightPixelShaders.usf" 2392
"../../../Engine/Shaders/Private/HairStrands/HairStrandsVisibilityUtils.ush" 2393
"../../../Engine/Shaders/Private/DeferredLightVertexShaders.usf" 2394
"../../../Engine/Shaders/Private/LightMapDensityShader.usf" 2395
"../../../Engine/Shaders/Private/LightGridInjection.usf" 2396
"../../../Engine/Shaders/Private/LightFunctionPixelShader.usf" 2397
"../../../Engine/Shaders/Private/LightFunctionVertexShader.usf" 2398
"../../../Engine/Shaders/Private/InstanceCulling/BuildInstanceDrawCommands.usf" 2399
"../../../Engine/Shaders/Private/InstanceCulling/InstanceCompactionCommon.ush" 2400
"../../../Engine/Shaders/Private/InstanceCulling/CompactVisibleInstances.usf" 2401
"../../../Engine/Shaders/Private/ThreadGroupPrefixSum.ush" 2402
"../../../Engine/Shaders/Private/ReflectionEnvironmentPixelShader.usf" 2403
"../../../Engine/Shaders/Private/Strata/StrataEnvironmentLighting.ush" 2404
"../../../Engine/Shaders/Private/AmbientCubemapComposite.usf" 2405
"../../../Engine/Shaders/Private/DiffuseIndirectComposite.usf" 2406
"../../../Engine/Shaders/Private/HeterogeneousVolumes/HeterogeneousVolumesSparseVoxelPipeline.usf" 2407
"../../../Engine/Shaders/Private/HeterogeneousVolumes/HeterogeneousVolumesSparseVoxelUtils.ush" 2408
"../../../Engine/Shaders/Private/HeterogeneousVolumes/HeterogeneousVolumesSparseVoxelUniformBufferUtils.ush" 2409
"../../../Engine/Shaders/Private/HeterogeneousVolumes/HeterogeneousVolumesPreshadingPipeline.usf" 2410
"../../../Engine/Shaders/Private/HeterogeneousVolumes/HeterogeneousVolumesTracingUtils.ush" 2411
"../../../Engine/Shaders/Private/HeterogeneousVolumes/HeterogeneousVolumesLightingUtils.ush" 2412
"../../../Engine/Shaders/Private/HeterogeneousVolumes/HeterogeneousVolumesRayMarchingUtils.ush" 2413
"../../../Engine/Shaders/Private/HeterogeneousVolumes/HeterogeneousVolumesTransmittanceVolumeUtils.ush" 2414
"../../../Engine/Shaders/Private/HeterogeneousVolumes/HeterogeneousVolumesMaterialBakingPipeline.usf" 2415
"../../../Engine/Shaders/Private/HeterogeneousVolumes/HeterogeneousVolumesLiveShadingUtils.ush" 2416
"../../../Engine/Shaders/Private/HeterogeneousVolumes/HeterogeneousVolumesLiveShadingPipeline.usf" 2417
"../../../Engine/Shaders/Private/HeterogeneousVolumes/HeterogeneousVolumesHardwareRayTracing.usf" 2418
"../../../Engine/Shaders/Private/HeterogeneousVolumes/HeterogeneousVolumesComposite.usf" 2419
"../../../Engine/Shaders/Private/HdrCustomResolveShaders.usf" 2420
"../../../Engine/Shaders/Private/HairStrands/HairStrandsVoxelMip.usf" 2421
"../../../Engine/Shaders/Private/HairStrands/HairStrandsVoxelRasterCompute.usf" 2422
"../../../Engine/Shaders/Private/HairStrands/HairStrandsClusterCommon.ush" 2423
"../../../Engine/Shaders/Private/HairStrands/HairStrandsVoxelPageAllocation.usf" 2424
"../../../Engine/Shaders/Private/Matrices.ush" 2425
"../../../Engine/Shaders/Private/HairStrands/HairStrandsAABBCommon.ush" 2426
"../../../Engine/Shaders/Private/HairStrands/HairStrandsVoxelOpaque.usf" 2427
"../../../Engine/Shaders/Private/HairStrands/HairStrandsRaytracingGeometry.usf" 2428
"../../../Engine/Shaders/Private/HairStrands/HairStrandsHitProxy.usf" 2429
"../../../Engine/Shaders/Private/HairStrands/HairStrandsVisibilityRasterComputeNaive.usf" 2430
"../../../Engine/Shaders/Private/HairStrands/HairStrandsVisibilityRasterHW.usf" 2431
"../../../Engine/Shaders/Private/HairStrands/HairStrandsVisibilityRasterCompute.usf" 2432
"../../../Engine/Shaders/Private/HairStrands/HairStrandsVisibilityRasterClassification.usf" 2433
"../../../Engine/Shaders/Private/HairStrands/HairStrandsCoverage.usf" 2434
"../../../Engine/Shaders/Private/HairStrands/HairStrandsVisibilityDepthPS.usf" 2435
"../../../Engine/Shaders/Private/HairStrands/HairStrandsVisibilityTransmittanceDepthPS.usf" 2436
"../../../Engine/Shaders/Private/HairStrands/HairStrandsVisibilityFillOpaqueDepthPS.usf" 2437
"../../../Engine/Shaders/Private/HairStrands/HairStrandsVisibilityCompactionComputeRaster.usf" 2438
"../../../Engine/Shaders/Private/HairStrands/HairStrandsVisibilityCompaction.usf" 2439
"../../../Engine/Shaders/Private/HairStrands/HairStrandsVisibilityCopyIndirectArg.usf" 2440
"../../../Engine/Shaders/Private/HairStrands/HairStrandsVisibilityClearPS.usf" 2441
"../../../Engine/Shaders/Private/HairStrands/HairStrandsVisibilityPS.usf" 2442
"../../../Engine/Shaders/Private/HairStrands/HairStrandsVisibilityVS.usf" 2443
"../../../Engine/Shaders/Private/HairStrands/HairStrandsVelocity.usf" 2444
"../../../Engine/Shaders/Private/HairStrands/HairStrandsVisibilityComputeSampleCoverage.usf" 2445
"../../../Engine/Shaders/Private/HairStrands/HairStrandsMaterialPS.usf" 2446
"../../../Engine/Shaders/Private/HairStrands/HairStrandsMaterialCommon.ush" 2447
"../../../Engine/Shaders/Private/HairStrands/HairStrandsMaterialVS.usf" 2448
"../../../Engine/Shaders/Private/HairStrands/HairStrandsLightSample.usf" 2449
"../../../Engine/Shaders/Private/HairStrands/HairStrandsDeepShadowMask.usf" 2450
"../../../Engine/Shaders/Private/HairStrands/HairStrandsDeepShadowCommon.ush" 2451
"../../../Engine/Shaders/Private/HairStrands/HairStrandsDeepTransmittanceMask.usf" 2452
"../../../Engine/Shaders/Private/HairStrands/HairStrandsVisibilityTile.usf" 2453
"../../../Engine/Shaders/Private/HairStrands/HairStrandsDeepShadowPS.usf" 2454
"../../../Engine/Shaders/Private/HairStrands/HairStrandsDeepShadowVS.usf" 2455
"../../../Engine/Shaders/Private/HairStrands/HairStrandsLUT.usf" 2456
"../../../Engine/Shaders/Private/HairStrands/HairStrandsEnvironmentLighting.usf" 2457
"../../../Engine/Shaders/Private/HairStrands/HairStrandsEnvironmentLightingCommon.ush" 2458
"../../../Engine/Shaders/Private/HairStrands/HairStrandsDebugCommonStruct.ush" 2459
"../../../Engine/Shaders/Private/HairStrands/HairStrandsEnvironmentAO.usf" 2460
"../../../Engine/Shaders/Private/HairStrands/HairStrandsDeepShadowAllocation.usf" 2461
"../../../Engine/Shaders/Private/HairStrands/HairStrandsVoxelDepthInjection.usf" 2462
"../../../Engine/Shaders/Private/HairStrands/HairStrandsClusterCulling.usf" 2463
"../../../Engine/Shaders/Private/HairStrands/HairStrandsDebug.usf" 2464
"../../../Engine/Shaders/Private/HairStrands/HairStrandsMeshProjectionCommon.ush" 2465
"../../../Engine/Shaders/Private/HairStrands/HairStrandsVoxelPageRayMarching.usf" 2466
"../../../Engine/Shaders/Private/HairStrands/HairStrandsGBufferWrite.usf" 2467
"../../../Engine/Shaders/Private/HairStrands/HairStrandsGBufferCommon.ush" 2468
"../../../Engine/Shaders/Private/HairStrands/HairStrandsVisibilityComposeSubPixelPS.usf" 2469
"../../../Engine/Shaders/Private/HairStrands/HairStrandsAABB.usf" 2470
"../../../Engine/Shaders/Private/GPUScene/GPUSceneDataManagement.usf" 2471
"../../../Engine/Shaders/Private/GPUSceneDebugRender.usf" 2472
"../../../Engine/Shaders/Private/GPUFastFourierTransform.usf" 2473
"../../../Engine/Shaders/Private/GPUFastFourierTransform2DCore.ush" 2474
"../../../Engine/Shaders/Private/GPUFastFourierTransformCore.ush" 2475
"../../../Engine/Shaders/Private/GPUBenchmark.usf" 2476
"../../../Engine/Shaders/Private/DistanceField/GlobalDistanceFieldDebug.usf" 2477
"../../../Engine/Shaders/Private/DistanceField/GlobalDistanceFieldMip.usf" 2478
"../../../Engine/Shaders/Private/DistanceField/GlobalDistanceField.usf" 2479
"../../../Engine/Shaders/Private/DistanceField/GlobalDistanceFieldUpdate.ush" 2480
"../../../Engine/Shaders/Private/DistanceField/GlobalDistanceFieldCompositeObjects.usf" 2481
"../../../Engine/Shaders/Private/DistanceField/GlobalDistanceFieldHeightfields.usf" 2482
"../../../Engine/Shaders/Private/HeightfieldLightingShared.ush" 2483
"../../../Engine/Shaders/Private/GenerateConservativeDepth.usf" 2484
"../../../Engine/Shaders/Private/HeightFogPixelShader.usf" 2485
"../../../Engine/Shaders/Private/HeightFogVertexShader.usf" 2486
"../../../Engine/Shaders/Private/DistortFiltering.usf" 2487
"../../../Engine/Shaders/Private/DistortAccumulatePS.usf" 2488
"../../../Engine/Shaders/Private/DistortAccumulateVS.usf" 2489
"../../../Engine/Shaders/Private/DistanceFieldVisualization.usf" 2490
"../../../Engine/Shaders/Private/DistanceFieldStreaming.usf" 2491
"../../../Engine/Shaders/Private/DistanceFieldShadowing.usf" 2492
"../../../Engine/Shaders/Private/DistanceFieldScreenGridLighting.usf" 2493
"../../../Engine/Shaders/Private/DistanceFieldObjectCulling.usf" 2494
"../../../Engine/Shaders/Private/DistanceFieldLightingPost.usf" 2495
"../../../Engine/Shaders/Private/DitheredTransitionStencil.usf" 2496
"../../../Engine/Shaders/Private/DepthOnlyPixelShader.usf" 2497
"../../../Engine/Shaders/Private/DepthOnlyVertexShader.usf" 2498
"../../../Engine/Shaders/Private/PositionOnlyDepthVertexShader.usf" 2499
"../../../Engine/Shaders/Private/DeferredDecal.usf" 2500
"../../../Engine/Shaders/Private/DecalCommon.ush" 2501
"../../../Engine/Shaders/Private/DebugViewModeVertexShader.usf" 2502
"../../../Engine/Shaders/Private/DebugViewModeCommon.ush" 2503
"../../../Engine/Shaders/Private/DebugViewModePixelShader.usf" 2504
"../../../Engine/Shaders/Private/DebugProbes.usf" 2505
"../../../Engine/Shaders/Private/MeshDecals.usf" 2506
"../../../Engine/Shaders/Private/PostProcessAmbientOcclusion.usf" 2507
"../../../Engine/Shaders/Private/ClusteredDeferredShadingPixelShader.usf" 2508
"../../../Engine/Shaders/Private/ClusteredDeferredShadingVertexShader.usf" 2509
"../../../Engine/Shaders/Private/CapsuleShadowShaders.usf" 2510
"../../../Engine/Shaders/Private/BasePassPixelShader.usf" 2511
"../../../Engine/Shaders/Private/ThinTranslucentCommon.ush" 2512
"../../../Engine/Shaders/Private/ForwardLightingCommon.ush" 2513
"../../../Engine/Shaders/Private/Strata/StrataForwardLighting.ush" 2514
"../../../Engine/Shaders/Private/ComputeShaderOutputCommon.ush" 2515
"../../../Engine/Shaders/Private/BasePassVertexShader.usf" 2516
"../../../Engine/Shaders/Private/BasePassVertexCommon.ush" 2517
"../../../Engine/Shaders/Private/AnisotropyPassShader.usf" 2518
"../../../Engine/Shaders/Private/SimpleElementVolumeTexturePreviewPixelShader.usf" 2519
"../../../Engine/Shaders/Private/SimpleElementTexture2DPreviewPixelShader.usf" 2520
"../../../Engine/Shaders/Private/meshpaintdilatepixelshader.usf" 2521
"../../../Engine/Shaders/Private/meshpaintdilatevertexshader.usf" 2522
"../../../Engine/Shaders/Private/MeshPaintPixelShader.usf" 2523
"../../../Engine/Shaders/Private/MeshPaintVertexShader.usf" 2524
"../../../Engine/Shaders/Private/Tools/VisualizeTexture.usf" 2525
"../../../Engine/Shaders/Private/ByteBuffer.usf" 2526
"../../../Engine/Shaders/Private/ResolveVertexShader.usf" 2527
"../../../Engine/Shaders/Private/ResolvePixelShader.usf" 2528
"../../../Engine/Shaders/Private/Tools/SetupIndirectArgs.usf" 2529
"../../../Engine/Shaders/Private/Tools/ClearUAV.usf" 2530
"../../../Engine/Shaders/Private/ClearReplacementShaders.usf" 2531
"../../../Engine/Shaders/Private/Tools/DrawTexture.usf" 2532
"../../../Engine/Shaders/Private/RayTracing/RayTracingValidation.usf" 2533
"../../../Engine/Shaders/Private/RenderGraphUtilities.usf" 2534
"../../../Engine/Shaders/Private/OneColorShader.usf" 2535
"../../../Engine/Shaders/Private/OculusShaders.usf" 2536
"../../../Engine/Shaders/Private/MediaShaders.usf" 2537
"../../../Engine/Shaders/Private/GPUMessaging.usf" 2538
"../../../Engine/Shaders/Private/NullPixelShader.usf" 2539
"../../../Engine/Shaders/Private/ComputeGenerateMips.usf" 2540
"../../../Engine/Shaders/Private/Tools/DumpTexture.usf" 2541
"../../../Engine/Shaders/Private/CopyTextureShaders.usf" 2542
"../../../Engine/Shaders/Private/Tools/FullscreenVertexShader.usf" 2543
"../../../Engine/Shaders/Private/RayTracing/RayTracingDispatchDesc.usf" 2544
"../../../Engine/Shaders/Private/RayTracing/RayTracingBuiltInShaders.usf" 2545
"../../../Engine/Shaders/Private/Bink.usf" 2546
"../../../../../Workspace_ISECONVI/ISECONVI/Intermediate/ShaderAutogen/PCD3D_SM5/AutogenShaderHeaders.ush" 2547
"E:/Workspace_ISECONVI/ISECONVI/Content/3DTeamAsset/Architecture_PyeonUIJeom/Final_ConvinienceStore_Blueprint.uasset" 2548
"E:/Workspace_ISECONVI/ISECONVI/Content/BattleSequence/Character/BP_PartyUnit_Player.uasset" 2549
"E:/Workspace_ISECONVI/ISECONVI/Content/BattleSequence/Character/BP_PartyUnit_Hero.uasset" 2550
"E:/Workspace_ISECONVI/ISECONVI/Content/BattleSequence/UI/WBP_ResultScreen.uasset" 2551
"E:/Workspace_ISECONVI/ISECONVI/Content/BattleSequence/UI/WBP_ActionUI.uasset" 2552
"../../../Engine/Content/EditorResources/S_Actor.uasset" 2553
"E:/Workspace_ISECONVI/ISECONVI/Content/BusinessSequence/UI/WBP_HUD_BusinessMain.uasset" 2554
"E:/Workspace_ISECONVI/ISECONVI/Content/BusinessSequence/UI/WBP_HUD_BusinessStartButton.uasset" 2555
"E:/Workspace_ISECONVI/ISECONVI/Content/BattleSequence/Character/Resource/player_parts2.uasset" 2556
"E:/Workspace_ISECONVI/ISECONVI/Content/BattleSequence/Character/Resource/Textures/player_parts2.uasset" 2557
"C:/Users/minls/AppData/Local/UnrealEngine/Common/DerivedDataCache/Buckets/BulkDataList/03/ac/07a436505d71ebf7d8fe75639c34bebf34f6.udd" 2558
"E:/Workspace_ISECONVI/ISECONVI/Content/TravelSequence/Travel_PauseUI/WBP_MasterPhone.uasset" 2559
"E:/Workspace_ISECONVI/ISECONVI/Content/TravelSequence/Travel_PauseUI/AppButton/WBP_AppButton_NextDay.uasset" 2560
"E:/Workspace_ISECONVI/ISECONVI/Content/TravelSequence/Travel_ConversationSystem/BP_NPC.uasset" 2561
"E:/Workspace_ISECONVI/ISECONVI/Content/TravelSequence/TESTCharacter/TEST_SD_Charater.uasset" 2562
"E:/Workspace_ISECONVI/ISECONVI/Content/TravelSequence/TESTCharacter/IKRT_SDtoManny.uasset" 2563
"E:/Workspace_ISECONVI/ISECONVI/Content/LEVEL/LEVEL_MainTitle_Day.umap" 2564
"E:/Workspace_ISECONVI/ISECONVI/Content/LEVEL/LEVEL_Travel_Stage1_Market.umap" 2565
"E:/Workspace_ISECONVI/ISECONVI/Content/LEVEL/LEVEL_Travel_Church.umap" 2566
"E:/Workspace_ISECONVI/ISECONVI/Content/LEVEL/LEVEL_TravelSequence.umap" 2567
"E:/Workspace_ISECONVI/ISECONVI/Content/LEVEL/LEVEL_Travel_Stage1_MainPlaza.umap" 2568
"E:/Workspace_ISECONVI/ISECONVI/Content/LEVEL/LEVEL_BattleSequence.umap" 2569
"E:/Workspace_ISECONVI/ISECONVI/Content/LEVEL/LEVEL_BackgroundCapture.umap" 2570
"E:/Workspace_ISECONVI/ISECONVI/Content/LEVEL/BusinessLevel_Exit.uasset" 2571
"E:/Workspace_ISECONVI/ISECONVI/Content/G_MainSequence/WBP_LevelLoadingUI.uasset" 2572
"E:/Workspace_ISECONVI/ISECONVI/Content/G_MainSequence/GameTitleSequence/WBP_MainTitle_Night.uasset" 2573
"E:/Workspace_ISECONVI/ISECONVI/Content/G_MainSequence/GameTitleSequence/WBP_MainTitle_Day.uasset" 2574
"E:/Workspace_ISECONVI/ISECONVI/Content/G_MainSequence/GameTitleSequence/ISECONVI_MainTitleGameMode.uasset" 2575
"E:/Workspace_ISECONVI/ISECONVI/Content/CokeBoss_Binary/BP_CokeBoss_Reload.uasset" 2576
"E:/Workspace_ISECONVI/ISECONVI/Content/Characters/Mannequin_UE4/Rigs/RTG_UE5Manny_UE4Manny.uasset" 2577
"E:/Workspace_ISECONVI/ISECONVI/Content/Characters/Mannequin_UE4/Rigs/RTG_UE4Manny_UE5Manny.uasset" 2578
"E:/Workspace_ISECONVI/ISECONVI/Content/Characters/Mannequin_UE4/Rigs/IK_UE4_Mannequin.uasset" 2579
"E:/Workspace_ISECONVI/ISECONVI/Content/Characters/Mannequins/Rigs/RTG_Mannequin.uasset" 2580
"E:/Workspace_ISECONVI/ISECONVI/Content/Characters/Mannequins/Rigs/IK_Mannequin.uasset" 2581
"E:/Workspace_ISECONVI/ISECONVI/Content/Characters/Mannequins/Rigs/CR_Mannequin_Body.uasset" 2582
"E:/Workspace_ISECONVI/ISECONVI/Content/Characters/Mannequins/Rigs/CR_Mannequin_Procedural.uasset" 2583
"E:/Workspace_ISECONVI/ISECONVI/Content/Characters/Mannequins/Rigs/CR_Mannequin_BasicFootIK.uasset" 2584
"../../../../../Workspace_ISECONVI/ISECONVI/Intermediate/ShaderAutogen/PCD3D_SM6/AutogenShaderHeaders.ush" 2585
"../../../../../Workspace_ISECONVI/ISECONVI/Intermediate/ShaderAutogen/PCD3D_ES3_1/AutogenShaderHeaders.ush" 2586
"../../../Engine/Content/EditorResources/S_BoxReflectionCapture.uasset" 2587
"C:/Users/minls/AppData/Local/UnrealEngine/Common/DerivedDataCache/Buckets/BulkDataList/ec/8c/4591c8505d8f2f98704a2ac38990ef2e78f9.udd" 2588
"../../../Engine/Content/EngineResources/DefaultTexture.uasset" 2589
"C:/Users/minls/AppData/Local/UnrealEngine/Common/DerivedDataCache/Buckets/BulkDataList/6e/f3/3b86777cab6dc86ed0c779ecdf8fe39cda22.udd" 2590
"../../../Engine/Content/EngineResources/DefaultTextureCube.uasset" 2591
"C:/Users/minls/AppData/Local/UnrealEngine/Common/DerivedDataCache/Buckets/BulkDataList/fb/e7/b9ed1d96a582eeb90a92819324ee0c9755cb.udd" 2592
"../../../Engine/Content/EngineResources/DefaultVolumeTexture.uasset" 2593
"../../../Engine/Content/EngineResources/DefaultVolumeTexture2D.uasset" 2594
"C:/Users/minls/AppData/Local/UnrealEngine/Common/DerivedDataCache/Buckets/BulkDataList/7e/ce/3c891ce92772979ddffbb0ef5f69274081d9.udd" 2595
"C:/Users/minls/AppData/Local/UnrealEngine/Common/DerivedDataCache/Buckets/BulkDataList/4a/44/54ffca189694b6c6a5cdd2982e7742213d15.udd" 2596
"../../../Engine/Content/EngineFonts/RobotoDistanceField.uasset" 2597
"C:/Users/minls/AppData/Local/UnrealEngine/Common/DerivedDataCache/Buckets/BulkDataList/95/ba/3d4a68293effcc999007b0be1bef45c2f28a.udd" 2598
"../../../Engine/Content/EngineMaterials/DefaultTextMaterialOpaque.uasset" 2599
"../../../Engine/Content/Functions/Engine_MaterialFunctions01/Shading/PowerToRoughness.uasset" 2600
"../../../Engine/Content/Functions/Engine_MaterialFunctions01/Shading/ConvertFromDiffSpec.uasset" 2601
"../../../Engine/Content/EngineMaterials/WorldGridMaterial.uasset" 2602
"../../../Engine/Content/Functions/Engine_MaterialFunctions01/Opacity/CameraDepthFade.uasset" 2603
"../../../Engine/Content/EngineMaterials/T_Default_Material_Grid_M.uasset" 2604
"../../../Engine/Content/EngineMaterials/T_Default_Material_Grid_N.uasset" 2605
"../../../Engine/Content/EngineMaterials/DefaultDeferredDecalMaterial.uasset" 2606
"../../../Engine/Content/EngineMaterials/DefaultDiffuse.uasset" 2607
"../../../Engine/Content/EngineMaterials/DefaultLightFunctionMaterial.uasset" 2608
"../../../Engine/Content/EngineMaterials/DefaultPostProcessMaterial.uasset" 2609
"../../../Engine/Content/Functions/Engine_MaterialFunctions02/Utility/BreakOutFloat2Components.uasset" 2610
"C:/Users/minls/AppData/Local/UnrealEngine/Common/DerivedDataCache/Buckets/BulkDataList/a8/94/08f9082ed7e85cec30bf6a69b30a9e8c5ed4.udd" 2611
"C:/Users/minls/AppData/Local/UnrealEngine/Common/DerivedDataCache/Buckets/BulkDataList/80/e8/120f4daa86232b69a8106ae8a642f1ca6027.udd" 2612
"C:/Users/minls/AppData/Local/UnrealEngine/Common/DerivedDataCache/Buckets/BulkDataList/f0/9e/61334003fb26b3c2c13381e2f413f292c942.udd" 2613
"../../../Engine/Content/EditorResources/S_Trigger.uasset" 2614
"C:/Users/minls/AppData/Local/UnrealEngine/Common/DerivedDataCache/Buckets/BulkDataList/60/4d/125114774c1526e5c9b5fd2e04f096d94ddc.udd" 2615
"../../../Engine/Content/EditorResources/S_TriggerBox.uasset" 2616
"C:/Users/minls/AppData/Local/UnrealEngine/Common/DerivedDataCache/Buckets/BulkDataList/15/e0/fdf6c4b7576e42d895fe3de67049bcad09c6.udd" 2617
"../../../Engine/Content/EditorResources/S_TriggerCapsule.uasset" 2618
"C:/Users/minls/AppData/Local/UnrealEngine/Common/DerivedDataCache/Buckets/BulkDataList/c2/de/1bc6e56fd22970d2a1cfa9a90b1ed9ab0f72.udd" 2619
"../../../Engine/Content/EditorResources/S_TriggerSphere.uasset" 2620
"C:/Users/minls/AppData/Local/UnrealEngine/Common/DerivedDataCache/Buckets/BulkDataList/87/dd/3e58080280a2a84b342b76d880cbce28f7cc.udd" 2621
"../../../Engine/Content/EngineDamageTypes/DmgTypeBP_Environmental.uasset" 2622
"../../../Engine/Content/EngineSky/VolumetricClouds/m_SimpleVolumetricCloud_Inst.uasset" 2623
"../../../Engine/Content/EngineSky/VolumetricClouds/m_SimpleVolumetricCloud.uasset" 2624
"../../../Engine/Content/Functions/Engine_MaterialFunctions02/Utility/MakeFloat2.uasset" 2625
"../../../Engine/Content/EngineSky/VolumetricClouds/CloudGradientTexture.uasset" 2626
"../../../Engine/Content/EngineSky/VolumetricClouds/CloudWeatherTexture.uasset" 2627
"../../../Engine/Content/EngineSky/VolumetricClouds/T_VolumeNoiseErosion32.uasset" 2628
"../../../Engine/Content/EngineSky/VolumetricClouds/T_NoiseErosion.uasset" 2629
"../../../Engine/Content/EngineSky/VolumetricClouds/T_VolumeNoiseShape64.uasset" 2630
"../../../Engine/Content/EngineSky/VolumetricClouds/T_NoiseShape64.uasset" 2631
"C:/Users/minls/AppData/Local/UnrealEngine/Common/DerivedDataCache/Buckets/BulkDataList/3f/4d/a1201f0be4122e04a6051a316c6bed56a243.udd" 2632
"C:/Users/minls/AppData/Local/UnrealEngine/Common/DerivedDataCache/Buckets/BulkDataList/de/6c/8a701f8ea89f01fd82d71625dc2bc922fc92.udd" 2633
"C:/Users/minls/AppData/Local/UnrealEngine/Common/DerivedDataCache/Buckets/BulkDataList/aa/ca/5081a91e6c9ab455dff691fe8a9949942941.udd" 2634
"C:/Users/minls/AppData/Local/UnrealEngine/Common/DerivedDataCache/Buckets/BulkDataList/5b/73/3cf3143bb7e8a1a24a61c2621243c34f5702.udd" 2635
"C:/Users/minls/AppData/Local/UnrealEngine/Common/DerivedDataCache/Buckets/BulkDataList/7f/33/6ab195aab6c28258cbe82a94e98eae654daf.udd" 2636
"C:/Users/minls/AppData/Local/UnrealEngine/Common/DerivedDataCache/Buckets/BulkDataList/34/8f/cbb968b66a0482b88179cd1e6a5f030e07f1.udd" 2637
"../../../Engine/Content/EngineMeshes/Sphere.uasset" 2638
"C:/Users/minls/AppData/Local/UnrealEngine/Common/DerivedDataCache/Buckets/LegacyNavCollision/94/37/4c3f5535d8f986b34ca221a8b4758dc6b152.udd" 2639
"../../../Engine/Content/EngineResources/WhiteSquareTexture.uasset" 2640
"C:/Users/minls/AppData/Local/UnrealEngine/Common/DerivedDataCache/Buckets/BulkDataList/a1/69/a26a6fa5db6c9abf130348818516c345f114.udd" 2641
"../../../Engine/Content/EngineResources/GradientTexture0.uasset" 2642
"C:/Users/minls/AppData/Local/UnrealEngine/Common/DerivedDataCache/Buckets/BulkDataList/8a/50/19b26e8e0d84f4d05d875c24a7af6137db7c.udd" 2643
"../../../Engine/Content/EngineResources/Black.uasset" 2644
"C:/Users/minls/AppData/Local/UnrealEngine/Common/DerivedDataCache/Buckets/BulkDataList/e2/1e/5760a66e5931b15e4e770508221e5654209f.udd" 2645
"../../../Engine/Content/EditorMaterials/WorldPartition/WorldPartitionSpatialHashGridPreviewMaterial.uasset" 2646
"../../../Engine/Content/Functions/Engine_MaterialFunctions02/Utility/BreakOutFloat3Components.uasset" 2647
"../../../Engine/Content/Functions/Engine_MaterialFunctions02/Utility/MakeFloat3.uasset" 2648
"../../../Engine/Content/Functions/Engine_MaterialFunctions02/Utility/MakeFloat4.uasset" 2649
"../../../Engine/Content/EngineMaterials/Widget3DPassThrough_Translucent.uasset" 2650
"../../../Engine/Content/EngineMaterials/Widget3DPassThrough.uasset" 2651
"../../../Engine/Content/EngineMaterials/Widget3DPassThrough_Translucent_OneSided.uasset" 2652
"../../../Engine/Content/EngineMaterials/Widget3DPassThrough_Opaque.uasset" 2653
"../../../Engine/Content/EngineMaterials/Widget3DPassThrough_Opaque_OneSided.uasset" 2654
"../../../Engine/Content/EngineMaterials/Widget3DPassThrough_Masked.uasset" 2655
"../../../Engine/Content/EngineMaterials/Widget3DPassThrough_Masked_OneSided.uasset" 2656
"../../../Engine/Content/VREditor/TransformGizmo/PlaneTranslationHandle.uasset" 2657
"../../../Engine/Content/VREditor/TransformGizmo/TransformGizmoMaterial.uasset" 2658
"../../../Engine/Content/VREditor/LaserPointer/VR_LaserPower_01.uasset" 2659
"../../../Engine/Content/VREditor/TransformGizmo/TranslucentTransformGizmoMaterial.uasset" 2660
"C:/Users/minls/AppData/Local/UnrealEngine/Common/DerivedDataCache/Buckets/BulkDataList/0b/d5/e7eb23325472cbe40051525abd4ed8842714.udd" 2661
"../../../Engine/Content/VREditor/TransformGizmo/BoundingBoxCorner.uasset" 2662
"../../../Engine/Content/VREditor/TransformGizmo/BoundingBoxEdge.uasset" 2663
"../../../Engine/Content/VREditor/TransformGizmo/SM_Sequencer_Node.uasset" 2664
"../../../Engine/Content/VREditor/TransformGizmo/Main.uasset" 2665
"../../../Engine/Content/VREditor/TransformGizmo/Xray.uasset" 2666
"../../../Engine/Content/EditorMeshes/Camera/SM_CraneRig_Base.uasset" 2667
"../../../Engine/Content/EditorMaterials/Camera/MI_CineMat_Rig.uasset" 2668
"../../../Engine/Content/EditorMaterials/Camera/CineMat.uasset" 2669
"../../../Engine/Content/EditorMeshes/Camera/SM_CraneRig_Arm.uasset" 2670
"../../../Engine/Content/EditorMeshes/Camera/SM_CraneRig_Mount.uasset" 2671
"../../../Engine/Content/EditorMeshes/Camera/SM_CraneRig_Body.uasset" 2672
"../../../Engine/Content/EditorMeshes/Camera/SM_RailRig_Track.uasset" 2673
"../../../Engine/Content/EditorMeshes/Camera/SM_RailRig_Mount.uasset" 2674
"../../../Engine/Content/ArtTools/RenderToTexture/Meshes/S_1_Unit_Plane.uasset" 2675
"../../../Engine/Content/EngineDebugMaterials/M_SimpleUnlitTranslucent.uasset" 2676
"../../../Engine/Content/EngineFonts/Roboto.uasset" 2677
"../../../Engine/Content/EngineFonts/Faces/DroidSansFallback.uasset" 2678
"../../../Engine/Content/EngineFonts/Faces/RobotoBold.uasset" 2679
"../../../Engine/Content/EngineFonts/Faces/RobotoBoldItalic.uasset" 2680
"../../../Engine/Content/EngineFonts/Faces/RobotoItalic.uasset" 2681
"../../../Engine/Content/EngineFonts/Faces/RobotoLight.uasset" 2682
"../../../Engine/Content/EngineFonts/Faces/RobotoRegular.uasset" 2683
"../../../Engine/Content/EditorMaterials/ParticleSystems/PSysThumbnail_NoImage.uasset" 2684
"C:/Users/minls/AppData/Local/UnrealEngine/Common/DerivedDataCache/Buckets/BulkDataList/48/95/5c62e01bd43026cf9afe9bb8da6da125af4b.udd" 2685
"../../../Engine/Content/EditorMaterials/ParticleSystems/PSysThumbnail_OOD.uasset" 2686
"C:/Users/minls/AppData/Local/UnrealEngine/Common/DerivedDataCache/Buckets/BulkDataList/7e/25/f4b9d04164f21df43078815dac2da5b42581.udd" 2687
"../../../Engine/Content/EditorLandscapeResources/SplineEditorMesh.uasset" 2688
"../../../Engine/Content/EditorLandscapeResources/SplineEditorMeshMat.uasset" 2689
"../../../Engine/Content/EditorLandscapeResources/DataLayer.uasset" 2690
"../../../Engine/Content/EditorResources/S_Solver.uasset" 2691
"C:/Users/minls/AppData/Local/UnrealEngine/Common/DerivedDataCache/Buckets/BulkDataList/c6/fa/7c3008d7d329e1b89dda7a2d263f88b620eb.udd" 2692
"../../../Engine/Content/EngineDebugMaterials/VolumeToRender.uasset" 2693
"C:/Users/minls/AppData/Local/UnrealEngine/Common/DerivedDataCache/Buckets/BulkDataList/00/03/dcc354a95d5aedb079517801d3ea34f99415.udd" 2694
"../../../Engine/Content/EngineDebugMaterials/M_VolumeRenderSphereTracePP.uasset" 2695
"../../../Engine/Content/Functions/Engine_MaterialFunctions02/Utility/CameraDirectionVector.uasset" 2696
"../../../Engine/Content/Internationalization/icudt64l/coll/ucadata.icu" 2697
"../../../Engine/Content/Internationalization/icudt64l/coll/ko.res" 2698
"../../../Engine/Content/Internationalization/icudt64l/coll/root.res" 2699
"../../../Engine/Content/Animation/DefaultAnimBoneCompressionSettings.uasset" 2700
"../../../Engine/Content/Animation/DefaultRecorderBoneCompression.uasset" 2701
"../../../Engine/Content/Animation/DefaultAnimCurveCompressionSettings.uasset" 2702
"../../Plugins/Animation/ControlRig/Content/Controls/ControlRigXRayMaterial.uasset" 2703
"../../Plugins/Animation/ControlRig/Content/Controls/DefaultGizmoLibraryNormalized.uasset" 2704
"../../Plugins/Animation/ControlRig/Content/M_Manip.uasset" 2705
"../../../Engine/Content/Functions/Engine_MaterialFunctions02/WorldPositionOffset/CameraOffset.uasset" 2706
"../../Plugins/2D/Paper2D/Content/MaskedUnlitSpriteMaterial.uasset" 2707
"../../Plugins/2D/Paper2D/Content/DefaultSpriteMaterial.uasset" 2708
"../../Plugins/2D/Paper2D/Content/PlaceholderTextures/DummySpriteTexture.uasset" 2709
"C:/Users/minls/AppData/Local/UnrealEngine/Common/DerivedDataCache/Buckets/BulkDataList/71/f0/15d9cd366ac96e1e7420ef8eff3fc8df41bf.udd" 2710
"../../Plugins/2D/Paper2D/Content/OpaqueUnlitSpriteMaterial.uasset" 2711
"../../Plugins/2D/Paper2D/Content/DefaultPaperTerrainMaterial.uasset" 2712
"../../Plugins/2D/Paper2D/Content/DummySprite.uasset" 2713
"../../../../../Workspace_ISECONVI/ISECONVI/Plugins/SpinePlugin/Content/SpineUnlitNormalMaterial.uasset" 2714
"../../../../../Workspace_ISECONVI/ISECONVI/Plugins/SpinePlugin/Content/SpineUnlitAdditiveMaterial.uasset" 2715
"../../../../../Workspace_ISECONVI/ISECONVI/Plugins/SpinePlugin/Content/SpineUnlitMultiplyMaterial.uasset" 2716
"../../../../../Workspace_ISECONVI/ISECONVI/Plugins/SpinePlugin/Content/SpineUnlitScreenMaterial.uasset" 2717
"../../../../../Workspace_ISECONVI/ISECONVI/Plugins/SpinePlugin/Content/UI_SpineUnlitNormalMaterial.uasset" 2718
"../../../../../Workspace_ISECONVI/ISECONVI/Plugins/SpinePlugin/Content/UI_SpineUnlitAdditiveMaterial.uasset" 2719
"../../../../../Workspace_ISECONVI/ISECONVI/Plugins/SpinePlugin/Content/UI_SpineUnlitMultiplyMaterial.uasset" 2720
"../../../../../Workspace_ISECONVI/ISECONVI/Plugins/SpinePlugin/Content/UI_SpineUnlitScreenMaterial.uasset" 2721
"../../../../../Workspace_ISECONVI/ISECONVI/Content/ThirdPerson/Blueprints/BP_ISECONVI_Testcharacter.uasset" 2722
"../../../../../Workspace_ISECONVI/ISECONVI/Content/Characters/Mannequins/Animations/ABP_Quinn.uasset" 2723
"../../../../../Workspace_ISECONVI/ISECONVI/Content/Characters/Mannequins/Animations/ABP_Manny.uasset" 2724
"../../../../../Workspace_ISECONVI/ISECONVI/Content/Characters/Mannequins/Animations/Manny/MM_Fall_Loop.uasset" 2725
"../../../../../Workspace_ISECONVI/ISECONVI/Content/Characters/Mannequins/Meshes/SK_Mannequin.uasset" 2726
"../../../../../Workspace_ISECONVI/ISECONVI/Content/Characters/Mannequins/Animations/Manny/MM_Idle.uasset" 2727
"../../../../../Workspace_ISECONVI/ISECONVI/Content/Characters/Mannequins/Animations/Manny/MM_Jump.uasset" 2728
"../../../../../Workspace_ISECONVI/ISECONVI/Content/Characters/Mannequins/Animations/Manny/MM_Land.uasset" 2729
"../../../../../Workspace_ISECONVI/ISECONVI/Content/Characters/Mannequins/Animations/Manny/BS_MM_WalkRun.uasset" 2730
"../../../../../Workspace_ISECONVI/ISECONVI/Content/Characters/Mannequins/Animations/Manny/MM_Run_Fwd.uasset" 2731
"../../../../../Workspace_ISECONVI/ISECONVI/Content/Characters/Mannequins/Animations/Manny/MM_Walk_Fwd.uasset" 2732
"../../../../../Workspace_ISECONVI/ISECONVI/Content/Characters/Mannequins/Animations/Manny/MM_Walk_InPlace.uasset" 2733
"../../../../../Workspace_ISECONVI/ISECONVI/Content/Characters/Mannequins/Rigs/CR_Mannequin_BasicFootIK.uasset" 2734
"../../Plugins/Animation/ControlRig/Content/Controls/DefaultGizmoLibrary.uasset" 2735
"../../../../../Workspace_ISECONVI/ISECONVI/Content/Characters/Mannequins/Animations/Quinn/MF_Idle.uasset" 2736
"../../../../../Workspace_ISECONVI/ISECONVI/Content/Characters/Mannequins/Animations/Quinn/BS_MF_Unarmed_WalkRun.uasset" 2737
"../../../../../Workspace_ISECONVI/ISECONVI/Content/Characters/Mannequins/Animations/Quinn/MF_Run_Fwd.uasset" 2738
"../../../../../Workspace_ISECONVI/ISECONVI/Content/Characters/Mannequins/Animations/Quinn/MF_Walk_Fwd.uasset" 2739
"../../../../../Workspace_ISECONVI/ISECONVI/Content/TravelSequence/TESTCharacter/ABP_TEST_SD.uasset" 2740
"../../../../../Workspace_ISECONVI/ISECONVI/Content/TravelSequence/TESTCharacter/IKRT_SDtoManny.uasset" 2741
"../../../../../Workspace_ISECONVI/ISECONVI/Content/Characters/Mannequins/Meshes/SKM_Manny.uasset" 2742
"../../../../../Workspace_ISECONVI/ISECONVI/Content/Characters/Mannequins/Rigs/ABP_Manny_PostProcess.uasset" 2743
"../../../../../Workspace_ISECONVI/ISECONVI/Content/Characters/Mannequins/Rigs/CR_Mannequin_Procedural.uasset" 2744
"../../../../../Workspace_ISECONVI/ISECONVI/Content/Characters/Mannequins/Rigs/Poses/Manny/Manny_calf_l_pose.uasset" 2745
"../../../../../Workspace_ISECONVI/ISECONVI/Content/Characters/Mannequins/Rigs/Poses/Manny/Manny_calf_l_anim.uasset" 2746
"../../../../../Workspace_ISECONVI/ISECONVI/Content/Characters/Mannequins/Rigs/Poses/Manny/Manny_calf_r_pose.uasset" 2747
"../../../../../Workspace_ISECONVI/ISECONVI/Content/Characters/Mannequins/Rigs/Poses/Manny/Manny_calf_r_anim.uasset" 2748
"../../../../../Workspace_ISECONVI/ISECONVI/Content/Characters/Mannequins/Rigs/Poses/Manny/Manny_clavicle_l_pose.uasset" 2749
"../../../../../Workspace_ISECONVI/ISECONVI/Content/Characters/Mannequins/Rigs/Poses/Manny/Manny_clavicle_l_anim.uasset" 2750
"../../../../../Workspace_ISECONVI/ISECONVI/Content/Characters/Mannequins/Rigs/Poses/Manny/Manny_clavicle_r_pose.uasset" 2751
"../../../../../Workspace_ISECONVI/ISECONVI/Content/Characters/Mannequins/Rigs/Poses/Manny/Manny_clavicle_r_anim.uasset" 2752
"../../../../../Workspace_ISECONVI/ISECONVI/Content/Characters/Mannequins/Rigs/Poses/Manny/Manny_foot_l_pose.uasset" 2753
"../../../../../Workspace_ISECONVI/ISECONVI/Content/Characters/Mannequins/Rigs/Poses/Manny/Manny_foot_l_anim.uasset" 2754
"../../../../../Workspace_ISECONVI/ISECONVI/Content/Characters/Mannequins/Rigs/Poses/Manny/Manny_foot_r_pose.uasset" 2755
"../../../../../Workspace_ISECONVI/ISECONVI/Content/Characters/Mannequins/Rigs/Poses/Manny/Manny_foot_r_anim.uasset" 2756
"../../../../../Workspace_ISECONVI/ISECONVI/Content/Characters/Mannequins/Rigs/Poses/Manny/Manny_hand_l_pose.uasset" 2757
"../../../../../Workspace_ISECONVI/ISECONVI/Content/Characters/Mannequins/Rigs/Poses/Manny/Manny_hand_l_anim.uasset" 2758
"../../../../../Workspace_ISECONVI/ISECONVI/Content/Characters/Mannequins/Rigs/Poses/Manny/Manny_hand_r_pose.uasset" 2759
"../../../../../Workspace_ISECONVI/ISECONVI/Content/Characters/Mannequins/Rigs/Poses/Manny/Manny_hand_r_anim.uasset" 2760
"../../../../../Workspace_ISECONVI/ISECONVI/Content/Characters/Mannequins/Rigs/Poses/Manny/Manny_lowerarm_l_pose.uasset" 2761
"../../../../../Workspace_ISECONVI/ISECONVI/Content/Characters/Mannequins/Rigs/Poses/Manny/Manny_lowerarm_l_anim.uasset" 2762
"../../../../../Workspace_ISECONVI/ISECONVI/Content/Characters/Mannequins/Rigs/Poses/Manny/Manny_lowerarm_r_pose.uasset" 2763
"../../../../../Workspace_ISECONVI/ISECONVI/Content/Characters/Mannequins/Rigs/Poses/Manny/Manny_lowerarm_r_anim.uasset" 2764
"../../../../../Workspace_ISECONVI/ISECONVI/Content/Characters/Mannequins/Rigs/Poses/Manny/Manny_thigh_l_pose.uasset" 2765
"../../../../../Workspace_ISECONVI/ISECONVI/Content/Characters/Mannequins/Rigs/Poses/Manny/Manny_thigh_l_anim.uasset" 2766
"../../../../../Workspace_ISECONVI/ISECONVI/Content/Characters/Mannequins/Rigs/Poses/Manny/Manny_thigh_r_pose.uasset" 2767
"../../../../../Workspace_ISECONVI/ISECONVI/Content/Characters/Mannequins/Rigs/Poses/Manny/Manny_thigh_r_anim.uasset" 2768
"../../../../../Workspace_ISECONVI/ISECONVI/Content/Characters/Mannequins/Rigs/Poses/Manny/Manny_upperarm_l_pose.uasset" 2769
"../../../../../Workspace_ISECONVI/ISECONVI/Content/Characters/Mannequins/Rigs/Poses/Manny/Manny_upperarm_l_anim.uasset" 2770
"../../../../../Workspace_ISECONVI/ISECONVI/Content/Characters/Mannequins/Rigs/Poses/Manny/Manny_upperarm_r_pose.uasset" 2771
"../../../../../Workspace_ISECONVI/ISECONVI/Content/Characters/Mannequins/Rigs/Poses/Manny/Manny_upperarm_r_anim.uasset" 2772
"C:/Users/minls/AppData/Local/UnrealEngine/Common/DerivedDataCache/Buckets/LegacyAnimSeq/09/ff/620d587bd179c35a24f9bad6bc0763df9584.udd" 2773
"C:/Users/minls/AppData/Local/UnrealEngine/Common/DerivedDataCache/Buckets/LegacyAnimSeq/b0/60/295c8ed6b9f034829c2745785bc933ecea81.udd" 2774
"../../../../../Workspace_ISECONVI/ISECONVI/Content/Characters/Mannequins/Materials/Instances/Manny/MI_Manny_01.uasset" 2775
"../../../../../Workspace_ISECONVI/ISECONVI/Content/Characters/Mannequins/Materials/M_Mannequin.uasset" 2776
"../../../../../Workspace_ISECONVI/ISECONVI/Content/Characters/Mannequins/Materials/Functions/MF_Diffraction.uasset" 2777
"../../../../../Workspace_ISECONVI/ISECONVI/Content/Characters/Mannequins/Materials/Functions/ChromaticCurve.uasset" 2778
"../../../../../Workspace_ISECONVI/ISECONVI/Content/Characters/Mannequins/Materials/Functions/CA_Mannequin.uasset" 2779
"../../../../../Workspace_ISECONVI/ISECONVI/Content/Characters/Mannequins/Materials/Functions/MF_logo3layers.uasset" 2780
"../../../Engine/Content/Functions/Engine_MaterialFunctions01/Texturing/ScaleUVsByCenter.uasset" 2781
"../../../../../Workspace_ISECONVI/ISECONVI/Content/Characters/Mannequins/Textures/Shared/T_UE_Logo_M.uasset" 2782
"../../../../../Workspace_ISECONVI/ISECONVI/Content/Characters/Mannequins/Materials/Functions/ML_BaseColorFallOff.uasset" 2783
"../../../../../Workspace_ISECONVI/ISECONVI/Content/Characters/Mannequins/Textures/Manny/T_Manny_01_ASAOPMASK_MSK.uasset" 2784
"../../../../../Workspace_ISECONVI/ISECONVI/Content/Characters/Mannequins/Textures/Manny/T_Manny_01_BN.uasset" 2785
"../../../../../Workspace_ISECONVI/ISECONVI/Content/Characters/Mannequins/Textures/Manny/T_Manny_01_CCRCCPlastic_MSK.uasset" 2786
"../../../../../Workspace_ISECONVI/ISECONVI/Content/Characters/Mannequins/Textures/Manny/T_Manny_01_D.uasset" 2787
"../../../../../Workspace_ISECONVI/ISECONVI/Content/Characters/Mannequins/Textures/Manny/T_Manny_01_MSR_MSK.uasset" 2788
"../../../../../Workspace_ISECONVI/ISECONVI/Content/Characters/Mannequins/Textures/Manny/T_Manny_01_N.uasset" 2789
"../../../../../Workspace_ISECONVI/ISECONVI/Content/Characters/Mannequins/Textures/Manny/T_Manny_01_Tan.uasset" 2790
"../../../../../Workspace_ISECONVI/ISECONVI/Content/Characters/Mannequins/Materials/Instances/Manny/MI_Manny_02.uasset" 2791
"../../../../../Workspace_ISECONVI/ISECONVI/Content/Characters/Mannequins/Textures/Manny/T_Manny_02_ASAOPMASK_MSK.uasset" 2792
"../../../../../Workspace_ISECONVI/ISECONVI/Content/Characters/Mannequins/Textures/Manny/T_Manny_02_BN.uasset" 2793
"../../../../../Workspace_ISECONVI/ISECONVI/Content/Characters/Mannequins/Textures/Manny/T_Manny_02_CCRCCPlastic_MSK.uasset" 2794
"../../../../../Workspace_ISECONVI/ISECONVI/Content/Characters/Mannequins/Textures/Manny/T_Manny_02_D.uasset" 2795
"../../../../../Workspace_ISECONVI/ISECONVI/Content/Characters/Mannequins/Textures/Manny/T_Manny_02_MSR_MSK.uasset" 2796
"../../../../../Workspace_ISECONVI/ISECONVI/Content/Characters/Mannequins/Textures/Manny/T_Manny_02_N.uasset" 2797
"../../../../../Workspace_ISECONVI/ISECONVI/Content/Characters/Mannequins/Textures/Manny/T_Manny_02_Tan.uasset" 2798
"../../../../../Workspace_ISECONVI/ISECONVI/Content/Characters/Mannequins/Rigs/PA_Mannequin.uasset" 2799
"../../../../../Workspace_ISECONVI/ISECONVI/Content/TravelSequence/TESTCharacter/TEST_SD_character.uasset" 2800
"../../../../../Workspace_ISECONVI/ISECONVI/Content/TravelSequence/TESTCharacter/MI_dress.uasset" 2801
"../../../../../Workspace_ISECONVI/ISECONVI/Content/TravelSequence/TESTCharacter/dress.uasset" 2802
"../../../../../Workspace_ISECONVI/ISECONVI/Content/TravelSequence/TESTCharacter/MI_eye.uasset" 2803
"../../../../../Workspace_ISECONVI/ISECONVI/Content/TravelSequence/TESTCharacter/eye.uasset" 2804
"../../../../../Workspace_ISECONVI/ISECONVI/Content/TravelSequence/TESTCharacter/MI_eye_whitw.uasset" 2805
"../../../../../Workspace_ISECONVI/ISECONVI/Content/TravelSequence/TESTCharacter/eye_whitw.uasset" 2806
"../../../../../Workspace_ISECONVI/ISECONVI/Content/TravelSequence/TESTCharacter/MI_face.uasset" 2807
"../../../../../Workspace_ISECONVI/ISECONVI/Content/TravelSequence/TESTCharacter/face.uasset" 2808
"../../../../../Workspace_ISECONVI/ISECONVI/Content/TravelSequence/TESTCharacter/MI_hair.uasset" 2809
"../../../../../Workspace_ISECONVI/ISECONVI/Content/TravelSequence/TESTCharacter/hair.uasset" 2810
"../../../../../Workspace_ISECONVI/ISECONVI/Content/TravelSequence/TESTCharacter/MI_horn.uasset" 2811
"../../../../../Workspace_ISECONVI/ISECONVI/Content/TravelSequence/TESTCharacter/horn.uasset" 2812
"../../../../../Workspace_ISECONVI/ISECONVI/Content/TravelSequence/TESTCharacter/MI_leg.uasset" 2813
"../../../../../Workspace_ISECONVI/ISECONVI/Content/TravelSequence/TESTCharacter/leg.uasset" 2814
"../../../../../Workspace_ISECONVI/ISECONVI/Content/TravelSequence/TESTCharacter/MI_Marterial.uasset" 2815
"../../../../../Workspace_ISECONVI/ISECONVI/Content/TravelSequence/TESTCharacter/????.uasset" 2816
"../../../../../Workspace_ISECONVI/ISECONVI/Content/TravelSequence/TESTCharacter/MI_mouth.uasset" 2817
"../../../../../Workspace_ISECONVI/ISECONVI/Content/TravelSequence/TESTCharacter/mouth.uasset" 2818
"../../../../../Workspace_ISECONVI/ISECONVI/Content/TravelSequence/TESTCharacter/MI_ribon.uasset" 2819
"../../../../../Workspace_ISECONVI/ISECONVI/Content/TravelSequence/TESTCharacter/ribon.uasset" 2820
"../../../../../Workspace_ISECONVI/ISECONVI/Content/TravelSequence/TESTCharacter/MI_ribon_white.uasset" 2821
"../../../../../Workspace_ISECONVI/ISECONVI/Content/TravelSequence/TESTCharacter/ribon_white.uasset" 2822
"../../../../../Workspace_ISECONVI/ISECONVI/Content/TravelSequence/TESTCharacter/MI_Shin_body.uasset" 2823
"../../../../../Workspace_ISECONVI/ISECONVI/Content/TravelSequence/TESTCharacter/Shin_body.uasset" 2824
"../../../../../Workspace_ISECONVI/ISECONVI/Content/TravelSequence/TESTCharacter/MI_skin.uasset" 2825
"../../../../../Workspace_ISECONVI/ISECONVI/Content/TravelSequence/TESTCharacter/skin.uasset" 2826
"../../../../../Workspace_ISECONVI/ISECONVI/Content/TravelSequence/TESTCharacter/TEST_SD_character_Physics.uasset" 2827
"../../../../../Workspace_ISECONVI/ISECONVI/Content/TravelSequence/TESTCharacter/TEST_SD_character_Skeleton.uasset" 2828
"../../../../../Workspace_ISECONVI/ISECONVI/Content/Characters/Mannequins/Rigs/IK_Mannequin.uasset" 2829
"../../../../../Workspace_ISECONVI/ISECONVI/Content/TravelSequence/TESTCharacter/TEST_SD_Charater.uasset" 2830
"../../../Engine/Content/EditorBlueprintResources/StandardMacros.uasset" 2831
"../../../../../Workspace_ISECONVI/ISECONVI/Content/NPC/BPI_Interaction.uasset" 2832
"../../../../../Workspace_ISECONVI/ISECONVI/Content/TravelSequence/Travel_ConversationSystem/BP_NPC.uasset" 2833
"../../../../../Workspace_ISECONVI/ISECONVI/Content/TravelSequence/Travel_ConversationSystem/BPI_Interaction.uasset" 2834
"../../../../../Workspace_ISECONVI/ISECONVI/Content/TravelSequence/Travel_ConversationSystem/GanyuScript1.uasset" 2835
"../../../../../Workspace_ISECONVI/ISECONVI/Content/DialogData/GanyuScript12.uasset" 2836
"../../../../../Workspace_ISECONVI/ISECONVI/Content/Travel_ConversationSystem/GanyuScript1.uasset" 2837
"../../../../../Workspace_ISECONVI/ISECONVI/Content/DialogData/FDialogData_BP.uasset" 2838
"../../../../../Workspace_ISECONVI/ISECONVI/Content/G_MainSequence/WBP_LevelLoadingUI.uasset" 2839
"../../../../../Workspace_ISECONVI/ISECONVI/Content/NPC/Recipekorean_???_FONT_Font.uasset" 2840
"../../../../../Workspace_ISECONVI/ISECONVI/Content/NPC/Recipekorean_???_FONT.uasset" 2841
"../../../../../Workspace_ISECONVI/ISECONVI/Content/TravelSequence/Travel_ConversationSystem/WBP_Dialog.uasset" 2842
"../../../../../Workspace_ISECONVI/ISECONVI/Content/TravelSequence/Travel_ConversationSystem/WBP_BranchBox.uasset" 2843
"../../../../../Workspace_ISECONVI/ISECONVI/Content/TravelSequence/Travel_ConversationSystem/Recipekorean_???_FONT_Font.uasset" 2844
"../../../../../Workspace_ISECONVI/ISECONVI/Content/TravelSequence/Travel_ConversationSystem/Recipekorean_???_FONT.uasset" 2845
"../../../Engine/Content/VREditor/Sounds/UI/Click_on_Button_Cue.uasset" 2846
"../../../Engine/Content/VREditor/Sounds/UI/Click_on_Button.uasset" 2847
"../../../Engine/Content/VREditor/Sounds/UI/Floating_UI_Open-001.uasset" 2848
"../../../../../Workspace_ISECONVI/ISECONVI/Content/ThirdPerson/Input/Actions/IA_Jump.uasset" 2849
"../../../../../Workspace_ISECONVI/ISECONVI/Content/ThirdPerson/Input/Actions/IA_Look.uasset" 2850
"../../../../../Workspace_ISECONVI/ISECONVI/Content/ThirdPerson/Input/Actions/IA_Move.uasset" 2851
"../../../../../Workspace_ISECONVI/ISECONVI/Content/ThirdPerson/Input/IMC_Default.uasset" 2852
"../../../../../Workspace_ISECONVI/ISECONVI/Content/Characters/Mannequins/Meshes/SKM_Quinn_Simple.uasset" 2853
"../../../../../Workspace_ISECONVI/ISECONVI/Content/Characters/Mannequins/Materials/Instances/Quinn/MI_Quinn_01.uasset" 2854
"../../../../../Workspace_ISECONVI/ISECONVI/Content/Characters/Mannequins/Textures/Quinn/T_Quinn_01_ASAOMASK_MSK.uasset" 2855
"../../../../../Workspace_ISECONVI/ISECONVI/Content/Characters/Mannequins/Textures/Quinn/T_Quinn_01_CCRCCPlastic_MSK.uasset" 2856
"../../../../../Workspace_ISECONVI/ISECONVI/Content/Characters/Mannequins/Textures/Quinn/T_Quinn_01ID_BN.uasset" 2857
"../../../../../Workspace_ISECONVI/ISECONVI/Content/Characters/Mannequins/Textures/Quinn/T_Quinn_01ID_D.uasset" 2858
"../../../../../Workspace_ISECONVI/ISECONVI/Content/Characters/Mannequins/Textures/Quinn/T_Quinn_01ID_MSR_MSK.uasset" 2859
"../../../../../Workspace_ISECONVI/ISECONVI/Content/Characters/Mannequins/Textures/Quinn/T_Quinn_01ID_N.uasset" 2860
"../../../../../Workspace_ISECONVI/ISECONVI/Content/Characters/Mannequins/Textures/Quinn/T_Quinn_01ID_Tan.uasset" 2861
"../../../../../Workspace_ISECONVI/ISECONVI/Content/Characters/Mannequins/Materials/Instances/Quinn/MI_Quinn_02.uasset" 2862
"../../../../../Workspace_ISECONVI/ISECONVI/Content/Characters/Mannequins/Textures/Quinn/T_Quinn_02_ASAOMASK_MSK.uasset" 2863
"../../../../../Workspace_ISECONVI/ISECONVI/Content/Characters/Mannequins/Textures/Quinn/T_Quinn_02_CCRCCPlastic_MSK.uasset" 2864
"../../../../../Workspace_ISECONVI/ISECONVI/Content/Characters/Mannequins/Textures/Quinn/T_Quinn_02ID_BN.uasset" 2865
"../../../../../Workspace_ISECONVI/ISECONVI/Content/Characters/Mannequins/Textures/Quinn/T_Quinn_02ID_D.uasset" 2866
"../../../../../Workspace_ISECONVI/ISECONVI/Content/Characters/Mannequins/Textures/Quinn/T_Quinn_02ID_MSR_MSK.uasset" 2867
"../../../../../Workspace_ISECONVI/ISECONVI/Content/Characters/Mannequins/Textures/Quinn/T_Quinn_02ID_N.uasset" 2868
"../../../../../Workspace_ISECONVI/ISECONVI/Content/Characters/Mannequins/Textures/Quinn/T_Quinn_02ID_Tan.uasset" 2869
"../../../../../Workspace_ISECONVI/ISECONVI/Content/TravelSequence/Travel_PauseUI/WBP_MasterPhone.uasset" 2870
"../../../../../Workspace_ISECONVI/ISECONVI/Content/TravelSequence/Travel_PauseUI/AppButton/WBP_AppButton_Friendship_Ability.uasset" 2871
"../../../../../Workspace_ISECONVI/ISECONVI/Content/TravelSequence/Travel_PauseUI/WBP_Popup_Friendship_Ability.uasset" 2872
"../../../../../Workspace_ISECONVI/ISECONVI/Content/TravelSequence/Travel_PauseUI/SampleData/Sample_Item.uasset" 2873
"../../../../../Workspace_ISECONVI/ISECONVI/Content/TravelSequence/Travel_PauseUI/SampleData/FItemSampleTable.uasset" 2874
"../../../../../Workspace_ISECONVI/ISECONVI/Content/TravelSequence/Travel_PauseUI/PopupService/IMG_PopupI_Content.uasset" 2875
"../../../../../Workspace_ISECONVI/ISECONVI/Content/TravelSequence/Travel_PauseUI/AppButton/WBP_AppButton_Inventory.uasset" 2876
"../../../../../Workspace_ISECONVI/ISECONVI/Content/TravelSequence/Travel_PauseUI/WBP_Popup_Inventory.uasset" 2877
"../../../../../Workspace_ISECONVI/ISECONVI/Content/G_MainSequence/BP_SaveSlot_Base.uasset" 2878
"../../../../../Workspace_ISECONVI/ISECONVI/Content/G_MainSequence/IBP_Savable.uasset" 2879
"../../../../../Workspace_ISECONVI/ISECONVI/Content/G_MainSequence/GameDataStructures/ST_PlayerStatus.uasset" 2880
"../../../../../Workspace_ISECONVI/ISECONVI/Content/G_MainSequence/GameDataStructures/ST_Inventory.uasset" 2881
"../../../../../Workspace_ISECONVI/ISECONVI/Content/G_MainSequence/GameDataStructures/ST_InventoryNode.uasset" 2882
"../../../../../Workspace_ISECONVI/ISECONVI/Content/G_MainSequence/GameDataStructures/EItemCategory.uasset" 2883
"../../../../../Workspace_ISECONVI/ISECONVI/Content/G_MainSequence/GameDataStructures/EItemType.uasset" 2884
"../../../../../Workspace_ISECONVI/ISECONVI/Content/G_MainSequence/GameDataStructures/ST_MoeSlot.uasset" 2885
"../../../../../Workspace_ISECONVI/ISECONVI/Content/G_MainSequence/GameDataStructures/ST_MoeNode.uasset" 2886
"../../../../../Workspace_ISECONVI/ISECONVI/Content/G_MainSequence/GameDataStructures/ST_Orders.uasset" 2887
"../../../../../Workspace_ISECONVI/ISECONVI/Content/G_MainSequence/GameDataStructures/ST_OrderNode.uasset" 2888
"../../../../../Workspace_ISECONVI/ISECONVI/Content/G_MainSequence/GameDataStructures/ST_Spawner.uasset" 2889
"../../../../../Workspace_ISECONVI/ISECONVI/Content/G_MainSequence/GameDataStructures/ST_SpawnNode.uasset" 2890
"../../../../../Workspace_ISECONVI/ISECONVI/Content/TravelSequence/Travel_PauseUI/PopupService/WBP_ItemSlot.uasset" 2891
"../../../../../Workspace_ISECONVI/ISECONVI/Content/TravelSequence/Travel_PauseUI/AppButton/WBP_AppButton_ItemOrder.uasset" 2892
"../../../../../Workspace_ISECONVI/ISECONVI/Content/TravelSequence/Travel_PauseUI/WBP_Popup_ItemOrder.uasset" 2893
"../../../../../Workspace_ISECONVI/ISECONVI/Content/G_MainSequence/BP_ISECONVI_GameInstance_Global.uasset" 2894
"../../../../../Workspace_ISECONVI/ISECONVI/Content/G_MainSequence/IBP_Persistant.uasset" 2895
"../../../../../Workspace_ISECONVI/ISECONVI/Content/G_MainSequence/GameDataStructures/ST_BusinessInventory.uasset" 2896
"../../../../../Workspace_ISECONVI/ISECONVI/Content/G_MainSequence/GameDateTable/TableStructure/ST_BusinessItemData.uasset" 2897
"../../../../../Workspace_ISECONVI/ISECONVI/Content/G_MainSequence/GameDateTable/DT_EnemyInfo.uasset" 2898
"../../../../../Workspace_ISECONVI/ISECONVI/Content/G_MainSequence/GameDateTable/TableStructure/ST_EnemyInfo.uasset" 2899
"../../../../../Workspace_ISECONVI/ISECONVI/Content/G_MainSequence/GameDateTable/DT_ItemInfo.uasset" 2900
"../../../../../Workspace_ISECONVI/ISECONVI/Content/G_MainSequence/GameDateTable/TableStructure/ST_ItemInfo.uasset" 2901
"../../../../../Workspace_ISECONVI/ISECONVI/Content/TravelSequence/Travel_PauseUI/WBP_OrderItem.uasset" 2902
"../../../../../Workspace_ISECONVI/ISECONVI/Content/TravelSequence/Travel_PauseUI/AppButton/WBP_AppButton_Myinfo.uasset" 2903
"../../../../../Workspace_ISECONVI/ISECONVI/Content/TravelSequence/Travel_PauseUI/WBP_Popup_MyInfo.uasset" 2904
"../../../../../Workspace_ISECONVI/ISECONVI/Content/TravelSequence/Travel_PauseUI/AppButton/WBP_AppButton_NextDay.uasset" 2905
"../../../../../Workspace_ISECONVI/ISECONVI/Content/TravelSequence/Travel_PauseUI/AppButton/WBP_AppButton_SaveLoad.uasset" 2906
"../../../../../Workspace_ISECONVI/ISECONVI/Content/TravelSequence/Travel_PauseUI/WBP_Popup_SaveLoad.uasset" 2907
"../../../../../Workspace_ISECONVI/ISECONVI/Content/TravelSequence/Travel_PauseUI/AppButton/WBP_AppButton_Setting.uasset" 2908
"../../../../../Workspace_ISECONVI/ISECONVI/Content/TravelSequence/Travel_PauseUI/WBP_Popup_Setting.uasset" 2909
"../../../../../Workspace_ISECONVI/ISECONVI/Content/TravelSequence/Travel_PauseUI/IMG_MasterPhone.uasset" 2910
"C:/Users/minls/AppData/Local/UnrealEngine/Common/DerivedDataCache/Buckets/BulkDataList/61/75/92dafe3839a84150484b97224aae9915f983.udd" 2911
"C:/Users/minls/AppData/Local/UnrealEngine/Common/DerivedDataCache/Buckets/BulkDataList/d0/0b/5f826149bf4ec1c3f7a19e931ae7686972f8.udd" 2912
"C:/Users/minls/AppData/Local/UnrealEngine/Common/DerivedDataCache/Buckets/BulkDataList/fb/36/ed6f8c4da5ae7b8175e74a3dd5db86fbe2fa.udd" 2913
"C:/Users/minls/AppData/Local/UnrealEngine/Common/DerivedDataCache/Buckets/BulkDataList/8d/99/02792bd3612d94ecaa6d581ff2d7ed477ffa.udd" 2914
"C:/Users/minls/AppData/Local/UnrealEngine/Common/DerivedDataCache/Buckets/BulkDataList/78/eb/301875ab26c93f99f95b465c0054fa6ee12e.udd" 2915
"C:/Users/minls/AppData/Local/UnrealEngine/Common/DerivedDataCache/Buckets/BulkDataList/55/49/5e3c94a78703ea1e599879150b90907fa9dd.udd" 2916
"C:/Users/minls/AppData/Local/UnrealEngine/Common/DerivedDataCache/Buckets/BulkDataList/cd/dd/7094d0b1117b7605f72e2dabd36059a98f22.udd" 2917
"C:/Users/minls/AppData/Local/UnrealEngine/Common/DerivedDataCache/Buckets/BulkDataList/bc/45/d0f43368a830f1fe354b19ad91cc59769487.udd" 2918
"C:/Users/minls/AppData/Local/UnrealEngine/Common/DerivedDataCache/Buckets/BulkDataList/4c/5a/6d550ddc8cb22941dfb358132cb712a5c234.udd" 2919
"C:/Users/minls/AppData/Local/UnrealEngine/Common/DerivedDataCache/Buckets/BulkDataList/e5/c6/ffa061740729cc8aa87cd6603077cfdb0e3c.udd" 2920
"C:/Users/minls/AppData/Local/UnrealEngine/Common/DerivedDataCache/Buckets/BulkDataList/03/50/dbdd5cbd2c9933e90fec27922d7976456cc5.udd" 2921
"C:/Users/minls/AppData/Local/UnrealEngine/Common/DerivedDataCache/Buckets/BulkDataList/9f/3c/b3d37f57d9f271be838d6846a357b076c95f.udd" 2922
"C:/Users/minls/AppData/Local/UnrealEngine/Common/DerivedDataCache/Buckets/BulkDataList/c2/8a/65565be24d87d02e98fd431490daf8de3c33.udd" 2923
"C:/Users/minls/AppData/Local/UnrealEngine/Common/DerivedDataCache/Buckets/BulkDataList/ff/37/54025752167096b979e0522dfa2e7cdaf1b9.udd" 2924
"C:/Users/minls/AppData/Local/UnrealEngine/Common/DerivedDataCache/Buckets/BulkDataList/f6/87/83e6d103a9d3cd0372ae67606d3b8b40bdb3.udd" 2925
"C:/Users/minls/AppData/Local/UnrealEngine/Common/DerivedDataCache/Buckets/BulkDataList/37/91/2a380fbd122979e2723d22f5369d0fa79f0f.udd" 2926
"C:/Users/minls/AppData/Local/UnrealEngine/Common/DerivedDataCache/Buckets/BulkDataList/74/5c/b96c3ba46e78c29412299a2dc14fb5deb65e.udd" 2927
"C:/Users/minls/AppData/Local/UnrealEngine/Common/DerivedDataCache/Buckets/BulkDataList/a6/33/150a789b4485b7d353ad45def39c230544e7.udd" 2928
"C:/Users/minls/AppData/Local/UnrealEngine/Common/DerivedDataCache/Buckets/BulkDataList/1f/9f/251bca076d7ec14a1440a35b8008e4dff09d.udd" 2929
"C:/Users/minls/AppData/Local/UnrealEngine/Common/DerivedDataCache/Buckets/BulkDataList/12/b0/8fcfb75eb43025295b83b5e7eb8322bd5b42.udd" 2930
"C:/Users/minls/AppData/Local/UnrealEngine/Common/DerivedDataCache/Buckets/BulkDataList/fe/93/b2a7e6c623478cb46a30309e0791c62030af.udd" 2931
"C:/Users/minls/AppData/Local/UnrealEngine/Common/DerivedDataCache/Buckets/BulkDataList/84/d2/8abf935a4b51b2fcfa8103d26160f8af67ed.udd" 2932
"C:/Users/minls/AppData/Local/UnrealEngine/Common/DerivedDataCache/Buckets/BulkDataList/b7/b0/d4f8d7e68c3f7c900421c05973bd8d54dfab.udd" 2933
"C:/Users/minls/AppData/Local/UnrealEngine/Common/DerivedDataCache/Buckets/BulkDataList/57/52/09b52175d7e03fd5eebe7a7efa9d6e82de0d.udd" 2934
"C:/Users/minls/AppData/Local/UnrealEngine/Common/DerivedDataCache/Buckets/BulkDataList/cd/f3/0ee774d2d1c887065b24f56dc3b9768427c5.udd" 2935
"C:/Users/minls/AppData/Local/UnrealEngine/Common/DerivedDataCache/Buckets/BulkDataList/50/d1/a56b1c79d8a5aaede2208f22b64096059157.udd" 2936
"C:/Users/minls/AppData/Local/UnrealEngine/Common/DerivedDataCache/Buckets/BulkDataList/4f/8e/f9364df6227571f90d1bad531995c922dcef.udd" 2937
"C:/Users/minls/AppData/Local/UnrealEngine/Common/DerivedDataCache/Buckets/BulkDataList/7e/cb/6a4eac6bf25bcb4b96e4b29c1470908175bd.udd" 2938
"C:/Users/minls/AppData/Local/UnrealEngine/Common/DerivedDataCache/Buckets/BulkDataList/4b/a5/19231e9fa2be1127af13d94fb5479a064ba8.udd" 2939
"C:/Users/minls/AppData/Local/UnrealEngine/Common/DerivedDataCache/Buckets/BulkDataList/8a/6d/2a8ac2b114f4c7338073f9cb9a0f2764e2ce.udd" 2940
"C:/Users/minls/AppData/Local/UnrealEngine/Common/DerivedDataCache/Buckets/BulkDataList/b2/64/ffee198ad3793495094763587dec989146fb.udd" 2941
"C:/Users/minls/AppData/Local/UnrealEngine/Common/DerivedDataCache/Buckets/BulkDataList/e7/8e/5f8b2df6aac5046cdb5fe8785dceaf454481.udd" 2942
"C:/Users/minls/AppData/Local/UnrealEngine/Common/DerivedDataCache/Buckets/BulkDataList/52/d3/9fe0dc42685b295552b999f6a75569865872.udd" 2943
"C:/Users/minls/AppData/Local/UnrealEngine/Common/DerivedDataCache/Buckets/BulkDataList/c5/1c/7a4009a7c6a0fda912c39d905b7f402bf33a.udd" 2944
"C:/Users/minls/AppData/Local/UnrealEngine/Common/DerivedDataCache/Buckets/LegacySKELETALMESH/03/63/9d713017c6106cf77122bd231e9e9b436178.udd" 2945
"C:/Users/minls/AppData/Local/UnrealEngine/Common/DerivedDataCache/Content/4a/aa/14cf11f3aece86fe5b51d90c0f43d9079b50.udd" 2946
"C:/Users/minls/AppData/Local/UnrealEngine/Common/DerivedDataCache/Buckets/LegacySKELETALMESH/84/41/b972ad2d28fe383d7dbca0594679e4589427.udd" 2947
"C:/Users/minls/AppData/Local/UnrealEngine/Common/DerivedDataCache/Content/dd/3c/539ec18270850089ed9d8c6d28ff2f8f46be.udd" 2948
"../../Plugins/Media/MediaPlate/Content/SM_MediaPlateScreen.uasset" 2949
"../../Plugins/Editor/SpeedTreeImporter/Content/SpeedTree9/SpeedTreeMaster.uasset" 2950
"../../../Engine/Content/Functions/Engine_MaterialFunctions02/ObjectLocalBounds.uasset" 2951
"../../../Engine/Content/Functions/Engine_MaterialFunctions02/SafeNormalize.uasset" 2952
"../../../Engine/Content/Functions/Engine_MaterialFunctions02/Utility/VectorLength.uasset" 2953
"../../../Engine/Content/Functions/Engine_MaterialFunctions02/UVs/BoundingBoxBased_0-1_UVW.uasset" 2954
"../../../Engine/Content/Functions/Engine_MaterialFunctions02/WorldPositionOffset/ObjectScale.uasset" 2955
"../../Plugins/Editor/SpeedTreeImporter/Content/SpeedTree9/SpeedTreeBranchMotion.uasset" 2956
"../../Plugins/Editor/SpeedTreeImporter/Content/SpeedTree9/SpeedTreeWindMotion.uasset" 2957
"../../Plugins/Editor/SpeedTreeImporter/Content/SpeedTree9/game_wind_noise.uasset" 2958
"../../Plugins/Editor/SpeedTreeImporter/Content/SpeedTree9/UnpackDirection.uasset" 2959
"../../Plugins/Editor/SpeedTreeImporter/Content/SpeedTree9/UnpackInteger3.uasset" 2960
"../../Plugins/Editor/SpeedTreeImporter/Content/SpeedTree9/SpeedTreeCameraFacing.uasset" 2961
"../../Plugins/Editor/SpeedTreeImporter/Content/SpeedTree9/SpeedTreeWind.uasset" 2962
"../../Plugins/Editor/SpeedTreeImporter/Content/SpeedTree9/Empty.uasset" 2963
"../../Plugins/Editor/SpeedTreeImporter/Content/SpeedTree9/EmptyNormal.uasset" 2964
"C:/Users/minls/AppData/Local/UnrealEngine/Common/DerivedDataCache/Buckets/BulkDataList/41/f5/0ecea981f353b2ebe98a955f62961bccf9fe.udd" 2965
"C:/Users/minls/AppData/Local/UnrealEngine/Common/DerivedDataCache/Buckets/BulkDataList/45/9b/72775ae9910e65d35fa528b57df963973950.udd" 2966
"C:/Users/minls/AppData/Local/UnrealEngine/Common/DerivedDataCache/Buckets/BulkDataList/62/27/4f9caeb8436a09f0ea49cee6c9964a16e05f.udd" 2967
"../../Plugins/Editor/SpeedTreeImporter/Content/SpeedTree9/SpeedTreeBillboardMaster.uasset" 2968
"../../Plugins/Editor/SpeedTreeImporter/Content/SpeedTree9/SpeedTreeBillboard.uasset" 2969
"E:/Workspace_ISECONVI/ISECONVI/Saved/Config/WindowsEditor/ObjectMixerSerializedData.ini" 2970
"../../../Engine/Content/EngineMaterials/RemoveSurfaceMaterial.uasset" 2971
"../../../Engine/Content/EngineDebugMaterials/DebugMeshMaterial.uasset" 2972
"../../../Engine/Content/EngineMaterials/EmissiveMeshMaterial.uasset" 2973
"../../../Engine/Content/EngineMaterials/DefaultWhiteGrid_Low.uasset" 2974
"C:/Users/minls/AppData/Local/UnrealEngine/Common/DerivedDataCache/Buckets/BulkDataList/bb/fa/88abf6b51614f6b1249f3b3da2e82b787bcf.udd" 2975
"../../../Engine/Content/EngineMaterials/M_InvalidLightmapSettings.uasset" 2976
"../../../Engine/Content/EngineMaterials/InvalidLightmapSettings.uasset" 2977
"C:/Users/minls/AppData/Local/UnrealEngine/Common/DerivedDataCache/Buckets/BulkDataList/8f/d0/7bc47ef11c0b61c59b3ed6545d5d15ddf4ac.udd" 2978
"../../../Engine/Content/EngineMaterials/GizmoMaterial.uasset" 2979
"../../../Engine/Content/EngineMaterials/PhAT_JointLimitMaterial.uasset" 2980
"../../../Engine/Content/EngineMaterials/FlattenMaterial.uasset" 2981
"../../../Engine/Content/EngineMaterials/BaseFlattenDiffuseMap.uasset" 2982
"../../../Engine/Content/EngineMaterials/BaseFlattenEmissiveMap.uasset" 2983
"../../../Engine/Content/EngineMaterials/BaseFlattenGrayscaleMap.uasset" 2984
"../../../Engine/Content/EngineMaterials/BaseFlattenLinearColor.uasset" 2985
"../../../Engine/Content/EngineMaterials/BaseFlattenNormalMap.uasset" 2986
"../../../Engine/Content/Functions/Engine_MaterialFunctions02/PivotPainter2/Black_1x1_EXR_Texture.uasset" 2987
"C:/Users/minls/AppData/Local/UnrealEngine/Common/DerivedDataCache/Buckets/BulkDataList/e7/0d/c2c34de563c9c14791165914cfa3ed0387f4.udd" 2988
"C:/Users/minls/AppData/Local/UnrealEngine/Common/DerivedDataCache/Buckets/BulkDataList/61/0d/e9eb8dd216d7fa1b22ca60a332f65745e655.udd" 2989
"C:/Users/minls/AppData/Local/UnrealEngine/Common/DerivedDataCache/Buckets/BulkDataList/d6/12/4c308729a28617c06b78b7db27930a36dfbc.udd" 2990
"C:/Users/minls/AppData/Local/UnrealEngine/Common/DerivedDataCache/Buckets/BulkDataList/c3/17/d52a080f334c322a8b9c932c6f3a7ad1596a.udd" 2991
"C:/Users/minls/AppData/Local/UnrealEngine/Common/DerivedDataCache/Buckets/BulkDataList/59/cc/ced7d382aa31ac1a5500ea562123fabd573a.udd" 2992
"C:/Users/minls/AppData/Local/UnrealEngine/Common/DerivedDataCache/Buckets/BulkDataList/b3/3c/4a56bf154f4e85cce3867171b21d8aca5d08.udd" 2993
"../../../Engine/Content/EngineMaterials/FlattenMaterial_VT.uasset" 2994
"../../../Engine/Content/EngineMaterials/BaseFlattenDiffuseMap_VT.uasset" 2995
"../../../Engine/Content/EngineMaterials/BaseFlattenEmissiveMap_VT.uasset" 2996
"../../../Engine/Content/EngineMaterials/BaseFlattenGrayscaleMap_VT.uasset" 2997
"../../../Engine/Content/EngineMaterials/BaseFlattenLinearColor_VT.uasset" 2998
"../../../Engine/Content/EngineMaterials/BaseFlattenNormalMap_VT.uasset" 2999
"../../../Engine/Content/EngineMaterials/Black_1x1_EXR_Texture_VT.uasset" 3000
"C:/Users/minls/AppData/Local/UnrealEngine/Common/DerivedDataCache/Buckets/BulkDataList/50/7f/3afb25402bf87a6cefbf81f507f849c804ae.udd" 3001
"C:/Users/minls/AppData/Local/UnrealEngine/Common/DerivedDataCache/Buckets/BulkDataList/64/e6/c9dd503f57521a7148ceec9c7bb3876653a2.udd" 3002
"C:/Users/minls/AppData/Local/UnrealEngine/Common/DerivedDataCache/Buckets/BulkDataList/5c/22/b6eb945db804d0997db485f124987b5a3d43.udd" 3003
"C:/Users/minls/AppData/Local/UnrealEngine/Common/DerivedDataCache/Buckets/BulkDataList/e7/8f/e9d87f082b1b9a263612aa4522a464a0fc10.udd" 3004
"C:/Users/minls/AppData/Local/UnrealEngine/Common/DerivedDataCache/Buckets/BulkDataList/5d/9e/f655c304a5def8bb5ac18d9380b2d55664ae.udd" 3005
"C:/Users/minls/AppData/Local/UnrealEngine/Common/DerivedDataCache/Buckets/BulkDataList/25/fd/227e587dd187a3545558e203bd3718caca6b.udd" 3006
"../../../Engine/Content/EngineMaterials/FlattenMaterial_WS_Normal_VT.uasset" 3007
"../../../Engine/Content/EngineMaterials/Good64x64TilingNoiseHighFreq.uasset" 3008
"C:/Users/minls/AppData/Local/UnrealEngine/Common/DerivedDataCache/Buckets/BulkDataList/5a/06/0821b463c646646eb8337174bf807758e730.udd" 3009
"../../../Engine/Content/EngineMaterials/DefaultBokeh.uasset" 3010
"C:/Users/minls/AppData/Local/UnrealEngine/Common/DerivedDataCache/Buckets/BulkDataList/b2/9b/f7a1866457feaf7f8df7cc13ec947b77de9f.udd" 3011
"../../../Engine/Content/EngineMaterials/PreintegratedSkinBRDF.uasset" 3012
"C:/Users/minls/AppData/Local/UnrealEngine/Common/DerivedDataCache/Buckets/BulkDataList/d2/df/9b2ea3d9db74f5cd909905a64af8cf436631.udd" 3013
"../../../Engine/Content/EngineMaterials/MiniFont.uasset" 3014
"C:/Users/minls/AppData/Local/UnrealEngine/Common/DerivedDataCache/Buckets/BulkDataList/d2/2b/32c250cd865c57e77b8790e38707b2c04e25.udd" 3015
"../../../Engine/Content/EngineMaterials/WeightMapPlaceholderTexture.uasset" 3016
"C:/Users/minls/AppData/Local/UnrealEngine/Common/DerivedDataCache/Buckets/BulkDataList/94/60/aebc8835024cdc7a1ab376d44c1a6fec5c9c.udd" 3017
"../../../Engine/Content/EngineMaterials/DefaultWhiteGrid.uasset" 3018
"C:/Users/minls/AppData/Local/UnrealEngine/Common/DerivedDataCache/Buckets/BulkDataList/11/bc/d8928d404b0e499057779575784b6570a70f.udd" 3019
"../../../Engine/Content/EngineMaterials/DefaultPhysicalMaterial.uasset" 3020
"../../../Engine/Content/EngineMaterials/DefaultDestructiblePhysicalMaterial.uasset" 3021
"../../../Engine/Content/EditorLandscapeResources/DefaultAlphaTexture.uasset" 3022
"C:/Users/minls/AppData/Local/UnrealEngine/Common/DerivedDataCache/Buckets/BulkDataList/39/02/dbff099d4967b659b63cabc4ddc852ed7ed3.udd" 3023
"../../../Engine/Content/EditorResources/S_Terrain.uasset" 3024
"C:/Users/minls/AppData/Local/UnrealEngine/Common/DerivedDataCache/Buckets/BulkDataList/68/f6/b4521aa80479b1d341f677442b251db2e44e.udd" 3025
"../../../Engine/Content/BasicShapes/Cube.uasset" 3026
"../../../Engine/Content/BasicShapes/Sphere.uasset" 3027
"../../../Engine/Content/EngineMaterials/DefaultMaterial.uasset" 3028
"../../../Engine/Content/BasicShapes/Cylinder.uasset" 3029
"../../../Engine/Content/BasicShapes/Cone.uasset" 3030
"../../../Engine/Content/BasicShapes/Plane.uasset" 3031
"../../Plugins/Runtime/MeshModelingToolset/Content/Materials/M_DynamicMeshComponentVtxColor.uasset" 3032
"../../Plugins/FX/Niagara/Content/ParameterDefinitions/SpriteRenderer.uasset" 3033
"../../Plugins/FX/Niagara/Content/ParameterDefinitions/RibbonRenderer.uasset" 3034
"../../Plugins/FX/Niagara/Content/ParameterDefinitions/MeshRenderer.uasset" 3035
"../../Plugins/FX/Niagara/Content/ParameterDefinitions/LightRenderer.uasset" 3036
"../../Plugins/FX/Niagara/Content/ParameterDefinitions/CoreParameters.uasset" 3037
"../../../Engine/Content/EditorResources/SequenceRecorder/Countdown.uasset" 3038
"C:/Users/minls/AppData/Local/UnrealEngine/Common/DerivedDataCache/Buckets/BulkDataList/79/9e/7bc6c7190d011517ce32c49877f159b2611a.udd" 3039
"../../../Engine/Content/EditorResources/SequenceRecorder/RecordingIndicator.uasset" 3040
"C:/Users/minls/AppData/Local/UnrealEngine/Common/DerivedDataCache/Buckets/BulkDataList/c6/7c/fe18e12b2bfaa6b19e166d88a6c714212c5b.udd" 3041
"../../../Engine/Content/EditorMaterials/PhAT_UnselectedMaterial.uasset" 3042
"../../../Engine/Content/EditorMaterials/PhAT_NoCollisionMaterial.uasset" 3043
"E:/Workspace_ISECONVI/ISECONVI/Intermediate/ShaderAutogen/PCD3D_SM6/AutogenShaderHeaders.ush" 3044
"C:/Users/minls/AppData/Local/UnrealEngine/Common/DerivedDataCache/Buckets/GlobalShaderMap/d0/ca/72948084a3c630a51b6e1c169eb4066dbec1.udd" 3045
"C:/Users/minls/AppData/Local/UnrealEngine/Common/DerivedDataCache/Buckets/GlobalShaderMap/52/2f/5f81a46fefa9a16ab0c92629f7603e63180c.udd" 3046
"C:/Users/minls/AppData/Local/UnrealEngine/Common/DerivedDataCache/Buckets/GlobalShaderMap/29/b1/4ffdd2b70ad1cfabfbd538aef87b9a9a325b.udd" 3047
"C:/Users/minls/AppData/Local/UnrealEngine/Common/DerivedDataCache/Buckets/GlobalShaderMap/9a/72/c77b4b248dc371e73a1c5ba7d449b3461827.udd" 3048
"C:/Users/minls/AppData/Local/UnrealEngine/Common/DerivedDataCache/Buckets/GlobalShaderMap/cb/a4/af34eccec8f323d394184d7e2593173421c7.udd" 3049
"C:/Users/minls/AppData/Local/UnrealEngine/Common/DerivedDataCache/Buckets/GlobalShaderMap/28/10/0b60ae658b4b1521efa397f203d3bdf9df20.udd" 3050
"C:/Users/minls/AppData/Local/UnrealEngine/Common/DerivedDataCache/Buckets/GlobalShaderMap/ba/f2/5062a03f3f2ac44590f02846ad4fe9271df8.udd" 3051
"C:/Users/minls/AppData/Local/UnrealEngine/Common/DerivedDataCache/Buckets/GlobalShaderMap/da/4b/149a29ee6038519aa8ec2ae1f86199e023a3.udd" 3052
"C:/Users/minls/AppData/Local/UnrealEngine/Common/DerivedDataCache/Buckets/GlobalShaderMap/cb/c4/b81f948aaebed7b7fd1623e3b196a00ccee2.udd" 3053
"C:/Users/minls/AppData/Local/UnrealEngine/Common/DerivedDataCache/Buckets/GlobalShaderMap/6d/21/6fa5422ea6ba5408c32ffdba70b342357437.udd" 3054
"C:/Users/minls/AppData/Local/UnrealEngine/Common/DerivedDataCache/Buckets/GlobalShaderMap/ac/7b/d174f09222ee180e081be82f9a0a299bce77.udd" 3055
"C:/Users/minls/AppData/Local/UnrealEngine/Common/DerivedDataCache/Buckets/GlobalShaderMap/72/29/dd6e1a5db92b4259094979d0eec3d4608798.udd" 3056
"C:/Users/minls/AppData/Local/UnrealEngine/Common/DerivedDataCache/Buckets/GlobalShaderMap/36/b8/95095f236041e8b22fe3c33a1c98e4b345e0.udd" 3057
"C:/Users/minls/AppData/Local/UnrealEngine/Common/DerivedDataCache/Buckets/GlobalShaderMap/03/ec/5043d511373404ac2695a1a9010c75ad3387.udd" 3058
"C:/Users/minls/AppData/Local/UnrealEngine/Common/DerivedDataCache/Buckets/GlobalShaderMap/c9/ac/3a2db195602745b7185fdd4b708e9d0d0f2c.udd" 3059
"C:/Users/minls/AppData/Local/UnrealEngine/Common/DerivedDataCache/Buckets/GlobalShaderMap/ff/27/2572fc39d1c8ed5921fe4e7b6aef46226694.udd" 3060
"C:/Users/minls/AppData/Local/UnrealEngine/Common/DerivedDataCache/Buckets/GlobalShaderMap/05/b2/6555b578d568660a6a6de437c73c9a537d8f.udd" 3061
"C:/Users/minls/AppData/Local/UnrealEngine/Common/DerivedDataCache/Buckets/GlobalShaderMap/14/0f/c17f956f2f58b1588cab7b423e62eb69b1af.udd" 3062
"C:/Users/minls/AppData/Local/UnrealEngine/Common/DerivedDataCache/Buckets/GlobalShaderMap/08/7a/4f213f08c3fc6a953eb015a02c62fc08d580.udd" 3063
"C:/Users/minls/AppData/Local/UnrealEngine/Common/DerivedDataCache/Buckets/GlobalShaderMap/28/8f/3af23c6bf792d75b7a614fa0b73f295951f6.udd" 3064
"C:/Users/minls/AppData/Local/UnrealEngine/Common/DerivedDataCache/Buckets/GlobalShaderMap/d4/22/ce30ff2fdd83300347ce6c2d95321957bb0d.udd" 3065
"C:/Users/minls/AppData/Local/UnrealEngine/Common/DerivedDataCache/Buckets/GlobalShaderMap/dd/f0/e6de1af3ca686abb5d9a7a4fa328af7de34a.udd" 3066
"C:/Users/minls/AppData/Local/UnrealEngine/Common/DerivedDataCache/Buckets/GlobalShaderMap/7e/69/07d0d80e09d58b3bf545c62e97247fbadaa2.udd" 3067
"C:/Users/minls/AppData/Local/UnrealEngine/Common/DerivedDataCache/Buckets/GlobalShaderMap/be/c1/b9e44dc852d90dda9c9950504ec3c1399fda.udd" 3068
"C:/Users/minls/AppData/Local/UnrealEngine/Common/DerivedDataCache/Buckets/GlobalShaderMap/fa/88/1dbeb3546140f39809650cd54943e3ac1072.udd" 3069
"C:/Users/minls/AppData/Local/UnrealEngine/Common/DerivedDataCache/Buckets/GlobalShaderMap/cc/87/b5ed213b4a4c5f1c5f51c07a800e50249238.udd" 3070
"C:/Users/minls/AppData/Local/UnrealEngine/Common/DerivedDataCache/Buckets/GlobalShaderMap/99/c8/8227899fb1f272a9cc83d7f2fe986deeda91.udd" 3071
"C:/Users/minls/AppData/Local/UnrealEngine/Common/DerivedDataCache/Buckets/GlobalShaderMap/91/37/77918a577b0c539782cff839a19629b4d1f1.udd" 3072
"C:/Users/minls/AppData/Local/UnrealEngine/Common/DerivedDataCache/Content/eb/18/a88c3352b98939242cc0d41009de65483e40.udd" 3073
"C:/Users/minls/AppData/Local/UnrealEngine/Common/DerivedDataCache/Buckets/GlobalShaderMap/b0/70/3013cada82774cd8723611cf6c627d82330f.udd" 3074
"C:/Users/minls/AppData/Local/UnrealEngine/Common/DerivedDataCache/Buckets/GlobalShaderMap/db/1e/2162ec571ace09187ad823530edc159c2a0e.udd" 3075
"C:/Users/minls/AppData/Local/UnrealEngine/Common/DerivedDataCache/Buckets/GlobalShaderMap/26/30/9675a49c63071454277eac0a9e54ddc49d7e.udd" 3076
"C:/Users/minls/AppData/Local/UnrealEngine/Common/DerivedDataCache/Buckets/GlobalShaderMap/53/f5/dc85d0345e88759c0d77045b4ddff9287d9d.udd" 3077
"C:/Users/minls/AppData/Local/UnrealEngine/Common/DerivedDataCache/Buckets/GlobalShaderMap/6b/15/005c33ae595e662cefca5366fcab168f738c.udd" 3078
"C:/Users/minls/AppData/Local/UnrealEngine/Common/DerivedDataCache/Buckets/GlobalShaderMap/58/f3/7adfcf2454bf14813f7b8a1e1b988a1d0455.udd" 3079
"C:/Users/minls/AppData/Local/UnrealEngine/Common/DerivedDataCache/Buckets/GlobalShaderMap/4b/4e/be17a00a70359afaaa88f93cabc606a7a85c.udd" 3080
"C:/Users/minls/AppData/Local/UnrealEngine/Common/DerivedDataCache/Buckets/GlobalShaderMap/06/1c/6b1cbcff5c1db3718df6586c34c28510325c.udd" 3081
"C:/Users/minls/AppData/Local/UnrealEngine/Common/DerivedDataCache/Buckets/GlobalShaderMap/ee/60/2c69201c630e0e24148030cd6758a8b526db.udd" 3082
"C:/Users/minls/AppData/Local/UnrealEngine/Common/DerivedDataCache/Buckets/GlobalShaderMap/aa/a0/8c9ab2920ac9c21973ac7d69e2a04aeb843d.udd" 3083
"C:/Users/minls/AppData/Local/UnrealEngine/Common/DerivedDataCache/Buckets/GlobalShaderMap/49/78/72f9f73153a68b69c53b865eca1946637490.udd" 3084
"C:/Users/minls/AppData/Local/UnrealEngine/Common/DerivedDataCache/Buckets/GlobalShaderMap/aa/92/bf54f79791049c8d83ccf91df9c100e7b8d8.udd" 3085
"C:/Users/minls/AppData/Local/UnrealEngine/Common/DerivedDataCache/Buckets/GlobalShaderMap/f5/e9/7fe95b5cd6d557a5f3a92317fb8ff36dfdcd.udd" 3086
"C:/Users/minls/AppData/Local/UnrealEngine/Common/DerivedDataCache/Buckets/GlobalShaderMap/71/5d/1c3a43f72f955d6088092b52f5be8d8b58d2.udd" 3087
"C:/Users/minls/AppData/Local/UnrealEngine/Common/DerivedDataCache/Buckets/GlobalShaderMap/ff/55/60d11e6ea4381a5f83dfe41e23f0dc8b8c28.udd" 3088
"C:/Users/minls/AppData/Local/UnrealEngine/Common/DerivedDataCache/Buckets/GlobalShaderMap/e2/8e/a1c62468e5b4c949d0d1d1c03268faef98dc.udd" 3089
"C:/Users/minls/AppData/Local/UnrealEngine/Common/DerivedDataCache/Buckets/GlobalShaderMap/ac/ce/1742746a84eb5cb1345c7f6f26f8af9d6e8d.udd" 3090
"C:/Users/minls/AppData/Local/UnrealEngine/Common/DerivedDataCache/Buckets/GlobalShaderMap/c5/5b/58a69413bb68adeefee3f9c88b849f4a6ea1.udd" 3091
"C:/Users/minls/AppData/Local/UnrealEngine/Common/DerivedDataCache/Buckets/GlobalShaderMap/a4/0a/5a76c0a5cc2fac125f7cf36c36e0acfd4e3f.udd" 3092
"C:/Users/minls/AppData/Local/UnrealEngine/Common/DerivedDataCache/Buckets/GlobalShaderMap/83/77/938b61a978d15ab4e6fbbe1faf7342d48e5b.udd" 3093
"C:/Users/minls/AppData/Local/UnrealEngine/Common/DerivedDataCache/Buckets/GlobalShaderMap/91/98/140fd8b23b50c2a31b03fc5ceb3d616ea641.udd" 3094
"C:/Users/minls/AppData/Local/UnrealEngine/Common/DerivedDataCache/Buckets/GlobalShaderMap/5c/15/a8883b50028ee237650dc6b5f9a13ee2c590.udd" 3095
"C:/Users/minls/AppData/Local/UnrealEngine/Common/DerivedDataCache/Buckets/GlobalShaderMap/19/23/cb7ec14a5d765617a22906cd5001f981c28e.udd" 3096
"C:/Users/minls/AppData/Local/UnrealEngine/Common/DerivedDataCache/Buckets/GlobalShaderMap/2d/79/8af5069a65a51eca32a11a2664222e7954ed.udd" 3097
"C:/Users/minls/AppData/Local/UnrealEngine/Common/DerivedDataCache/Buckets/GlobalShaderMap/0e/7b/0fe1d521e1aae1d88e36df1125f19c152c23.udd" 3098
"C:/Users/minls/AppData/Local/UnrealEngine/Common/DerivedDataCache/Buckets/GlobalShaderMap/85/04/5e62d42f397d0db437ff5f52c9a5524c08dd.udd" 3099
"C:/Users/minls/AppData/Local/UnrealEngine/Common/DerivedDataCache/Buckets/GlobalShaderMap/09/b2/7e9d70641b9c91eb817c85a70547fa373a53.udd" 3100
"C:/Users/minls/AppData/Local/UnrealEngine/Common/DerivedDataCache/Buckets/GlobalShaderMap/a9/e8/164c32486437759cc81c7bf126c64aeff314.udd" 3101
"C:/Users/minls/AppData/Local/UnrealEngine/Common/DerivedDataCache/Buckets/GlobalShaderMap/5a/51/6e45ccb95411b985f56fd3c55eda57a231e0.udd" 3102
"C:/Users/minls/AppData/Local/UnrealEngine/Common/DerivedDataCache/Buckets/GlobalShaderMap/ea/8b/4cddbaf915bac39e0a489a52552cc94975b7.udd" 3103
"C:/Users/minls/AppData/Local/UnrealEngine/Common/DerivedDataCache/Buckets/GlobalShaderMap/ff/2d/abdcb5cd7f51b64057af200a6779553fccd2.udd" 3104
"C:/Users/minls/AppData/Local/UnrealEngine/Common/DerivedDataCache/Buckets/GlobalShaderMap/c9/df/2f5d2628ddc92eda407e5c5db1816fe1ba6c.udd" 3105
"C:/Users/minls/AppData/Local/UnrealEngine/Common/DerivedDataCache/Buckets/GlobalShaderMap/59/4e/dd85b5d6d5886e91d962da704446f0891e3f.udd" 3106
"C:/Users/minls/AppData/Local/UnrealEngine/Common/DerivedDataCache/Buckets/GlobalShaderMap/07/8e/c3f3ad0cf3a8b2cbc7b13e88edc2e951b862.udd" 3107
"C:/Users/minls/AppData/Local/UnrealEngine/Common/DerivedDataCache/Buckets/GlobalShaderMap/75/4c/2c64b61e8d92426f4030471df9c56aa41c7e.udd" 3108
"C:/Users/minls/AppData/Local/UnrealEngine/Common/DerivedDataCache/Buckets/GlobalShaderMap/e8/2f/f59d08345e7c983e37ca429a565470b05b43.udd" 3109
"C:/Users/minls/AppData/Local/UnrealEngine/Common/DerivedDataCache/Content/73/fe/adc3386119ff869dc485dcc21ecfde47a623.udd" 3110
"C:/Users/minls/AppData/Local/UnrealEngine/Common/DerivedDataCache/Buckets/GlobalShaderMap/01/48/e55bb9a698b41cfa455f8c9a560fcc4f0022.udd" 3111
"C:/Users/minls/AppData/Local/UnrealEngine/Common/DerivedDataCache/Buckets/GlobalShaderMap/ab/f4/cb7541416645728f9139df28b6bb0c0c9571.udd" 3112
"C:/Users/minls/AppData/Local/UnrealEngine/Common/DerivedDataCache/Buckets/GlobalShaderMap/4a/95/1995c9481ffa0b89b0e8a9473a8dea55d0d7.udd" 3113
"C:/Users/minls/AppData/Local/UnrealEngine/Common/DerivedDataCache/Buckets/GlobalShaderMap/18/4a/0b8ad8bc291c74b60d22304c08cfbc911e30.udd" 3114
"C:/Users/minls/AppData/Local/UnrealEngine/Common/DerivedDataCache/Buckets/GlobalShaderMap/01/d5/9ec5b79656603d66d81d2446efc426229364.udd" 3115
"C:/Users/minls/AppData/Local/UnrealEngine/Common/DerivedDataCache/Buckets/GlobalShaderMap/fb/b0/9e0816b8ce2e0a61b0e7b5371d6019f5576b.udd" 3116
"C:/Users/minls/AppData/Local/UnrealEngine/Common/DerivedDataCache/Buckets/GlobalShaderMap/07/4d/9e489af5657b9740fd379528ba4c24489846.udd" 3117
"C:/Users/minls/AppData/Local/UnrealEngine/Common/DerivedDataCache/Buckets/GlobalShaderMap/94/5a/3a038cc3c4de8ce530699a2c08411ca710f8.udd" 3118
"C:/Users/minls/AppData/Local/UnrealEngine/Common/DerivedDataCache/Buckets/GlobalShaderMap/9c/52/d54eb37f6addc842ccb5e6b730f2aac7c5b2.udd" 3119
"C:/Users/minls/AppData/Local/UnrealEngine/Common/DerivedDataCache/Buckets/GlobalShaderMap/90/49/de5a2b2c2f221c511378ee722e64832bbb54.udd" 3120
"C:/Users/minls/AppData/Local/UnrealEngine/Common/DerivedDataCache/Buckets/GlobalShaderMap/66/9c/aa13bd41544cbf4cadb2ff2f400ac8d63828.udd" 3121
"C:/Users/minls/AppData/Local/UnrealEngine/Common/DerivedDataCache/Buckets/GlobalShaderMap/72/c6/e279ea580d31744697a338e3be323bee2141.udd" 3122
"C:/Users/minls/AppData/Local/UnrealEngine/Common/DerivedDataCache/Buckets/GlobalShaderMap/4b/62/5eb9c7450bd9f90759df11f3d376eac74028.udd" 3123
"C:/Users/minls/AppData/Local/UnrealEngine/Common/DerivedDataCache/Buckets/GlobalShaderMap/86/d5/ebb23754697734ad6fb39bd4a2daf8872336.udd" 3124
"C:/Users/minls/AppData/Local/UnrealEngine/Common/DerivedDataCache/Buckets/GlobalShaderMap/bf/cc/baccb04269202bcc1a24c13d1161d559dfbe.udd" 3125
"C:/Users/minls/AppData/Local/UnrealEngine/Common/DerivedDataCache/Buckets/GlobalShaderMap/b4/ec/3d2bb9da4b9c796a86770ac2b604fb7b487e.udd" 3126
"C:/Users/minls/AppData/Local/UnrealEngine/Common/DerivedDataCache/Buckets/GlobalShaderMap/2b/7b/6df8b6b4df3d23b00e6c660693579191187e.udd" 3127
"C:/Users/minls/AppData/Local/UnrealEngine/Common/DerivedDataCache/Buckets/GlobalShaderMap/6a/2f/1aeb2c27da8246989bf94b616a97cbd68d90.udd" 3128
"C:/Users/minls/AppData/Local/UnrealEngine/Common/DerivedDataCache/Buckets/GlobalShaderMap/80/58/ed08e340b23ff705fde4c471b291ea8bee07.udd" 3129
"C:/Users/minls/AppData/Local/UnrealEngine/Common/DerivedDataCache/Buckets/GlobalShaderMap/f5/64/b4602270272184d9923b5c3e2c57531e3e8f.udd" 3130
"C:/Users/minls/AppData/Local/UnrealEngine/Common/DerivedDataCache/Buckets/GlobalShaderMap/71/74/a203b3016850b23ff2c9a9d4914071d931d2.udd" 3131
"C:/Users/minls/AppData/Local/UnrealEngine/Common/DerivedDataCache/Buckets/GlobalShaderMap/ae/66/add0da09b9f9ae99d17e0a5c498832ce1819.udd" 3132
"C:/Users/minls/AppData/Local/UnrealEngine/Common/DerivedDataCache/Buckets/GlobalShaderMap/d2/a6/1c4e1075c65f7aaf4fe0194f8a6904b3d73f.udd" 3133
"C:/Users/minls/AppData/Local/UnrealEngine/Common/DerivedDataCache/Buckets/GlobalShaderMap/44/52/c6a932fb724bc86bf8cb77232b7da2a9fbde.udd" 3134
"C:/Users/minls/AppData/Local/UnrealEngine/Common/DerivedDataCache/Buckets/GlobalShaderMap/bd/73/4fbe06b1c9778abcd08682e8ce2dcf9d3038.udd" 3135
"C:/Users/minls/AppData/Local/UnrealEngine/Common/DerivedDataCache/Buckets/GlobalShaderMap/2f/d5/e0524a32de73f9a11ae682d3e1c8e438686f.udd" 3136
"C:/Users/minls/AppData/Local/UnrealEngine/Common/DerivedDataCache/Buckets/GlobalShaderMap/3d/f1/65f251c3180183980d1c0f86f1d6b08ef659.udd" 3137
"C:/Users/minls/AppData/Local/UnrealEngine/Common/DerivedDataCache/Buckets/GlobalShaderMap/2a/c6/e0f733a9684a7c5de9b479a8129c008f3e2c.udd" 3138
"C:/Users/minls/AppData/Local/UnrealEngine/Common/DerivedDataCache/Buckets/GlobalShaderMap/18/c6/92d81940473beb507bd6eee0f3dac1732108.udd" 3139
"C:/Users/minls/AppData/Local/UnrealEngine/Common/DerivedDataCache/Buckets/GlobalShaderMap/b2/5b/339aeaef34fba5d9579b24c802019e9822cd.udd" 3140
"C:/Users/minls/AppData/Local/UnrealEngine/Common/DerivedDataCache/Buckets/GlobalShaderMap/7c/af/708c30206a698d5289948b2c6a1002b88b2e.udd" 3141
"C:/Users/minls/AppData/Local/UnrealEngine/Common/DerivedDataCache/Buckets/GlobalShaderMap/fd/a4/c955d580e13372e616f4b94453ec4c858a17.udd" 3142
"C:/Users/minls/AppData/Local/UnrealEngine/Common/DerivedDataCache/Buckets/GlobalShaderMap/ce/33/741a3b32521a082e11d40790c16603919442.udd" 3143
"C:/Users/minls/AppData/Local/UnrealEngine/Common/DerivedDataCache/Buckets/GlobalShaderMap/a8/bc/30e1826d091580e98008228fcc04baf0997d.udd" 3144
"C:/Users/minls/AppData/Local/UnrealEngine/Common/DerivedDataCache/Buckets/GlobalShaderMap/fe/c5/b62f6ba447300cbacb40c5b60f75afe5e856.udd" 3145
"C:/Users/minls/AppData/Local/UnrealEngine/Common/DerivedDataCache/Buckets/GlobalShaderMap/1d/bf/3bc5bfe6e0285f2f21eb586c691a93d50dfd.udd" 3146
"C:/Users/minls/AppData/Local/UnrealEngine/Common/DerivedDataCache/Buckets/GlobalShaderMap/fc/85/56a0a724af5dbffe61c8651162140b14c846.udd" 3147
"C:/Users/minls/AppData/Local/UnrealEngine/Common/DerivedDataCache/Buckets/GlobalShaderMap/6e/97/3cf28087f9ce2cac9eecbb34a4605c6d420e.udd" 3148
"C:/Users/minls/AppData/Local/UnrealEngine/Common/DerivedDataCache/Buckets/GlobalShaderMap/66/99/d38b54a50ba4a8b0d56bf7fdfe8726beaae7.udd" 3149
"C:/Users/minls/AppData/Local/UnrealEngine/Common/DerivedDataCache/Buckets/GlobalShaderMap/0d/e9/59d9775170841a6f6e7308d9a8b743019709.udd" 3150
"C:/Users/minls/AppData/Local/UnrealEngine/Common/DerivedDataCache/Buckets/GlobalShaderMap/66/64/ecd2d91191e3f163574270d868d728612466.udd" 3151
"C:/Users/minls/AppData/Local/UnrealEngine/Common/DerivedDataCache/Buckets/GlobalShaderMap/da/38/74b1daf579da624f0077661f54d9d99b200a.udd" 3152
"C:/Users/minls/AppData/Local/UnrealEngine/Common/DerivedDataCache/Buckets/GlobalShaderMap/ca/4d/06a8a8fd2748239e86bbf18fb70a5859da3f.udd" 3153
"C:/Users/minls/AppData/Local/UnrealEngine/Common/DerivedDataCache/Buckets/GlobalShaderMap/12/f7/b418abca9a10289a775bb2c1b2ba2d81a7d6.udd" 3154
"C:/Users/minls/AppData/Local/UnrealEngine/Common/DerivedDataCache/Buckets/GlobalShaderMap/a6/3a/de0e492036cabd162053730c1b4c0990430c.udd" 3155
"C:/Users/minls/AppData/Local/UnrealEngine/Common/DerivedDataCache/Buckets/GlobalShaderMap/a8/db/70da866a31120e5f251704cc3d608f7f59ad.udd" 3156
"C:/Users/minls/AppData/Local/UnrealEngine/Common/DerivedDataCache/Buckets/GlobalShaderMap/20/be/09f5671b407b34c4446331c6392a41be785d.udd" 3157
"C:/Users/minls/AppData/Local/UnrealEngine/Common/DerivedDataCache/Buckets/GlobalShaderMap/95/74/a60357c3dea73a75350c7698babf56c884db.udd" 3158
"C:/Users/minls/AppData/Local/UnrealEngine/Common/DerivedDataCache/Buckets/GlobalShaderMap/08/ce/453e8fba1f3249b7d9d0638800ee2559011e.udd" 3159
"C:/Users/minls/AppData/Local/UnrealEngine/Common/DerivedDataCache/Buckets/GlobalShaderMap/cd/ea/4b46cc4eac076432718e0fc7a31ae911eff9.udd" 3160
"C:/Users/minls/AppData/Local/UnrealEngine/Common/DerivedDataCache/Buckets/GlobalShaderMap/cb/37/65254f62ac5fa089733b42224be4781498c1.udd" 3161
"C:/Users/minls/AppData/Local/UnrealEngine/Common/DerivedDataCache/Buckets/GlobalShaderMap/55/8c/cd56d219d061b37c022f44ea349e918e99f3.udd" 3162
"C:/Users/minls/AppData/Local/UnrealEngine/Common/DerivedDataCache/Buckets/GlobalShaderMap/2e/e0/67ff8e30815c158bcf47beedfc1d8fe0c784.udd" 3163
"C:/Users/minls/AppData/Local/UnrealEngine/Common/DerivedDataCache/Buckets/GlobalShaderMap/fb/2d/65e580e3734afb57c25bc0305a5b6bbfb92f.udd" 3164
"C:/Users/minls/AppData/Local/UnrealEngine/Common/DerivedDataCache/Buckets/GlobalShaderMap/1c/9d/d72b0e68ea09bfdd35aabc06d7685e718b25.udd" 3165
"C:/Users/minls/AppData/Local/UnrealEngine/Common/DerivedDataCache/Buckets/GlobalShaderMap/7b/ad/f34c0055fbc01d6d7c9e29373c8f222adb34.udd" 3166
"C:/Users/minls/AppData/Local/UnrealEngine/Common/DerivedDataCache/Buckets/GlobalShaderMap/2f/c1/730eadc1c09d641d0143a63bb43b343d586a.udd" 3167
"C:/Users/minls/AppData/Local/UnrealEngine/Common/DerivedDataCache/Buckets/GlobalShaderMap/ed/75/c667ed06d0442799b6f0f1383eabe93c799d.udd" 3168
"C:/Users/minls/AppData/Local/UnrealEngine/Common/DerivedDataCache/Buckets/GlobalShaderMap/d6/a4/3bb4c887f2af322d5c8a4ac20ea127f9ce7c.udd" 3169
"C:/Users/minls/AppData/Local/UnrealEngine/Common/DerivedDataCache/Buckets/GlobalShaderMap/d9/99/1824b6399b24e12847e54ffa09ae2de7fce9.udd" 3170
"C:/Users/minls/AppData/Local/UnrealEngine/Common/DerivedDataCache/Buckets/GlobalShaderMap/3a/66/bd2768156ab1ba200bba32465c714200753a.udd" 3171
"C:/Users/minls/AppData/Local/UnrealEngine/Common/DerivedDataCache/Buckets/GlobalShaderMap/76/a0/6cb1a0f4928bf0fcb3bfb35e928715879fec.udd" 3172
"C:/Users/minls/AppData/Local/UnrealEngine/Common/DerivedDataCache/Buckets/GlobalShaderMap/e7/86/068a846bb3176543cfde6aa4d79795cbb4b9.udd" 3173
"C:/Users/minls/AppData/Local/UnrealEngine/Common/DerivedDataCache/Buckets/GlobalShaderMap/fa/4c/9e86099f23a90cb1cf99ebc3db479edd0929.udd" 3174
"C:/Users/minls/AppData/Local/UnrealEngine/Common/DerivedDataCache/Buckets/GlobalShaderMap/dc/1a/4202e7ae6f97f631fd07779274be2f44019f.udd" 3175
"C:/Users/minls/AppData/Local/UnrealEngine/Common/DerivedDataCache/Buckets/GlobalShaderMap/fc/ae/8a2c0c2d97970f9f4f21b500934900b297d9.udd" 3176
"C:/Users/minls/AppData/Local/UnrealEngine/Common/DerivedDataCache/Buckets/GlobalShaderMap/ef/e3/0ef5b8e7b4ab29555a066bf8386ac180073d.udd" 3177
"C:/Users/minls/AppData/Local/UnrealEngine/Common/DerivedDataCache/Buckets/GlobalShaderMap/16/6b/1883fd6bde84cd8240c8d3f7b12acf5b294b.udd" 3178
"C:/Users/minls/AppData/Local/UnrealEngine/Common/DerivedDataCache/Buckets/GlobalShaderMap/89/42/ab311bd302d82f1dc4b072f9525531d49c1c.udd" 3179
"C:/Users/minls/AppData/Local/UnrealEngine/Common/DerivedDataCache/Buckets/GlobalShaderMap/78/a6/f0dd5e67e20672b42eefc382bdd56609c228.udd" 3180
"C:/Users/minls/AppData/Local/UnrealEngine/Common/DerivedDataCache/Buckets/GlobalShaderMap/de/aa/c628fc5a7c9fc6f3705d2d3eaf23faf0f4f9.udd" 3181
"C:/Users/minls/AppData/Local/UnrealEngine/Common/DerivedDataCache/Buckets/GlobalShaderMap/cc/8e/9f79809eb57854b18cacfa177d614b1cc693.udd" 3182
"C:/Users/minls/AppData/Local/UnrealEngine/Common/DerivedDataCache/Buckets/GlobalShaderMap/3a/c9/a6bfc217e8f85790a27873ef5378dac17a16.udd" 3183
"C:/Users/minls/AppData/Local/UnrealEngine/Common/DerivedDataCache/Buckets/GlobalShaderMap/c4/48/25154b21a31c374e5de9bb2d849a3e75f851.udd" 3184
"C:/Users/minls/AppData/Local/UnrealEngine/Common/DerivedDataCache/Buckets/GlobalShaderMap/70/7b/651e33c28269a2ef0fc9d1951faf64548203.udd" 3185
"C:/Users/minls/AppData/Local/UnrealEngine/Common/DerivedDataCache/Buckets/GlobalShaderMap/1f/63/3374c68b906bb387ec754ee9d98226fff2eb.udd" 3186
"C:/Users/minls/AppData/Local/UnrealEngine/Common/DerivedDataCache/Buckets/GlobalShaderMap/1c/5a/6e72a250a9fec106f101085368a4b79857f7.udd" 3187
"C:/Users/minls/AppData/Local/UnrealEngine/Common/DerivedDataCache/Buckets/GlobalShaderMap/81/89/7286fca7ec681f7b4c29985e9c5d5bd94b4b.udd" 3188
"C:/Users/minls/AppData/Local/UnrealEngine/Common/DerivedDataCache/Buckets/GlobalShaderMap/66/08/e13760d88c75ee4ac53a32c11d36a00628d3.udd" 3189
"C:/Users/minls/AppData/Local/UnrealEngine/Common/DerivedDataCache/Buckets/GlobalShaderMap/b9/d8/3e481a39608995d69c742bcd43bc28b4210a.udd" 3190
"C:/Users/minls/AppData/Local/UnrealEngine/Common/DerivedDataCache/Buckets/GlobalShaderMap/21/0b/30fcc4edcfa0c8fc9bb78e119882199aef19.udd" 3191
"C:/Users/minls/AppData/Local/UnrealEngine/Common/DerivedDataCache/Buckets/GlobalShaderMap/09/2b/44381b7fdb7e7972978485e03996eb8986a9.udd" 3192
"C:/Users/minls/AppData/Local/UnrealEngine/Common/DerivedDataCache/Buckets/GlobalShaderMap/6d/8a/bec79b8f9e97cfd36394f92b80adebbc4b4d.udd" 3193
"C:/Users/minls/AppData/Local/UnrealEngine/Common/DerivedDataCache/Buckets/GlobalShaderMap/cc/cd/b29a18758dccc52aba248d33ae3a54b02ec6.udd" 3194
"C:/Users/minls/AppData/Local/UnrealEngine/Common/DerivedDataCache/Buckets/GlobalShaderMap/d9/78/f3c11db29edc792f4c01dbd31a142478813b.udd" 3195
"C:/Users/minls/AppData/Local/UnrealEngine/Common/DerivedDataCache/Buckets/GlobalShaderMap/56/16/bd40646f96abbceb42ba2ff56e1f596078a8.udd" 3196
"C:/Users/minls/AppData/Local/UnrealEngine/Common/DerivedDataCache/Buckets/GlobalShaderMap/f4/16/29299e14ed7af21b1e0904179b2c479f6990.udd" 3197
"C:/Users/minls/AppData/Local/UnrealEngine/Common/DerivedDataCache/Buckets/GlobalShaderMap/0c/ce/fc2c373670b2e9b107a9cf968fb6f677d518.udd" 3198
"C:/Users/minls/AppData/Local/UnrealEngine/Common/DerivedDataCache/Buckets/GlobalShaderMap/09/1c/ca5b1b1fd6c21dcc3c7003accbb634a88993.udd" 3199
"C:/Users/minls/AppData/Local/UnrealEngine/Common/DerivedDataCache/Buckets/GlobalShaderMap/66/1d/7ff8d3531da23c3bbdd26a856cd5a37ec898.udd" 3200
"C:/Users/minls/AppData/Local/UnrealEngine/Common/DerivedDataCache/Buckets/GlobalShaderMap/6c/da/2590dbfb24132ac4701f3e8cfe059f835a6c.udd" 3201
"C:/Users/minls/AppData/Local/UnrealEngine/Common/DerivedDataCache/Buckets/GlobalShaderMap/df/7c/dbc5b60181bc259f421419f461d02633f63d.udd" 3202
"C:/Users/minls/AppData/Local/UnrealEngine/Common/DerivedDataCache/Buckets/GlobalShaderMap/72/b0/a805b7f309a2e35c94a777da2e233da2064a.udd" 3203
"C:/Users/minls/AppData/Local/UnrealEngine/Common/DerivedDataCache/Buckets/GlobalShaderMap/ea/93/e29a8453faed2146387f7acaca3e96e718ac.udd" 3204
"C:/Users/minls/AppData/Local/UnrealEngine/Common/DerivedDataCache/Buckets/GlobalShaderMap/e9/36/4ad6e1c4d95a5f885b664eb9debc1d637acc.udd" 3205
"C:/Users/minls/AppData/Local/UnrealEngine/Common/DerivedDataCache/Buckets/GlobalShaderMap/ac/f6/7bd5b4401b1e404f483ecbc466a291efb487.udd" 3206
"C:/Users/minls/AppData/Local/UnrealEngine/Common/DerivedDataCache/Buckets/GlobalShaderMap/f9/57/33e3bbe934dee77f5003f4fdca13d8c9e023.udd" 3207
"C:/Users/minls/AppData/Local/UnrealEngine/Common/DerivedDataCache/Buckets/GlobalShaderMap/75/c0/8d4a5fc507cd64ed5b711bd82734c85aab07.udd" 3208
"C:/Users/minls/AppData/Local/UnrealEngine/Common/DerivedDataCache/Buckets/GlobalShaderMap/1b/25/3e9baa4e638298b267c3819aec664450f577.udd" 3209
"C:/Users/minls/AppData/Local/UnrealEngine/Common/DerivedDataCache/Buckets/GlobalShaderMap/25/90/b3ab68df6e70e7babd6998237123dbcb4d9c.udd" 3210
"C:/Users/minls/AppData/Local/UnrealEngine/Common/DerivedDataCache/Buckets/GlobalShaderMap/f9/a2/2b133cf69864568631123de6dc322dd1955d.udd" 3211
"C:/Users/minls/AppData/Local/UnrealEngine/Common/DerivedDataCache/Buckets/GlobalShaderMap/74/1c/53bc1d08457a9a0fc74ef293ae5304a89e34.udd" 3212
"C:/Users/minls/AppData/Local/UnrealEngine/Common/DerivedDataCache/Buckets/GlobalShaderMap/8b/27/b22b95a387e7d89027174aab341f6d2d8755.udd" 3213
"C:/Users/minls/AppData/Local/UnrealEngine/Common/DerivedDataCache/Buckets/GlobalShaderMap/40/d6/633ef5bc468cc65e7983f28ca5191d0b481b.udd" 3214
"C:/Users/minls/AppData/Local/UnrealEngine/Common/DerivedDataCache/Buckets/GlobalShaderMap/42/35/c15a8c2df53b665713abd449be4bc1ba296d.udd" 3215
"C:/Users/minls/AppData/Local/UnrealEngine/Common/DerivedDataCache/Buckets/GlobalShaderMap/51/87/6cfd36f335d62d1f8ad82f891e59077a0bd1.udd" 3216
"C:/Users/minls/AppData/Local/UnrealEngine/Common/DerivedDataCache/Buckets/GlobalShaderMap/41/b0/962c38b39eb7535c47ca70ecad713242eb4c.udd" 3217
"C:/Users/minls/AppData/Local/UnrealEngine/Common/DerivedDataCache/Buckets/GlobalShaderMap/ed/69/ea9906cb4b7ecacc85ad0e1dccb6a3260799.udd" 3218
"C:/Users/minls/AppData/Local/UnrealEngine/Common/DerivedDataCache/Buckets/GlobalShaderMap/56/79/75636d57d9ae61b3c9056e219bdee4e8d9af.udd" 3219
"C:/Users/minls/AppData/Local/UnrealEngine/Common/DerivedDataCache/Buckets/GlobalShaderMap/2b/2f/229d2d300e8523d0f1831e0a1143e40fe31d.udd" 3220
"C:/Users/minls/AppData/Local/UnrealEngine/Common/DerivedDataCache/Buckets/GlobalShaderMap/aa/a2/4e4866bc520e4e7ca976c48784f8c11ef8de.udd" 3221
"C:/Users/minls/AppData/Local/UnrealEngine/Common/DerivedDataCache/Buckets/GlobalShaderMap/62/50/371db3a95d2bd3a0382172c9b510b8e4f9cf.udd" 3222
"C:/Users/minls/AppData/Local/UnrealEngine/Common/DerivedDataCache/Buckets/GlobalShaderMap/b7/92/f88502a6568a88beff63a1a35ccd5d84a660.udd" 3223
"C:/Users/minls/AppData/Local/UnrealEngine/Common/DerivedDataCache/Buckets/GlobalShaderMap/a8/10/66b4bfec1c8e4fb4490835749e00333f5dcf.udd" 3224
"C:/Users/minls/AppData/Local/UnrealEngine/Common/DerivedDataCache/Buckets/GlobalShaderMap/e8/f6/4bb83922273edb2e5de009c024a7ada8df02.udd" 3225
"C:/Users/minls/AppData/Local/UnrealEngine/Common/DerivedDataCache/Buckets/GlobalShaderMap/e4/d8/549e8138a3a8d1d5b0e89e8cb2f752498c17.udd" 3226
"C:/Users/minls/AppData/Local/UnrealEngine/Common/DerivedDataCache/Buckets/GlobalShaderMap/ed/c2/89c5cd1678c3856f63e915bc74710957cf61.udd" 3227
"C:/Users/minls/AppData/Local/UnrealEngine/Common/DerivedDataCache/Buckets/GlobalShaderMap/74/ad/e3ee3179af864118d28fca0b10acc12963af.udd" 3228
"C:/Users/minls/AppData/Local/UnrealEngine/Common/DerivedDataCache/Buckets/GlobalShaderMap/47/c6/51625049675d0beaa4b21442a27788e0cf79.udd" 3229
"C:/Users/minls/AppData/Local/UnrealEngine/Common/DerivedDataCache/Buckets/GlobalShaderMap/17/69/a8ccebb33dfc09050a138dfc356b4dac35a2.udd" 3230
"C:/Users/minls/AppData/Local/UnrealEngine/Common/DerivedDataCache/Buckets/GlobalShaderMap/f6/02/11476504ef5819ffb5ab58819fb9d9547c1f.udd" 3231
"C:/Users/minls/AppData/Local/UnrealEngine/Common/DerivedDataCache/Buckets/GlobalShaderMap/46/21/d277005634f82b4c582568520f616cf4ecdb.udd" 3232
"C:/Users/minls/AppData/Local/UnrealEngine/Common/DerivedDataCache/Buckets/GlobalShaderMap/9a/97/599bd58d720f58b26925369d431713623110.udd" 3233
"C:/Users/minls/AppData/Local/UnrealEngine/Common/DerivedDataCache/Buckets/GlobalShaderMap/9c/7b/b9c2df108eb3528f15e337a9be978d3e1770.udd" 3234
"C:/Users/minls/AppData/Local/UnrealEngine/Common/DerivedDataCache/Buckets/GlobalShaderMap/2f/97/c9d5f3227e1a7da938b1810487c786d5eee2.udd" 3235
"C:/Users/minls/AppData/Local/UnrealEngine/Common/DerivedDataCache/Buckets/GlobalShaderMap/94/2d/98c30658003dc94bd366b7a17bade0a0a9f7.udd" 3236
"C:/Users/minls/AppData/Local/UnrealEngine/Common/DerivedDataCache/Buckets/GlobalShaderMap/e0/6c/cbe2e8281eca357fbbfd3c66987d361d7ab2.udd" 3237
"C:/Users/minls/AppData/Local/UnrealEngine/Common/DerivedDataCache/Buckets/GlobalShaderMap/6e/a8/b754b908eb81f87eda1bb32a0d9f95940fd3.udd" 3238
"C:/Users/minls/AppData/Local/UnrealEngine/Common/DerivedDataCache/Buckets/GlobalShaderMap/73/88/0ad1a511e6b68294a0ef84583c68ad1e3cce.udd" 3239
"C:/Users/minls/AppData/Local/UnrealEngine/Common/DerivedDataCache/Buckets/GlobalShaderMap/87/f8/a3f56eef6c80394a9e48b498b092b56caf9a.udd" 3240
"C:/Users/minls/AppData/Local/UnrealEngine/Common/DerivedDataCache/Buckets/GlobalShaderMap/34/c7/fbb885d06ba8ad0d986215adb7d070744029.udd" 3241
"C:/Users/minls/AppData/Local/UnrealEngine/Common/DerivedDataCache/Buckets/GlobalShaderMap/bc/69/a962d33599096ab0391e7936fc00cb821f8e.udd" 3242
"C:/Users/minls/AppData/Local/UnrealEngine/Common/DerivedDataCache/Buckets/GlobalShaderMap/56/6f/1973e5756e542e1e331bb5b52fe8b0b11e99.udd" 3243
"C:/Users/minls/AppData/Local/UnrealEngine/Common/DerivedDataCache/Buckets/GlobalShaderMap/04/2b/e499e24c6fc1fceff7b1f11c410ef16fe867.udd" 3244
"C:/Users/minls/AppData/Local/UnrealEngine/Common/DerivedDataCache/Buckets/GlobalShaderMap/55/7d/110b62eb1e6fca67ecae4716d1971d619d6b.udd" 3245
"C:/Users/minls/AppData/Local/UnrealEngine/Common/DerivedDataCache/Buckets/GlobalShaderMap/9e/4c/796e88b60f9cfb2ebf1232549f34ea5e9a22.udd" 3246
"C:/Users/minls/AppData/Local/UnrealEngine/Common/DerivedDataCache/Buckets/GlobalShaderMap/17/f4/f34d796172a5927647b44ce8126359783d49.udd" 3247
"C:/Users/minls/AppData/Local/UnrealEngine/Common/DerivedDataCache/Buckets/GlobalShaderMap/0f/30/527ef3a4348a36028e049c61874a86f0ba83.udd" 3248
"C:/Users/minls/AppData/Local/UnrealEngine/Common/DerivedDataCache/Buckets/GlobalShaderMap/04/b9/63e9f9be8099288b59c912052934fdc95e2f.udd" 3249
"C:/Users/minls/AppData/Local/UnrealEngine/Common/DerivedDataCache/Buckets/GlobalShaderMap/c2/15/bafa101e04f71485435d455b699ea9785278.udd" 3250
"C:/Users/minls/AppData/Local/UnrealEngine/Common/DerivedDataCache/Buckets/GlobalShaderMap/72/67/62cbe93b3ca7ef17c3e4e08573e4bd722f91.udd" 3251
"C:/Users/minls/AppData/Local/UnrealEngine/Common/DerivedDataCache/Buckets/GlobalShaderMap/34/5e/6d2015f59019a292583de5e0bb9d2f8083d4.udd" 3252
"C:/Users/minls/AppData/Local/UnrealEngine/Common/DerivedDataCache/Buckets/GlobalShaderMap/36/30/1c57e65bc545171ffa8d8f86561af6dcbf16.udd" 3253
"C:/Users/minls/AppData/Local/UnrealEngine/Common/DerivedDataCache/Buckets/GlobalShaderMap/c0/58/ba3fdbb19a0ba972ae8a7e55a1fc585fdc33.udd" 3254
"C:/Users/minls/AppData/Local/UnrealEngine/Common/DerivedDataCache/Buckets/GlobalShaderMap/d5/51/ca89897232b74e3a8742d53b337c88816e85.udd" 3255
"C:/Users/minls/AppData/Local/UnrealEngine/Common/DerivedDataCache/Buckets/GlobalShaderMap/ae/f7/0823710a4cfab2982da51a261b5973ce3214.udd" 3256
"C:/Users/minls/AppData/Local/UnrealEngine/Common/DerivedDataCache/Buckets/GlobalShaderMap/d2/a2/1dad4788b61446d30f288cf59d1acefb1031.udd" 3257
"C:/Users/minls/AppData/Local/UnrealEngine/Common/DerivedDataCache/Buckets/GlobalShaderMap/d0/5b/e10994a79236a9fb7229c1fec2b84b964f8b.udd" 3258
"C:/Users/minls/AppData/Local/UnrealEngine/Common/DerivedDataCache/Buckets/GlobalShaderMap/c3/48/2008afe7c2810b596e236325d4f095978b8d.udd" 3259
"C:/Users/minls/AppData/Local/UnrealEngine/Common/DerivedDataCache/Buckets/GlobalShaderMap/1a/e7/06f005503a7f754e99fb99a2a6d5f5f5e770.udd" 3260
"C:/Users/minls/AppData/Local/UnrealEngine/Common/DerivedDataCache/Buckets/GlobalShaderMap/cd/c0/4b06c4787cf1c213700383fde5522eab3d9b.udd" 3261
"C:/Users/minls/AppData/Local/UnrealEngine/Common/DerivedDataCache/Buckets/GlobalShaderMap/fa/22/23ee0617b3ba6ddc99b8f61ddb979f4ad06a.udd" 3262
"C:/Users/minls/AppData/Local/UnrealEngine/Common/DerivedDataCache/Buckets/GlobalShaderMap/b3/c5/8cf8f5ffb9301bb854210773305a67d9e6c4.udd" 3263
"C:/Users/minls/AppData/Local/UnrealEngine/Common/DerivedDataCache/Buckets/GlobalShaderMap/f4/6e/27232724fd8a2adb2e548c39ecc225bc8e0d.udd" 3264
"C:/Users/minls/AppData/Local/UnrealEngine/Common/DerivedDataCache/Buckets/GlobalShaderMap/5d/8b/9a3e88f7c69fc48d2d7bb57c09a94f77c3ae.udd" 3265
"C:/Users/minls/AppData/Local/UnrealEngine/Common/DerivedDataCache/Buckets/GlobalShaderMap/4b/75/f921024c0fadc686bd7a58a9f7c5bb51f4ed.udd" 3266
"C:/Users/minls/AppData/Local/UnrealEngine/Common/DerivedDataCache/Buckets/GlobalShaderMap/a3/b7/fbaf3e858cdb5a492bb67a6a6572a33ca52b.udd" 3267
"C:/Users/minls/AppData/Local/UnrealEngine/Common/DerivedDataCache/Buckets/GlobalShaderMap/05/a8/5d11960fc1a2ab2559b2dfa6f56471e8b183.udd" 3268
"C:/Users/minls/AppData/Local/UnrealEngine/Common/DerivedDataCache/Buckets/GlobalShaderMap/53/42/b64e97c00ecaae34729c99c42d13d6885739.udd" 3269
"C:/Users/minls/AppData/Local/UnrealEngine/Common/DerivedDataCache/Buckets/GlobalShaderMap/c2/69/c11b554c7808c92af01850b88634a855a51e.udd" 3270
"C:/Users/minls/AppData/Local/UnrealEngine/Common/DerivedDataCache/Buckets/GlobalShaderMap/48/1a/48cea31c561eda9e387d198fea9f57b174d5.udd" 3271
"C:/Users/minls/AppData/Local/UnrealEngine/Common/DerivedDataCache/Buckets/GlobalShaderMap/64/fa/8285b6753cd864fc3a3cbb816542273ee688.udd" 3272
"C:/Users/minls/AppData/Local/UnrealEngine/Common/DerivedDataCache/Buckets/GlobalShaderMap/a9/2a/cd7a5c5b1dff8ed62c64bbe66c11da4f3db8.udd" 3273
"C:/Users/minls/AppData/Local/UnrealEngine/Common/DerivedDataCache/Buckets/GlobalShaderMap/5e/02/c1db74fed48dec37f211bcf3ce78a83ef9d1.udd" 3274
"C:/Users/minls/AppData/Local/UnrealEngine/Common/DerivedDataCache/Buckets/GlobalShaderMap/2d/98/6447837c7c1ae7e348ade778143397cad6a1.udd" 3275
"C:/Users/minls/AppData/Local/UnrealEngine/Common/DerivedDataCache/Buckets/GlobalShaderMap/c6/6a/f9dd820f496d550e4b87c17dbb2f2a324551.udd" 3276
"C:/Users/minls/AppData/Local/UnrealEngine/Common/DerivedDataCache/Buckets/GlobalShaderMap/1a/62/4d84c6a476bdf53d30c88d8cf4ee4ba26e7e.udd" 3277
"C:/Users/minls/AppData/Local/UnrealEngine/Common/DerivedDataCache/Buckets/GlobalShaderMap/b2/b3/8ac51598635392e8aceefe5581263619cd2d.udd" 3278
"C:/Users/minls/AppData/Local/UnrealEngine/Common/DerivedDataCache/Buckets/GlobalShaderMap/dc/e4/e61a6e91433bb8f4a2d97c730039fb0f754c.udd" 3279
"C:/Users/minls/AppData/Local/UnrealEngine/Common/DerivedDataCache/Buckets/GlobalShaderMap/d0/9e/f3a73edaf890bc6d482361805644346bba5f.udd" 3280
"C:/Users/minls/AppData/Local/UnrealEngine/Common/DerivedDataCache/Buckets/GlobalShaderMap/50/f2/a003407953d257d159adb39635da832a8aaf.udd" 3281
"C:/Users/minls/AppData/Local/UnrealEngine/Common/DerivedDataCache/Buckets/GlobalShaderMap/6e/c8/064c52d7f2aca5eba1af75b480ccb88ce744.udd" 3282
"C:/Users/minls/AppData/Local/UnrealEngine/Common/DerivedDataCache/Buckets/GlobalShaderMap/87/b4/731521ee6d5fa06ab7f68bbcd33d002cd5d6.udd" 3283
"C:/Users/minls/AppData/Local/UnrealEngine/Common/DerivedDataCache/Buckets/GlobalShaderMap/2e/4c/dae52d1db6a0a07a7b701711176db039c126.udd" 3284
"C:/Users/minls/AppData/Local/UnrealEngine/Common/DerivedDataCache/Buckets/GlobalShaderMap/c8/23/62c71811d06ad16cb279c16feb5355be44a7.udd" 3285
"C:/Users/minls/AppData/Local/UnrealEngine/Common/DerivedDataCache/Buckets/GlobalShaderMap/45/7f/db669962d27baf489074beb7282a57327d02.udd" 3286
"C:/Users/minls/AppData/Local/UnrealEngine/Common/DerivedDataCache/Buckets/GlobalShaderMap/da/b9/a992769b20dbc8d2504a9cb25d14186c87a7.udd" 3287
"C:/Users/minls/AppData/Local/UnrealEngine/Common/DerivedDataCache/Buckets/GlobalShaderMap/29/e4/31bf84f255f1a6b9c1965add17e1b8d67fc4.udd" 3288
"C:/Users/minls/AppData/Local/UnrealEngine/Common/DerivedDataCache/Buckets/GlobalShaderMap/7b/c6/3508898425ce9f2659d038493f1d4b29e79b.udd" 3289
"C:/Users/minls/AppData/Local/UnrealEngine/Common/DerivedDataCache/Buckets/GlobalShaderMap/9c/f4/a900d740d266ebcae7ec672f1bc361e7df8f.udd" 3290
"C:/Users/minls/AppData/Local/UnrealEngine/Common/DerivedDataCache/Buckets/GlobalShaderMap/06/d2/557cfbb38c7f84d294392f1044756dcb2250.udd" 3291
"C:/Users/minls/AppData/Local/UnrealEngine/Common/DerivedDataCache/Buckets/GlobalShaderMap/4d/ca/ba27ca67537483c18059a9f7d0d0268307a7.udd" 3292
"C:/Users/minls/AppData/Local/UnrealEngine/Common/DerivedDataCache/Buckets/GlobalShaderMap/8c/3b/5b8588673d644a406d733c3bf8ae46474750.udd" 3293
"C:/Users/minls/AppData/Local/UnrealEngine/Common/DerivedDataCache/Buckets/GlobalShaderMap/80/d5/5e828d7ec6cfe3d24c3527bfedc494fb77c5.udd" 3294
"C:/Users/minls/AppData/Local/UnrealEngine/Common/DerivedDataCache/Buckets/GlobalShaderMap/8d/ac/7e7289794131aedba47ad67c04a8a8d5e7de.udd" 3295
"C:/Users/minls/AppData/Local/UnrealEngine/Common/DerivedDataCache/Buckets/GlobalShaderMap/77/a5/acbb15e22be64d865db50b715a9971872c6a.udd" 3296
"C:/Users/minls/AppData/Local/UnrealEngine/Common/DerivedDataCache/Buckets/GlobalShaderMap/44/7d/59c242cc954a4c18318e1469f5bfb2cf164e.udd" 3297
"C:/Users/minls/AppData/Local/UnrealEngine/Common/DerivedDataCache/Buckets/GlobalShaderMap/d4/51/77e75e107cf447f9913482159e03f1732288.udd" 3298
"C:/Users/minls/AppData/Local/UnrealEngine/Common/DerivedDataCache/Buckets/GlobalShaderMap/13/82/76b51a57517eff695b1fb6635a917fe70fa5.udd" 3299
"C:/Users/minls/AppData/Local/UnrealEngine/Common/DerivedDataCache/Buckets/GlobalShaderMap/89/06/84429c8f5d0c9df271b65c0e7787d7cc412d.udd" 3300
"C:/Users/minls/AppData/Local/UnrealEngine/Common/DerivedDataCache/Buckets/GlobalShaderMap/06/aa/f41649d6af916725121b9fd2f0c54d12eadd.udd" 3301
"C:/Users/minls/AppData/Local/UnrealEngine/Common/DerivedDataCache/Buckets/GlobalShaderMap/1f/3e/97070f9d74fca653d720203f24885a645106.udd" 3302
"C:/Users/minls/AppData/Local/UnrealEngine/Common/DerivedDataCache/Buckets/GlobalShaderMap/e1/82/25d70f23e2c70d81eae605edbe81285baf55.udd" 3303
"C:/Users/minls/AppData/Local/UnrealEngine/Common/DerivedDataCache/Buckets/GlobalShaderMap/f9/68/0e6fe8c869b1f843542f8881f5d4bce70244.udd" 3304
"C:/Users/minls/AppData/Local/UnrealEngine/Common/DerivedDataCache/Buckets/GlobalShaderMap/32/31/7843c6102c79896c638ad082dd02494af00c.udd" 3305
"C:/Users/minls/AppData/Local/UnrealEngine/Common/DerivedDataCache/Buckets/GlobalShaderMap/5e/17/442381f3f507a4b3eff463bdb672e3022cbc.udd" 3306
"C:/Users/minls/AppData/Local/UnrealEngine/Common/DerivedDataCache/Buckets/GlobalShaderMap/42/9e/4cef39d73619cb23d90c4379fc22a8bbf876.udd" 3307
"C:/Users/minls/AppData/Local/UnrealEngine/Common/DerivedDataCache/Buckets/GlobalShaderMap/cf/c2/c0bbd8d714c3a87c32016101639350955d0f.udd" 3308
"C:/Users/minls/AppData/Local/UnrealEngine/Common/DerivedDataCache/Buckets/GlobalShaderMap/e4/a8/eb80443bf2c6071152cfd846efb238fdb253.udd" 3309
"C:/Users/minls/AppData/Local/UnrealEngine/Common/DerivedDataCache/Buckets/GlobalShaderMap/b3/2b/b6af6df5d599db72e45085aaca99edf10b19.udd" 3310
"C:/Users/minls/AppData/Local/UnrealEngine/Common/DerivedDataCache/Buckets/GlobalShaderMap/4a/c5/e92e5f8da1640bbeb9506dda6c8589c6055f.udd" 3311
"C:/Users/minls/AppData/Local/UnrealEngine/Common/DerivedDataCache/Buckets/GlobalShaderMap/68/5e/212e631483be6ca0ee93b175ed5eb5275ebf.udd" 3312
"C:/Users/minls/AppData/Local/UnrealEngine/Common/DerivedDataCache/Buckets/GlobalShaderMap/a8/7e/7e159cad6e0f3d384247facd50d579ba1727.udd" 3313
"C:/Users/minls/AppData/Local/UnrealEngine/Common/DerivedDataCache/Buckets/GlobalShaderMap/d2/b2/bb03892cb278b7335eab733371ea1d6b496c.udd" 3314
"C:/Users/minls/AppData/Local/UnrealEngine/Common/DerivedDataCache/Buckets/GlobalShaderMap/44/f5/f6d90ab3cba0507031068de7923544c06968.udd" 3315
"C:/Users/minls/AppData/Local/UnrealEngine/Common/DerivedDataCache/Buckets/GlobalShaderMap/25/49/cb4c48a40f9026ae5e0b758a02ca0f0cc2ba.udd" 3316
"C:/Users/minls/AppData/Local/UnrealEngine/Common/DerivedDataCache/Buckets/GlobalShaderMap/3c/79/2f3fd837b03bb92fd3985a1c3944f810f24f.udd" 3317
"C:/Users/minls/AppData/Local/UnrealEngine/Common/DerivedDataCache/Buckets/GlobalShaderMap/11/17/c15be600efb55dc06514c350fc4c7a708e8a.udd" 3318
"C:/Users/minls/AppData/Local/UnrealEngine/Common/DerivedDataCache/Content/f5/1d/8a2d6049912aaa4043ad2cc7061d5b72c0ff.udd" 3319
"C:/Users/minls/AppData/Local/UnrealEngine/Common/DerivedDataCache/Buckets/GlobalShaderMap/fe/f8/df9a9147d1fdc117bb9a8c0dec8098cea9f9.udd" 3320
"C:/Users/minls/AppData/Local/UnrealEngine/Common/DerivedDataCache/Buckets/GlobalShaderMap/43/17/23cabfa04ffa6123f0fd216587335d39a66f.udd" 3321
"C:/Users/minls/AppData/Local/UnrealEngine/Common/DerivedDataCache/Buckets/GlobalShaderMap/a9/fa/24b64c44eae438054c213ffb9abea2adc26c.udd" 3322
"C:/Users/minls/AppData/Local/UnrealEngine/Common/DerivedDataCache/Buckets/GlobalShaderMap/3b/a7/2f00f92329daa2344e563cc05144a3336d31.udd" 3323
"C:/Users/minls/AppData/Local/UnrealEngine/Common/DerivedDataCache/Buckets/GlobalShaderMap/cc/77/09b54b9fd81effc74c154def41a65d2717b6.udd" 3324
"C:/Users/minls/AppData/Local/UnrealEngine/Common/DerivedDataCache/Buckets/GlobalShaderMap/0f/33/853bf9aa9e95a5b8b9fa0991ec4d77b3943c.udd" 3325
"C:/Users/minls/AppData/Local/UnrealEngine/Common/DerivedDataCache/Buckets/GlobalShaderMap/de/d7/f17e5c9ca909a95c9a799fb12e79b972c65c.udd" 3326
"C:/Users/minls/AppData/Local/UnrealEngine/Common/DerivedDataCache/Buckets/GlobalShaderMap/23/d6/ed15923b2024b22af8e3cc3211e5748f5174.udd" 3327
"C:/Users/minls/AppData/Local/UnrealEngine/Common/DerivedDataCache/Buckets/GlobalShaderMap/86/bb/23e5854307bb061ee7425829698d41206d43.udd" 3328
"C:/Users/minls/AppData/Local/UnrealEngine/Common/DerivedDataCache/Buckets/GlobalShaderMap/d7/f7/0bbd7124ba9f74e0c8a2b135584885e122e0.udd" 3329
"C:/Users/minls/AppData/Local/UnrealEngine/Common/DerivedDataCache/Buckets/GlobalShaderMap/f3/3b/435bc7e77e85cfead23a67e49952df8e729b.udd" 3330
"C:/Users/minls/AppData/Local/UnrealEngine/Common/DerivedDataCache/Buckets/GlobalShaderMap/56/2b/132bc5f92bab6c1379808c23a3779ff5db8e.udd" 3331
"C:/Users/minls/AppData/Local/UnrealEngine/Common/DerivedDataCache/Buckets/GlobalShaderMap/eb/0f/0984ba122efa3055cc0483ac047bab7d3f6d.udd" 3332
"C:/Users/minls/AppData/Local/UnrealEngine/Common/DerivedDataCache/Buckets/GlobalShaderMap/c6/02/07b4f6d79e9797a468db3ad2b67811c26374.udd" 3333
"C:/Users/minls/AppData/Local/UnrealEngine/Common/DerivedDataCache/Buckets/GlobalShaderMap/7d/44/9c4192f5b47e0d850e1282bfd87f87118570.udd" 3334
"C:/Users/minls/AppData/Local/UnrealEngine/Common/DerivedDataCache/Buckets/GlobalShaderMap/5b/9a/4f49e57e25691e70133359e21eedbd7f4337.udd" 3335
"C:/Users/minls/AppData/Local/UnrealEngine/Common/DerivedDataCache/Buckets/GlobalShaderMap/65/12/81725102c345664bb9aadf3ecc7c76e768a6.udd" 3336
"C:/Users/minls/AppData/Local/UnrealEngine/Common/DerivedDataCache/Buckets/GlobalShaderMap/c9/8f/851d20984d6011614ca8e8b23ffd3004d5c0.udd" 3337
"C:/Users/minls/AppData/Local/UnrealEngine/Common/DerivedDataCache/Buckets/GlobalShaderMap/10/62/0d6935967c3574fd19b725c800456f413d49.udd" 3338
"C:/Users/minls/AppData/Local/UnrealEngine/Common/DerivedDataCache/Buckets/GlobalShaderMap/b2/20/a6f9c2a05681f54a2eded7e52845b9d6168e.udd" 3339
"C:/Users/minls/AppData/Local/UnrealEngine/Common/DerivedDataCache/Buckets/GlobalShaderMap/6a/6e/4abd0e29afce1d293ef2b93e68d53ce017eb.udd" 3340
"C:/Users/minls/AppData/Local/UnrealEngine/Common/DerivedDataCache/Buckets/GlobalShaderMap/7d/83/ae40503b2a45ff9a1461603f655c3a75af1b.udd" 3341
"C:/Users/minls/AppData/Local/UnrealEngine/Common/DerivedDataCache/Buckets/GlobalShaderMap/1d/45/bf09714fdee87f6956153aa43208f2c29651.udd" 3342
"C:/Users/minls/AppData/Local/UnrealEngine/Common/DerivedDataCache/Buckets/GlobalShaderMap/83/43/2b9285cb846c36cb583094e4fb9aefa92069.udd" 3343
"C:/Users/minls/AppData/Local/UnrealEngine/Common/DerivedDataCache/Buckets/GlobalShaderMap/e8/d1/ced17a486cbdfe3a47396800214231f5d0ab.udd" 3344
"C:/Users/minls/AppData/Local/UnrealEngine/Common/DerivedDataCache/Buckets/GlobalShaderMap/eb/a6/da04aca8aa837ab8bb5f86abcce26216f440.udd" 3345
"C:/Users/minls/AppData/Local/UnrealEngine/Common/DerivedDataCache/Buckets/GlobalShaderMap/aa/06/295e027fd6c3134296ad891bb5a10259dbb4.udd" 3346
"C:/Users/minls/AppData/Local/UnrealEngine/Common/DerivedDataCache/Buckets/GlobalShaderMap/76/43/8326ee700893b5f5b8e5020e786df579340e.udd" 3347
"C:/Users/minls/AppData/Local/UnrealEngine/Common/DerivedDataCache/Buckets/GlobalShaderMap/4f/43/c16caa5951ec288d5ce5c4643cb95991c1e1.udd" 3348
"C:/Users/minls/AppData/Local/UnrealEngine/Common/DerivedDataCache/Buckets/GlobalShaderMap/66/48/7eb5cb305b9ddb303ab10bb0d1ba0fe178b6.udd" 3349
"C:/Users/minls/AppData/Local/UnrealEngine/Common/DerivedDataCache/Buckets/GlobalShaderMap/07/07/65fa30fc9d103a694c0acedc3ba079cc4c16.udd" 3350
"C:/Users/minls/AppData/Local/UnrealEngine/Common/DerivedDataCache/Buckets/GlobalShaderMap/87/66/f99dcd3b4c646960788305d0332e20e7968c.udd" 3351
"C:/Users/minls/AppData/Local/UnrealEngine/Common/DerivedDataCache/Buckets/GlobalShaderMap/09/8d/4b75c4c108ce43656f2eeb4799c8dee70a62.udd" 3352
"C:/Users/minls/AppData/Local/UnrealEngine/Common/DerivedDataCache/Buckets/GlobalShaderMap/51/b9/2ab0bc76c8a79384c0c5c525fc975fc5ecda.udd" 3353
"C:/Users/minls/AppData/Local/UnrealEngine/Common/DerivedDataCache/Buckets/GlobalShaderMap/1a/19/ab6c5af0a05917a65c985c41bbd17b10c026.udd" 3354
"C:/Users/minls/AppData/Local/UnrealEngine/Common/DerivedDataCache/Buckets/GlobalShaderMap/14/ec/6d3020a3e2efde1c34b8ac7e4349ac8d15f5.udd" 3355
"C:/Users/minls/AppData/Local/UnrealEngine/Common/DerivedDataCache/Buckets/GlobalShaderMap/84/c4/3910fbb0f4a09769f9cc88e378de4611e695.udd" 3356
"C:/Users/minls/AppData/Local/UnrealEngine/Common/DerivedDataCache/Buckets/GlobalShaderMap/45/08/079a736b47f1973b30ff677085314f47f743.udd" 3357
"C:/Users/minls/AppData/Local/UnrealEngine/Common/DerivedDataCache/Buckets/GlobalShaderMap/9e/eb/6194e8a1fb4001eeadddfc8245a306541098.udd" 3358
"C:/Users/minls/AppData/Local/UnrealEngine/Common/DerivedDataCache/Buckets/GlobalShaderMap/14/51/205c2bd12890d9f8bec36104827608c529e5.udd" 3359
"C:/Users/minls/AppData/Local/UnrealEngine/Common/DerivedDataCache/Buckets/GlobalShaderMap/a9/d3/b7b9b379e19497279ae1aaa80879d4082f51.udd" 3360
"C:/Users/minls/AppData/Local/UnrealEngine/Common/DerivedDataCache/Buckets/GlobalShaderMap/ca/c6/aa69407c3619c74c7ddb9e00d307e5dc65ab.udd" 3361
"C:/Users/minls/AppData/Local/UnrealEngine/Common/DerivedDataCache/Buckets/GlobalShaderMap/76/47/eb6da5be288d5ee91e6992a8736a0fa8b441.udd" 3362
"C:/Users/minls/AppData/Local/UnrealEngine/Common/DerivedDataCache/Buckets/GlobalShaderMap/d1/fa/435ddf3175a8e319b0794fc97dcc1078cabe.udd" 3363
"C:/Users/minls/AppData/Local/UnrealEngine/Common/DerivedDataCache/Buckets/GlobalShaderMap/64/19/03726d7d64e51fa9a737d30b11b775277522.udd" 3364
"C:/Users/minls/AppData/Local/UnrealEngine/Common/DerivedDataCache/Buckets/GlobalShaderMap/2a/d8/355d2b9db324387410c53ab49f72b14ebc5a.udd" 3365
"C:/Users/minls/AppData/Local/UnrealEngine/Common/DerivedDataCache/Buckets/GlobalShaderMap/e9/fc/e473b34a61f2125815383fc81eddd6d40143.udd" 3366
"C:/Users/minls/AppData/Local/UnrealEngine/Common/DerivedDataCache/Buckets/GlobalShaderMap/cf/19/ecccabfc3f53e3f0d58ad296e87cc78c46de.udd" 3367
"C:/Users/minls/AppData/Local/UnrealEngine/Common/DerivedDataCache/Buckets/GlobalShaderMap/d9/78/f1bc0038a6756d4a28153f4522006819ac85.udd" 3368
"C:/Users/minls/AppData/Local/UnrealEngine/Common/DerivedDataCache/Buckets/GlobalShaderMap/a9/2c/9353ceb13b4d15fb98b26c12bf41e4f403b5.udd" 3369
"C:/Users/minls/AppData/Local/UnrealEngine/Common/DerivedDataCache/Buckets/GlobalShaderMap/45/d6/046ed4f0644cee0ad8ac6b3570e2c98f2ecd.udd" 3370
"C:/Users/minls/AppData/Local/UnrealEngine/Common/DerivedDataCache/Buckets/GlobalShaderMap/73/71/bdc6ede468aa26d1a414cf51dcff607db1d6.udd" 3371
"C:/Users/minls/AppData/Local/UnrealEngine/Common/DerivedDataCache/Buckets/GlobalShaderMap/7d/6e/93fe3f8bf2d67392b1cb339d57c124144c1f.udd" 3372
"C:/Users/minls/AppData/Local/UnrealEngine/Common/DerivedDataCache/Buckets/GlobalShaderMap/5e/94/fd4ea46416484541f6c0ea9b1dff7d56fb8d.udd" 3373
"C:/Users/minls/AppData/Local/UnrealEngine/Common/DerivedDataCache/Buckets/GlobalShaderMap/d9/55/d1637f3a199756a7f0be10b4429c944dbeb2.udd" 3374
"C:/Users/minls/AppData/Local/UnrealEngine/Common/DerivedDataCache/Buckets/GlobalShaderMap/da/28/4b6d4c0e3393ad931ea2e9e75db4ea8a44f2.udd" 3375
"C:/Users/minls/AppData/Local/UnrealEngine/Common/DerivedDataCache/Buckets/GlobalShaderMap/c4/ed/2a7150ec88179f3af5583e6dc6039af27cac.udd" 3376
"C:/Users/minls/AppData/Local/UnrealEngine/Common/DerivedDataCache/Buckets/GlobalShaderMap/75/b3/912d8426944bfab3844412e7ce1d4a664daf.udd" 3377
"C:/Users/minls/AppData/Local/UnrealEngine/Common/DerivedDataCache/Buckets/GlobalShaderMap/62/94/5b887959cb6238457478cf644a5af3366a83.udd" 3378
"C:/Users/minls/AppData/Local/UnrealEngine/Common/DerivedDataCache/Buckets/GlobalShaderMap/7b/3c/55e525f77ed0b3948504106982ca650d7afa.udd" 3379
"C:/Users/minls/AppData/Local/UnrealEngine/Common/DerivedDataCache/Buckets/GlobalShaderMap/a5/3c/a6443ffd0b7f56323c155a946ead10ca0b3b.udd" 3380
"C:/Users/minls/AppData/Local/UnrealEngine/Common/DerivedDataCache/Buckets/GlobalShaderMap/eb/0b/557b6a76be2a8c3e0c883a2f1a89f519166b.udd" 3381
"C:/Users/minls/AppData/Local/UnrealEngine/Common/DerivedDataCache/Buckets/GlobalShaderMap/4d/c9/4d71c9b2309ce96653418208b45c3dfc37d4.udd" 3382
"C:/Users/minls/AppData/Local/UnrealEngine/Common/DerivedDataCache/Buckets/GlobalShaderMap/dc/b8/6eebf393d07fb7be4f152def9e292363dd3b.udd" 3383
"C:/Users/minls/AppData/Local/UnrealEngine/Common/DerivedDataCache/Buckets/GlobalShaderMap/37/04/0979a83fd7cf65c775b91856d8f8759b1ecf.udd" 3384
"C:/Users/minls/AppData/Local/UnrealEngine/Common/DerivedDataCache/Buckets/GlobalShaderMap/92/5d/7ae09382f8dd4b200317cbdc3da5ec5c753d.udd" 3385
"C:/Users/minls/AppData/Local/UnrealEngine/Common/DerivedDataCache/Buckets/GlobalShaderMap/8b/3a/282fa148e5c2045d6735cac6e04deb569b9a.udd" 3386
"C:/Users/minls/AppData/Local/UnrealEngine/Common/DerivedDataCache/Buckets/GlobalShaderMap/48/07/6df284e498ca12b2d8d83d91040a6f65a5b6.udd" 3387
"C:/Users/minls/AppData/Local/UnrealEngine/Common/DerivedDataCache/Buckets/GlobalShaderMap/d9/c5/02ce815f477506dfe6d6ba1d823465552abf.udd" 3388
"C:/Users/minls/AppData/Local/UnrealEngine/Common/DerivedDataCache/Buckets/GlobalShaderMap/8a/e2/23024d53a1204d66753e0555aec977ee3bbf.udd" 3389
"C:/Users/minls/AppData/Local/UnrealEngine/Common/DerivedDataCache/Buckets/GlobalShaderMap/c9/63/80e1445cc735a6a6b4c7b266a52a90bfa997.udd" 3390
"C:/Users/minls/AppData/Local/UnrealEngine/Common/DerivedDataCache/Buckets/GlobalShaderMap/78/99/35751b85ff1a6bcdef9f1bb359586953723c.udd" 3391
"C:/Users/minls/AppData/Local/UnrealEngine/Common/DerivedDataCache/Buckets/GlobalShaderMap/d6/60/69c9c4d083ca1a25560c6b22f2c253b60a38.udd" 3392
"C:/Users/minls/AppData/Local/UnrealEngine/Common/DerivedDataCache/Buckets/GlobalShaderMap/05/3c/99406fbe3b53deb66803148d30934f7a5924.udd" 3393
"C:/Users/minls/AppData/Local/UnrealEngine/Common/DerivedDataCache/Buckets/GlobalShaderMap/57/68/a84ad1841fa1d6359a9c626ad88cf9df9b09.udd" 3394
"C:/Users/minls/AppData/Local/UnrealEngine/Common/DerivedDataCache/Buckets/GlobalShaderMap/48/52/cdd956fcb8f01903958f3febc40ae87eba20.udd" 3395
"C:/Users/minls/AppData/Local/UnrealEngine/Common/DerivedDataCache/Buckets/GlobalShaderMap/ac/9d/429da89f387888a2c31dc23d13c9c1357ed6.udd" 3396
"C:/Users/minls/AppData/Local/UnrealEngine/Common/DerivedDataCache/Buckets/GlobalShaderMap/21/5f/b92531435e8d657c01e0ec14bc1105838cfa.udd" 3397
"C:/Users/minls/AppData/Local/UnrealEngine/Common/DerivedDataCache/Buckets/GlobalShaderMap/ae/3a/b09c953a31fa38046ed7ad03279ab3683cfc.udd" 3398
"C:/Users/minls/AppData/Local/UnrealEngine/Common/DerivedDataCache/Buckets/GlobalShaderMap/20/35/b1ac68272689a873ebb40d784fbeb3bfe22f.udd" 3399
"C:/Users/minls/AppData/Local/UnrealEngine/Common/DerivedDataCache/Buckets/GlobalShaderMap/61/6e/97d0d11905c8bff4db66c8941bb330a03438.udd" 3400
"C:/Users/minls/AppData/Local/UnrealEngine/Common/DerivedDataCache/Buckets/GlobalShaderMap/a7/96/08bc8da33a9609e98f5c26ea37f800e791f4.udd" 3401
"C:/Users/minls/AppData/Local/UnrealEngine/Common/DerivedDataCache/Buckets/GlobalShaderMap/3b/13/f07d5f7db24531a57ab91a9ef0ba3b133f9a.udd" 3402
"C:/Users/minls/AppData/Local/UnrealEngine/Common/DerivedDataCache/Buckets/GlobalShaderMap/ac/18/6ed98bae759af5addf0d42920bff1f398cd5.udd" 3403
"C:/Users/minls/AppData/Local/UnrealEngine/Common/DerivedDataCache/Buckets/GlobalShaderMap/63/ba/10162735386aca22549922372242d9194f6a.udd" 3404
"C:/Users/minls/AppData/Local/UnrealEngine/Common/DerivedDataCache/Buckets/GlobalShaderMap/b9/1b/b674f8b7b702bfdc57d989f1b71267454c17.udd" 3405
"C:/Users/minls/AppData/Local/UnrealEngine/Common/DerivedDataCache/Buckets/GlobalShaderMap/da/68/ab8bfcd2c1e1d7784c758f37274585e15b29.udd" 3406
"C:/Users/minls/AppData/Local/UnrealEngine/Common/DerivedDataCache/Buckets/GlobalShaderMap/5a/03/6f4344924e29fa702e6c439298d9c692dfa9.udd" 3407
"C:/Users/minls/AppData/Local/UnrealEngine/Common/DerivedDataCache/Buckets/GlobalShaderMap/e7/7b/98522ba42fa548767b26436079042dbc64a3.udd" 3408
"C:/Users/minls/AppData/Local/UnrealEngine/Common/DerivedDataCache/Buckets/GlobalShaderMap/5e/54/1f564831e6330866b76c0baa70cf4b4c6544.udd" 3409
"C:/Users/minls/AppData/Local/UnrealEngine/Common/DerivedDataCache/Buckets/GlobalShaderMap/cc/bf/5b2c11f422b4fb2bce90bd64fa5955e43bcb.udd" 3410
"C:/Users/minls/AppData/Local/UnrealEngine/Common/DerivedDataCache/Buckets/GlobalShaderMap/a6/50/96fa922dd626693c824e4aa21f5e549a824b.udd" 3411
"C:/Users/minls/AppData/Local/UnrealEngine/Common/DerivedDataCache/Buckets/GlobalShaderMap/14/a2/df47017da42fb2af8ff712478451adaabc6c.udd" 3412
"C:/Users/minls/AppData/Local/UnrealEngine/Common/DerivedDataCache/Buckets/GlobalShaderMap/22/04/a1f0d54c44bd50843248677aeded72235902.udd" 3413
"C:/Users/minls/AppData/Local/UnrealEngine/Common/DerivedDataCache/Buckets/GlobalShaderMap/75/59/abfb175158fdad6614061eedb4fc2979c8f7.udd" 3414
"C:/Users/minls/AppData/Local/UnrealEngine/Common/DerivedDataCache/Buckets/GlobalShaderMap/3c/60/83ca1e9bfe408aa2868fd87386975c75b35e.udd" 3415
"C:/Users/minls/AppData/Local/UnrealEngine/Common/DerivedDataCache/Buckets/GlobalShaderMap/1f/e5/acc3c704b2fd9de272d518ce50b6ce77fd04.udd" 3416
"C:/Users/minls/AppData/Local/UnrealEngine/Common/DerivedDataCache/Buckets/GlobalShaderMap/d8/60/342308f37510f3c6b86d0fb5338d3b2fb49f.udd" 3417
"C:/Users/minls/AppData/Local/UnrealEngine/Common/DerivedDataCache/Buckets/GlobalShaderMap/2c/a0/b3ec6e40e60b310b9b849514f65234f8de92.udd" 3418
"C:/Users/minls/AppData/Local/UnrealEngine/Common/DerivedDataCache/Buckets/GlobalShaderMap/3a/69/bf0340a176e730e6d135fd73f5af73174657.udd" 3419
"C:/Users/minls/AppData/Local/UnrealEngine/Common/DerivedDataCache/Buckets/GlobalShaderMap/e2/35/a94efd8df3d72c38c33705748e1dd619f2db.udd" 3420
"C:/Users/minls/AppData/Local/UnrealEngine/Common/DerivedDataCache/Buckets/GlobalShaderMap/a4/05/29544ae8d475481c5cef00e8d136edd27262.udd" 3421
"C:/Users/minls/AppData/Local/UnrealEngine/Common/DerivedDataCache/Buckets/GlobalShaderMap/d4/96/ae6d868fd1791a71a3ba35f20d06103c29bc.udd" 3422
"C:/Users/minls/AppData/Local/UnrealEngine/Common/DerivedDataCache/Buckets/GlobalShaderMap/18/72/119bab56c8c9e758439ec3ac0816881ea2ce.udd" 3423
"C:/Users/minls/AppData/Local/UnrealEngine/Common/DerivedDataCache/Buckets/GlobalShaderMap/79/af/a790377ec292f4ffce54a35524bbf6c42875.udd" 3424
"C:/Users/minls/AppData/Local/UnrealEngine/Common/DerivedDataCache/Buckets/GlobalShaderMap/60/d4/9ea807cc6f5d855e54a69ea5254b6cd260ee.udd" 3425
"C:/Users/minls/AppData/Local/UnrealEngine/Common/DerivedDataCache/Buckets/GlobalShaderMap/41/8c/acb8b98902043acd6673162f970c9746abec.udd" 3426
"C:/Users/minls/AppData/Local/UnrealEngine/Common/DerivedDataCache/Buckets/GlobalShaderMap/6f/02/4628d483bacd7f0a522d271f089f1a098a5c.udd" 3427
"C:/Users/minls/AppData/Local/UnrealEngine/Common/DerivedDataCache/Buckets/GlobalShaderMap/53/df/739f5cd914cce56ba71e555b5f87ff525de5.udd" 3428
"C:/Users/minls/AppData/Local/UnrealEngine/Common/DerivedDataCache/Buckets/GlobalShaderMap/88/f1/21ebcc8d9ac3e75625afdd5c0d0e61a43bfc.udd" 3429
"C:/Users/minls/AppData/Local/UnrealEngine/Common/DerivedDataCache/Buckets/GlobalShaderMap/a1/29/9d6f5ee0299763229088be465c51261cad28.udd" 3430
"C:/Users/minls/AppData/Local/UnrealEngine/Common/DerivedDataCache/Buckets/GlobalShaderMap/5c/37/5143a5f520bfe607c86524a76fd72f103286.udd" 3431
"C:/Users/minls/AppData/Local/UnrealEngine/Common/DerivedDataCache/Buckets/GlobalShaderMap/c5/36/a24bbccfd2bf85b6409abd11175fd063f778.udd" 3432
"C:/Users/minls/AppData/Local/UnrealEngine/Common/DerivedDataCache/Buckets/GlobalShaderMap/95/22/37d2822c83bae8356849e25c321fb536a2a2.udd" 3433
"C:/Users/minls/AppData/Local/UnrealEngine/Common/DerivedDataCache/Buckets/GlobalShaderMap/11/58/2e696fb1dff693efd91b011cfb747dc7bfba.udd" 3434
"C:/Users/minls/AppData/Local/UnrealEngine/Common/DerivedDataCache/Buckets/GlobalShaderMap/22/d8/36cf8736cb223cc0bf5e6901f96eb2815990.udd" 3435
"C:/Users/minls/AppData/Local/UnrealEngine/Common/DerivedDataCache/Buckets/GlobalShaderMap/7e/c7/acefc3cfbc95525182e958558e29a93789b9.udd" 3436
"C:/Users/minls/AppData/Local/UnrealEngine/Common/DerivedDataCache/Buckets/GlobalShaderMap/36/7b/454bec493f0fe93fdaa405bd96c814da5f0d.udd" 3437
"C:/Users/minls/AppData/Local/UnrealEngine/Common/DerivedDataCache/Buckets/GlobalShaderMap/c1/e0/aca26267c0b16d652b131019b1cd47fc974c.udd" 3438
"C:/Users/minls/AppData/Local/UnrealEngine/Common/DerivedDataCache/Buckets/GlobalShaderMap/c5/c8/02a2747ab8b4434e259857ff8e8dd73c914d.udd" 3439
"C:/Users/minls/AppData/Local/UnrealEngine/Common/DerivedDataCache/Buckets/GlobalShaderMap/b0/d0/3da82eefcc36ea5b112c181e7a5401fa236b.udd" 3440
"C:/Users/minls/AppData/Local/UnrealEngine/Common/DerivedDataCache/Buckets/GlobalShaderMap/77/62/4b3e39ca04fac870b38bccf68970d8d80108.udd" 3441
"C:/Users/minls/AppData/Local/UnrealEngine/Common/DerivedDataCache/Buckets/GlobalShaderMap/d9/bb/d6916f8b291efd3a9990278fa6ce65c22927.udd" 3442
"C:/Users/minls/AppData/Local/UnrealEngine/Common/DerivedDataCache/Buckets/GlobalShaderMap/01/ab/049fd77da9f684ada294f3a1b8010c79fd49.udd" 3443
"C:/Users/minls/AppData/Local/UnrealEngine/Common/DerivedDataCache/Buckets/GlobalShaderMap/81/02/07d750809a4ab69c6b01aae9f7381eabafb6.udd" 3444
"C:/Users/minls/AppData/Local/UnrealEngine/Common/DerivedDataCache/Buckets/GlobalShaderMap/52/9a/bc73948a7574989aa87abdb32f8856101cb1.udd" 3445
"C:/Users/minls/AppData/Local/UnrealEngine/Common/DerivedDataCache/Buckets/GlobalShaderMap/3b/82/bb5759428b42ac4e2f3bdc79c863dd7a0af6.udd" 3446
"C:/Users/minls/AppData/Local/UnrealEngine/Common/DerivedDataCache/Buckets/GlobalShaderMap/69/62/0e3a11cce8e25803e2da9661571044d5e993.udd" 3447
"C:/Users/minls/AppData/Local/UnrealEngine/Common/DerivedDataCache/Buckets/GlobalShaderMap/14/30/ea5a2598d30225aaed1b4fb26c127fb88be6.udd" 3448
"C:/Users/minls/AppData/Local/UnrealEngine/Common/DerivedDataCache/Buckets/GlobalShaderMap/40/fd/f4b60422d08d56e2e038bfea8e2697802cbf.udd" 3449
"C:/Users/minls/AppData/Local/UnrealEngine/Common/DerivedDataCache/Buckets/GlobalShaderMap/ce/84/03095464ed988a8de7b4a54d0b6b1baaf38c.udd" 3450
"C:/Users/minls/AppData/Local/UnrealEngine/Common/DerivedDataCache/Buckets/GlobalShaderMap/91/ef/e298dd4e05cd4b1adf5c77d3a56900ff69a5.udd" 3451
"C:/Users/minls/AppData/Local/UnrealEngine/Common/DerivedDataCache/Buckets/GlobalShaderMap/6a/38/76c457c92f76de973b11491e855b39dd3e90.udd" 3452
"C:/Users/minls/AppData/Local/UnrealEngine/Common/DerivedDataCache/Buckets/GlobalShaderMap/1a/df/fa1f792e249f94dbabcd4711074ba5bce73f.udd" 3453
"C:/Users/minls/AppData/Local/UnrealEngine/Common/DerivedDataCache/Buckets/GlobalShaderMap/d8/0a/53b4bac2a28177ff96687b843aef6507e7ac.udd" 3454
"C:/Users/minls/AppData/Local/UnrealEngine/Common/DerivedDataCache/Buckets/GlobalShaderMap/da/c3/400078c6224838537606ebed0ceede696b2b.udd" 3455
"C:/Users/minls/AppData/Local/UnrealEngine/Common/DerivedDataCache/Buckets/GlobalShaderMap/69/5b/e2457da07ef16db3512f09ae0efa5c468c5d.udd" 3456
"C:/Users/minls/AppData/Local/UnrealEngine/Common/DerivedDataCache/Buckets/GlobalShaderMap/84/b9/de9b86d1a98658ef04ee8c0af880d5f28cf7.udd" 3457
"C:/Users/minls/AppData/Local/UnrealEngine/Common/DerivedDataCache/Buckets/GlobalShaderMap/4a/6c/af1bcb3b7f74a36f52a3dfd4423e001cd9dd.udd" 3458
"C:/Users/minls/AppData/Local/UnrealEngine/Common/DerivedDataCache/Buckets/GlobalShaderMap/ae/6a/bbba09d625836ff1a78d849d7caecb415f9a.udd" 3459
"C:/Users/minls/AppData/Local/UnrealEngine/Common/DerivedDataCache/Buckets/GlobalShaderMap/81/22/c3d68321e3cb075fc3cebc45d66fadfc8c17.udd" 3460
"C:/Users/minls/AppData/Local/UnrealEngine/Common/DerivedDataCache/Buckets/GlobalShaderMap/fe/64/8546ef3c042c81942fb26f4962bc491de658.udd" 3461
"C:/Users/minls/AppData/Local/UnrealEngine/Common/DerivedDataCache/Buckets/GlobalShaderMap/cc/0e/6ce3704506cf7e544f6937430bd2e5acfa89.udd" 3462
"C:/Users/minls/AppData/Local/UnrealEngine/Common/DerivedDataCache/Buckets/GlobalShaderMap/77/90/666a2cf2adac94e1a4ff43f0f79b4c881a21.udd" 3463
"C:/Users/minls/AppData/Local/UnrealEngine/Common/DerivedDataCache/Buckets/GlobalShaderMap/1a/63/a0398f25c452bd1fcb9081bd859677d6cb5a.udd" 3464
"C:/Users/minls/AppData/Local/UnrealEngine/Common/DerivedDataCache/Buckets/GlobalShaderMap/27/94/66ae94368681d7622f7c1df38d08efb9167d.udd" 3465
"C:/Users/minls/AppData/Local/UnrealEngine/Common/DerivedDataCache/Buckets/GlobalShaderMap/b9/30/3e781f8e8d58c5c7929cd72fbb5083ce4654.udd" 3466
"C:/Users/minls/AppData/Local/UnrealEngine/Common/DerivedDataCache/Buckets/GlobalShaderMap/12/67/7bf84d5f49120fad351e9e194c8a1ab8aedf.udd" 3467
"C:/Users/minls/AppData/Local/UnrealEngine/Common/DerivedDataCache/Buckets/GlobalShaderMap/44/64/34fa67cfabd0b3f683096c5bfd880ef97b76.udd" 3468
"C:/Users/minls/AppData/Local/UnrealEngine/Common/DerivedDataCache/Buckets/GlobalShaderMap/73/f8/05176d00f66e1f21c2381decc0e3267560c5.udd" 3469
"C:/Users/minls/AppData/Local/UnrealEngine/Common/DerivedDataCache/Buckets/GlobalShaderMap/bf/47/2ffbbbb89671f1a2d3a4383dadee035a535e.udd" 3470
"C:/Users/minls/AppData/Local/UnrealEngine/Common/DerivedDataCache/Buckets/GlobalShaderMap/72/fe/e90688a965659104a7b77191e09b70c88155.udd" 3471
"C:/Users/minls/AppData/Local/UnrealEngine/Common/DerivedDataCache/Buckets/GlobalShaderMap/e6/a2/a1c75e9e3be81563ac37c5fcac4b273e9b78.udd" 3472
"C:/Users/minls/AppData/Local/UnrealEngine/Common/DerivedDataCache/Buckets/GlobalShaderMap/e6/24/3e53693a7fb0bfbbca7777196b20d1561c24.udd" 3473
"C:/Users/minls/AppData/Local/UnrealEngine/Common/DerivedDataCache/Buckets/GlobalShaderMap/47/6a/218c85e9a48a84813fdfd2b87d74449cacb5.udd" 3474
"C:/Users/minls/AppData/Local/UnrealEngine/Common/DerivedDataCache/Buckets/GlobalShaderMap/93/0c/a31983f3572d85bbf391d64c5642aa34cbad.udd" 3475
"C:/Users/minls/AppData/Local/UnrealEngine/Common/DerivedDataCache/Buckets/GlobalShaderMap/1c/f5/3d649f2dfa8d81be3d08dcee267c63321901.udd" 3476
"C:/Users/minls/AppData/Local/UnrealEngine/Common/DerivedDataCache/Buckets/GlobalShaderMap/7f/2b/5646b5b10ea539e0d41104483e664556a3f9.udd" 3477
"C:/Users/minls/AppData/Local/UnrealEngine/Common/DerivedDataCache/Buckets/GlobalShaderMap/16/e3/347d014ce37d5c25e00de3cc199b19dcdadc.udd" 3478
"C:/Users/minls/AppData/Local/UnrealEngine/Common/DerivedDataCache/Buckets/GlobalShaderMap/3b/05/6baa6735d77600e91e03b975af5a06088c66.udd" 3479
"C:/Users/minls/AppData/Local/UnrealEngine/Common/DerivedDataCache/Buckets/GlobalShaderMap/bf/05/6115c233237ff93cbbecab894d1803a26b4b.udd" 3480
"C:/Users/minls/AppData/Local/UnrealEngine/Common/DerivedDataCache/Buckets/GlobalShaderMap/21/ff/8cbe3b3b7d9f852e912985601d52f17d9747.udd" 3481
"C:/Users/minls/AppData/Local/UnrealEngine/Common/DerivedDataCache/Buckets/GlobalShaderMap/93/cf/369745ae1a3ab66ee42225f92cabcb4dce5d.udd" 3482
"C:/Users/minls/AppData/Local/UnrealEngine/Common/DerivedDataCache/Buckets/GlobalShaderMap/2e/4f/c58a48183eeda4740874a1de501326d0066f.udd" 3483
"C:/Users/minls/AppData/Local/UnrealEngine/Common/DerivedDataCache/Buckets/GlobalShaderMap/11/b8/70089ed564af619b1f5b6a86a29f0a8ee5de.udd" 3484
"C:/Users/minls/AppData/Local/UnrealEngine/Common/DerivedDataCache/Buckets/GlobalShaderMap/af/11/0b5afdbbfc53ea78bf08e11dcc851c6ee35a.udd" 3485
"C:/Users/minls/AppData/Local/UnrealEngine/Common/DerivedDataCache/Buckets/GlobalShaderMap/e9/b1/8565c0c1f82d833c0851931398f296942572.udd" 3486
"C:/Users/minls/AppData/Local/UnrealEngine/Common/DerivedDataCache/Buckets/GlobalShaderMap/83/d3/c2f6625ac285368c41454a2c72c9be28bd43.udd" 3487
"C:/Users/minls/AppData/Local/UnrealEngine/Common/DerivedDataCache/Buckets/GlobalShaderMap/35/ab/deb3837b4217e43171d8ae085803f60f6a8c.udd" 3488
"C:/Users/minls/AppData/Local/UnrealEngine/Common/DerivedDataCache/Buckets/GlobalShaderMap/c4/cc/dc545b6e767f8cb2ec91c02c7ed45c3dcef2.udd" 3489
"C:/Users/minls/AppData/Local/UnrealEngine/Common/DerivedDataCache/Buckets/GlobalShaderMap/07/90/1a707f61f44dc41e281744e092e8ae3e0ea8.udd" 3490
"C:/Users/minls/AppData/Local/UnrealEngine/Common/DerivedDataCache/Buckets/GlobalShaderMap/15/6d/43ac386922c8022975817a9e202af5d01d6b.udd" 3491
"C:/Users/minls/AppData/Local/UnrealEngine/Common/DerivedDataCache/Buckets/GlobalShaderMap/3f/a2/9bb7105a462a488293d8d86ef211e4a89801.udd" 3492
"C:/Users/minls/AppData/Local/UnrealEngine/Common/DerivedDataCache/Buckets/GlobalShaderMap/63/d2/ccc19559449559a2e0966d600408c09803a0.udd" 3493
"C:/Users/minls/AppData/Local/UnrealEngine/Common/DerivedDataCache/Buckets/GlobalShaderMap/48/aa/c920683cdb292e884aa008a38eabe8327a24.udd" 3494
"C:/Users/minls/AppData/Local/UnrealEngine/Common/DerivedDataCache/Buckets/GlobalShaderMap/4d/75/57f3fa0d8501b4140796384da26bae87442e.udd" 3495
"C:/Users/minls/AppData/Local/UnrealEngine/Common/DerivedDataCache/Buckets/GlobalShaderMap/14/20/b856b1b1c68a2c59e0d916ac9eba3708acd8.udd" 3496
"C:/Users/minls/AppData/Local/UnrealEngine/Common/DerivedDataCache/Buckets/GlobalShaderMap/a8/41/84d8b900c17117eeca0ad5a37bfe3e371a33.udd" 3497
"C:/Users/minls/AppData/Local/UnrealEngine/Common/DerivedDataCache/Buckets/GlobalShaderMap/51/a4/88a6eb4b46e6c60c3249a10bdd4b6458ba3b.udd" 3498
"C:/Users/minls/AppData/Local/UnrealEngine/Common/DerivedDataCache/Buckets/GlobalShaderMap/69/8e/3bcedb69d482cf140052efc770c1018d3688.udd" 3499
"C:/Users/minls/AppData/Local/UnrealEngine/Common/DerivedDataCache/Buckets/GlobalShaderMap/df/34/0850cd94d8b7f15ae6e91cf0143d6fb14ef7.udd" 3500
"C:/Users/minls/AppData/Local/UnrealEngine/Common/DerivedDataCache/Buckets/GlobalShaderMap/b8/16/dfa06ef57956f7232842ade030bf2b7c7f0f.udd" 3501
"C:/Users/minls/AppData/Local/UnrealEngine/Common/DerivedDataCache/Buckets/GlobalShaderMap/a9/bd/1e2337e5882ed6dd68d506ad421fdf3e5a04.udd" 3502
"C:/Users/minls/AppData/Local/UnrealEngine/Common/DerivedDataCache/Buckets/GlobalShaderMap/1a/b4/e54de3f7d835f169db9df10d2bb1e8d05bb9.udd" 3503
"C:/Users/minls/AppData/Local/UnrealEngine/Common/DerivedDataCache/Buckets/GlobalShaderMap/40/28/e937f3735f2de4173682968fe03feab7c17a.udd" 3504
"C:/Users/minls/AppData/Local/UnrealEngine/Common/DerivedDataCache/Buckets/GlobalShaderMap/63/c0/4a3f9ac8e1d87500a786590b9dbb26e6cac7.udd" 3505
"C:/Users/minls/AppData/Local/UnrealEngine/Common/DerivedDataCache/Buckets/GlobalShaderMap/be/4d/15638edbd482518f48fd1b4b5d7d72a8017c.udd" 3506
"C:/Users/minls/AppData/Local/UnrealEngine/Common/DerivedDataCache/Buckets/GlobalShaderMap/46/e6/c93ca6a705829f720dee4a61847ec7463b3d.udd" 3507
"C:/Users/minls/AppData/Local/UnrealEngine/Common/DerivedDataCache/Buckets/GlobalShaderMap/91/79/28877a51bc46859402dd42aca4a3d67c19b2.udd" 3508
"C:/Users/minls/AppData/Local/UnrealEngine/Common/DerivedDataCache/Buckets/GlobalShaderMap/0b/24/676a3005e5c483639b3663a10f3d17bed367.udd" 3509
"C:/Users/minls/AppData/Local/UnrealEngine/Common/DerivedDataCache/Buckets/GlobalShaderMap/0c/bf/9db614fd3b42348b5b5114066cdcd78a0494.udd" 3510
"C:/Users/minls/AppData/Local/UnrealEngine/Common/DerivedDataCache/Buckets/GlobalShaderMap/4d/d3/653552b6e71faf61a542427b1caf148cd8af.udd" 3511
"C:/Users/minls/AppData/Local/UnrealEngine/Common/DerivedDataCache/Buckets/GlobalShaderMap/81/66/0a5538acdc57e13205e11e5b3225ab5f4c31.udd" 3512
"C:/Users/minls/AppData/Local/UnrealEngine/Common/DerivedDataCache/Buckets/GlobalShaderMap/f6/f4/b2bc340e28c4824c878e9d4a403cd5404e0b.udd" 3513
"C:/Users/minls/AppData/Local/UnrealEngine/Common/DerivedDataCache/Buckets/GlobalShaderMap/47/89/efb92290268b8b01d1ede98ef33413c65989.udd" 3514
"C:/Users/minls/AppData/Local/UnrealEngine/Common/DerivedDataCache/Buckets/GlobalShaderMap/4c/65/8b6725d96cc9b69c0fcf5f6d50c78f0d824e.udd" 3515
"C:/Users/minls/AppData/Local/UnrealEngine/Common/DerivedDataCache/Buckets/GlobalShaderMap/c2/49/8e1e7f45f87c109a2c581686987bba64862e.udd" 3516
"C:/Users/minls/AppData/Local/UnrealEngine/Common/DerivedDataCache/Buckets/GlobalShaderMap/42/8c/f0dc135e26441f092b88fe7ddf62a27e4ba7.udd" 3517
"C:/Users/minls/AppData/Local/UnrealEngine/Common/DerivedDataCache/Buckets/GlobalShaderMap/cb/57/000950bc99114034adcc25c18cb14d0af14c.udd" 3518
"C:/Users/minls/AppData/Local/UnrealEngine/Common/DerivedDataCache/Buckets/GlobalShaderMap/66/6f/13be6a0501671615c3814743644a3624631c.udd" 3519
"C:/Users/minls/AppData/Local/UnrealEngine/Common/DerivedDataCache/Buckets/GlobalShaderMap/7b/a9/279aa49374b2c55677db0402ebb20ca43322.udd" 3520
"C:/Users/minls/AppData/Local/UnrealEngine/Common/DerivedDataCache/Buckets/GlobalShaderMap/37/b6/4344bf89ee1ed57e8cc212422e0017d60f27.udd" 3521
"C:/Users/minls/AppData/Local/UnrealEngine/Common/DerivedDataCache/Buckets/GlobalShaderMap/93/6d/31fe80d9be28ba9755c840538aaf790260f4.udd" 3522
"C:/Users/minls/AppData/Local/UnrealEngine/Common/DerivedDataCache/Buckets/GlobalShaderMap/70/c3/89d1a0c42110449a43412f5147072d12b145.udd" 3523
"C:/Users/minls/AppData/Local/UnrealEngine/Common/DerivedDataCache/Buckets/GlobalShaderMap/be/60/7faa4c027d6f29b2adfc02ac0cb40d49a50f.udd" 3524
"C:/Users/minls/AppData/Local/UnrealEngine/Common/DerivedDataCache/Buckets/GlobalShaderMap/b6/cb/a6871f905a714e3f1594b8f91e017a156346.udd" 3525
"C:/Users/minls/AppData/Local/UnrealEngine/Common/DerivedDataCache/Buckets/GlobalShaderMap/fa/a8/6997472ba136b895245fb9312ca9f53bf45b.udd" 3526
"C:/Users/minls/AppData/Local/UnrealEngine/Common/DerivedDataCache/Buckets/GlobalShaderMap/9c/5f/53970adb3ae72ab4c672fa7da4f5f7e57ebb.udd" 3527
"C:/Users/minls/AppData/Local/UnrealEngine/Common/DerivedDataCache/Buckets/GlobalShaderMap/60/57/f54be16cefbcdc004a7a065590b675b01324.udd" 3528
"C:/Users/minls/AppData/Local/UnrealEngine/Common/DerivedDataCache/Buckets/GlobalShaderMap/87/66/4cbe120f315bcb099ba8de3c7f1e73bea7fb.udd" 3529
"C:/Users/minls/AppData/Local/UnrealEngine/Common/DerivedDataCache/Buckets/GlobalShaderMap/4b/86/a302cb7ec410de9fe7ce13b00bfb33556d70.udd" 3530
"C:/Users/minls/AppData/Local/UnrealEngine/Common/DerivedDataCache/Buckets/GlobalShaderMap/4c/31/25d84ab28bb94516d7ce4bc6aa6c574c8e74.udd" 3531
"C:/Users/minls/AppData/Local/UnrealEngine/Common/DerivedDataCache/Buckets/GlobalShaderMap/4e/44/e42dbbb4ac79a2ae8124b7ffcc14f52581bd.udd" 3532
"C:/Users/minls/AppData/Local/UnrealEngine/Common/DerivedDataCache/Buckets/GlobalShaderMap/fb/00/d3825beaad115babce33799d3472ca406d95.udd" 3533
"C:/Users/minls/AppData/Local/UnrealEngine/Common/DerivedDataCache/Buckets/GlobalShaderMap/ab/8b/16d6ed4c636dbab9a4eca6b7c88aa3535448.udd" 3534
"C:/Users/minls/AppData/Local/UnrealEngine/Common/DerivedDataCache/Buckets/GlobalShaderMap/58/2a/348223b89788397c04711e967f73fc58e393.udd" 3535
"C:/Users/minls/AppData/Local/UnrealEngine/Common/DerivedDataCache/Buckets/GlobalShaderMap/d5/8f/7444f67b933e4ca1fcc790c06fd133884562.udd" 3536
"C:/Users/minls/AppData/Local/UnrealEngine/Common/DerivedDataCache/Buckets/GlobalShaderMap/46/a3/b941368ba0d02985d7d8e7f3469094ad672d.udd" 3537
"C:/Users/minls/AppData/Local/UnrealEngine/Common/DerivedDataCache/Buckets/GlobalShaderMap/ae/f4/d32850878d9f9daf53839422914b6bae3c39.udd" 3538
"C:/Users/minls/AppData/Local/UnrealEngine/Common/DerivedDataCache/Buckets/GlobalShaderMap/89/6f/bcb4ec77aac1ec1e2eb3546b34d94f997184.udd" 3539
"C:/Users/minls/AppData/Local/UnrealEngine/Common/DerivedDataCache/Buckets/GlobalShaderMap/43/13/12c2e85219730cb869a114a7181fdcd43d87.udd" 3540
"C:/Users/minls/AppData/Local/UnrealEngine/Common/DerivedDataCache/Buckets/GlobalShaderMap/bd/bd/a78114adb26c07552477e855e3d0ff6babef.udd" 3541
"C:/Users/minls/AppData/Local/UnrealEngine/Common/DerivedDataCache/Buckets/GlobalShaderMap/c5/d1/608718dc2808ae3d64c370a43a7fd02f4527.udd" 3542
"C:/Users/minls/AppData/Local/UnrealEngine/Common/DerivedDataCache/Buckets/GlobalShaderMap/bc/9a/45cde7946b6377c076c9fec06677b4d393cc.udd" 3543
"C:/Users/minls/AppData/Local/UnrealEngine/Common/DerivedDataCache/Buckets/GlobalShaderMap/fe/cb/cc85cef0f1978de438c3c928b07e500db615.udd" 3544
"C:/Users/minls/AppData/Local/UnrealEngine/Common/DerivedDataCache/Buckets/GlobalShaderMap/4b/86/32696925d6e1cf82ad917819a0ef4465026d.udd" 3545
"C:/Users/minls/AppData/Local/UnrealEngine/Common/DerivedDataCache/Buckets/GlobalShaderMap/58/bf/da5da38ca6cce69b52eafefe334a5afe5a9d.udd" 3546
"C:/Users/minls/AppData/Local/UnrealEngine/Common/DerivedDataCache/Buckets/GlobalShaderMap/9a/61/a4443bb54a8ee2ed1c821ca1e90053fbee04.udd" 3547
"C:/Users/minls/AppData/Local/UnrealEngine/Common/DerivedDataCache/Buckets/GlobalShaderMap/4c/17/41bbcc179da9eed2fd83f4666ae7d155a8cf.udd" 3548
"C:/Users/minls/AppData/Local/UnrealEngine/Common/DerivedDataCache/Buckets/GlobalShaderMap/f7/a9/40848c20cc422bd0f6a0fb25c2b29096c04e.udd" 3549
"C:/Users/minls/AppData/Local/UnrealEngine/Common/DerivedDataCache/Buckets/GlobalShaderMap/53/ff/c916e85df7ed4a0542e683cd278152aa0da2.udd" 3550
"C:/Users/minls/AppData/Local/UnrealEngine/Common/DerivedDataCache/Buckets/GlobalShaderMap/30/7f/efa0342da6bf56ed4c72c43fe0793f635503.udd" 3551
"C:/Users/minls/AppData/Local/UnrealEngine/Common/DerivedDataCache/Buckets/GlobalShaderMap/7a/c0/358922d0bad047109df225e38bb807ecc3a7.udd" 3552
"C:/Users/minls/AppData/Local/UnrealEngine/Common/DerivedDataCache/Buckets/GlobalShaderMap/fd/1d/d82cedf8a1f4f380063972227f66c1d15d34.udd" 3553
"C:/Users/minls/AppData/Local/UnrealEngine/Common/DerivedDataCache/Buckets/GlobalShaderMap/e9/9b/4e30d62f387cb4f017f81acc79922c8d57a4.udd" 3554
"C:/Users/minls/AppData/Local/UnrealEngine/Common/DerivedDataCache/Buckets/GlobalShaderMap/df/76/d650abb5b011252aa5dc66807635c8caf72e.udd" 3555
"C:/Users/minls/AppData/Local/UnrealEngine/Common/DerivedDataCache/Buckets/GlobalShaderMap/ce/c1/194edec4c373e6b3d7416cccb483857cc816.udd" 3556
"C:/Users/minls/AppData/Local/UnrealEngine/Common/DerivedDataCache/Buckets/GlobalShaderMap/ef/a1/96d7b1af7e2f9ef16db5e38f7c0685a96064.udd" 3557
"C:/Users/minls/AppData/Local/UnrealEngine/Common/DerivedDataCache/Buckets/GlobalShaderMap/7d/86/6c8ab30ee5c40fccd5826481dcab94dd19f7.udd" 3558
"C:/Users/minls/AppData/Local/UnrealEngine/Common/DerivedDataCache/Buckets/GlobalShaderMap/58/51/933ccbe826a05557849d4f9f38074b851af4.udd" 3559
"C:/Users/minls/AppData/Local/UnrealEngine/Common/DerivedDataCache/Buckets/GlobalShaderMap/6c/9b/4332d47be6649842bd66b6f76b75492eeb28.udd" 3560
"C:/Users/minls/AppData/Local/UnrealEngine/Common/DerivedDataCache/Buckets/GlobalShaderMap/fd/24/4b7ebebe0c67230e561eacb9aa60db54818b.udd" 3561
"C:/Users/minls/AppData/Local/UnrealEngine/Common/DerivedDataCache/Buckets/GlobalShaderMap/d3/1c/03af4c6b042a226252863ac2b62e9ec8fa2d.udd" 3562
"C:/Users/minls/AppData/Local/UnrealEngine/Common/DerivedDataCache/Buckets/GlobalShaderMap/20/ef/b1b51a0e485c7d8441df31366880a7daea15.udd" 3563
"C:/Users/minls/AppData/Local/UnrealEngine/Common/DerivedDataCache/Buckets/GlobalShaderMap/fd/17/23fbe5546e214e7e6637ab64dd648503f5d0.udd" 3564
"C:/Users/minls/AppData/Local/UnrealEngine/Common/DerivedDataCache/Buckets/GlobalShaderMap/d3/9d/e4b800d5e3e415fdce900a2985bb5d22fa2e.udd" 3565
"C:/Users/minls/AppData/Local/UnrealEngine/Common/DerivedDataCache/Buckets/GlobalShaderMap/52/b7/d909a8ad8dcca080379ea94f1cb1a0b193d6.udd" 3566
"C:/Users/minls/AppData/Local/UnrealEngine/Common/DerivedDataCache/Buckets/GlobalShaderMap/e3/bd/4e041ebf0963fcc0a430e4f68c615c36d6e1.udd" 3567
"C:/Users/minls/AppData/Local/UnrealEngine/Common/DerivedDataCache/Buckets/GlobalShaderMap/8e/72/7cf0441a4d580d4d02008e13709e1327fad4.udd" 3568
"C:/Users/minls/AppData/Local/UnrealEngine/Common/DerivedDataCache/Buckets/GlobalShaderMap/a1/1f/10d42091c7ebc35bc8134a4b87d33ad3b691.udd" 3569
"C:/Users/minls/AppData/Local/UnrealEngine/Common/DerivedDataCache/Buckets/GlobalShaderMap/9a/c4/4459fd8e6aa331756361c551d85d7cc3443b.udd" 3570
"C:/Users/minls/AppData/Local/UnrealEngine/Common/DerivedDataCache/Buckets/GlobalShaderMap/a5/46/2b2f8e33c728ccca2c118421a87639d1ad46.udd" 3571
"C:/Users/minls/AppData/Local/UnrealEngine/Common/DerivedDataCache/Buckets/GlobalShaderMap/ba/7f/79e0f3e50d9ff7506a33f09a3cb53e512018.udd" 3572
"C:/Users/minls/AppData/Local/UnrealEngine/Common/DerivedDataCache/Buckets/GlobalShaderMap/88/5a/d61357fb47f93c41d684ffe08d1fd683df5f.udd" 3573
"C:/Users/minls/AppData/Local/UnrealEngine/Common/DerivedDataCache/Buckets/GlobalShaderMap/8e/e3/8605fb7f712ed1b8ab28469852a634ba2b4d.udd" 3574
"C:/Users/minls/AppData/Local/UnrealEngine/Common/DerivedDataCache/Buckets/GlobalShaderMap/71/03/be6a9a33f0398f1e0e4dd6e27b338bd3f01e.udd" 3575
"C:/Users/minls/AppData/Local/UnrealEngine/Common/DerivedDataCache/Buckets/GlobalShaderMap/b8/69/53f035bcc566ecb07a496f154453ac1afdf1.udd" 3576
"C:/Users/minls/AppData/Local/UnrealEngine/Common/DerivedDataCache/Buckets/GlobalShaderMap/0f/c2/b229a12ecdafe664e087155b2cb8f6f421ca.udd" 3577
"C:/Users/minls/AppData/Local/UnrealEngine/Common/DerivedDataCache/Buckets/GlobalShaderMap/63/e1/d281cef83d9e5408324bdfa0dc2e99818389.udd" 3578
"C:/Users/minls/AppData/Local/UnrealEngine/Common/DerivedDataCache/Buckets/GlobalShaderMap/5d/22/a642096ddc3009538aa8ccf5794af1827174.udd" 3579
"C:/Users/minls/AppData/Local/UnrealEngine/Common/DerivedDataCache/Buckets/GlobalShaderMap/14/26/7d8191c1f4093f401e4dc65e6b04e03ad3f1.udd" 3580
"C:/Users/minls/AppData/Local/UnrealEngine/Common/DerivedDataCache/Buckets/GlobalShaderMap/7c/6f/fd68378b0f1164b1baa29ac4d961845ca0de.udd" 3581
"C:/Users/minls/AppData/Local/UnrealEngine/Common/DerivedDataCache/Buckets/GlobalShaderMap/b5/4e/500a89368cc004ad29a008ba5657edc58268.udd" 3582
"C:/Users/minls/AppData/Local/UnrealEngine/Common/DerivedDataCache/Buckets/GlobalShaderMap/d5/9a/9112dc8c7add0e961c23a3b195061a44c10a.udd" 3583
"C:/Users/minls/AppData/Local/UnrealEngine/Common/DerivedDataCache/Buckets/GlobalShaderMap/23/87/2d02ea50ea5fa2a519b7a11ef865331d2ffc.udd" 3584
"C:/Users/minls/AppData/Local/UnrealEngine/Common/DerivedDataCache/Buckets/GlobalShaderMap/e8/e1/2a589295ce55f52e81ca3c649b299ce7ade0.udd" 3585
"C:/Users/minls/AppData/Local/UnrealEngine/Common/DerivedDataCache/Buckets/GlobalShaderMap/4a/ce/857c9c166a215005c5eb73bc01a12b38c116.udd" 3586
"C:/Users/minls/AppData/Local/UnrealEngine/Common/DerivedDataCache/Buckets/GlobalShaderMap/f5/3e/4a0d3741165af35ceb5db4b22bc7dcc75f62.udd" 3587
"C:/Users/minls/AppData/Local/UnrealEngine/Common/DerivedDataCache/Buckets/GlobalShaderMap/ef/44/b53e4b8d1260fc75fb9d051ae17bd6338c47.udd" 3588
"C:/Users/minls/AppData/Local/UnrealEngine/Common/DerivedDataCache/Buckets/GlobalShaderMap/d6/1b/b80cb5da70491d06279f701f0e7edc186c62.udd" 3589
"C:/Users/minls/AppData/Local/UnrealEngine/Common/DerivedDataCache/Buckets/GlobalShaderMap/f7/91/adb135958b947fc7ab87ed72024465a6e432.udd" 3590
"C:/Users/minls/AppData/Local/UnrealEngine/Common/DerivedDataCache/Buckets/GlobalShaderMap/e3/9a/4eb4ee7ae39daac305ec0b2a4d72ac3dcd43.udd" 3591
"C:/Users/minls/AppData/Local/UnrealEngine/Common/DerivedDataCache/Buckets/GlobalShaderMap/62/18/d7301b9ac9869376f4176235412f3ab41d4c.udd" 3592
"C:/Users/minls/AppData/Local/UnrealEngine/Common/DerivedDataCache/Buckets/GlobalShaderMap/8c/28/83b4b82b2914e7f324bb90f80caf756d80a8.udd" 3593
"C:/Users/minls/AppData/Local/UnrealEngine/Common/DerivedDataCache/Buckets/GlobalShaderMap/6e/3c/06e903163d7bc0d362ca58c1a454be564807.udd" 3594
"C:/Users/minls/AppData/Local/UnrealEngine/Common/DerivedDataCache/Buckets/GlobalShaderMap/e7/89/32d4216d328e965749a0dc130445412c8247.udd" 3595
"C:/Users/minls/AppData/Local/UnrealEngine/Common/DerivedDataCache/Buckets/GlobalShaderMap/4a/8c/3008293cd08eb27c856460b7328d087640a5.udd" 3596
"C:/Users/minls/AppData/Local/UnrealEngine/Common/DerivedDataCache/Buckets/GlobalShaderMap/ff/92/2969e65adc8e06f32a3f4a8f8a5e040bc24b.udd" 3597
"C:/Users/minls/AppData/Local/UnrealEngine/Common/DerivedDataCache/Buckets/GlobalShaderMap/60/80/4a7bf7c809a6ec260350799c1ef387326035.udd" 3598
"C:/Users/minls/AppData/Local/UnrealEngine/Common/DerivedDataCache/Buckets/GlobalShaderMap/8e/53/90e60db8d483508fa89803b1d44f406ebd73.udd" 3599
"C:/Users/minls/AppData/Local/UnrealEngine/Common/DerivedDataCache/Buckets/GlobalShaderMap/44/3b/f1f4d9902b7760a82f5b8d8bc3d2f8ff994a.udd" 3600
"C:/Users/minls/AppData/Local/UnrealEngine/Common/DerivedDataCache/Buckets/GlobalShaderMap/45/26/e9619596951a45c76bbd3383c135b14a10a8.udd" 3601
"C:/Users/minls/AppData/Local/UnrealEngine/Common/DerivedDataCache/Buckets/GlobalShaderMap/be/a3/3139c3007551458531eb48628e33bf706a71.udd" 3602
"C:/Users/minls/AppData/Local/UnrealEngine/Common/DerivedDataCache/Buckets/GlobalShaderMap/e9/d0/4bba6747e826327efe3e6331077de74ec3fd.udd" 3603
"C:/Users/minls/AppData/Local/UnrealEngine/Common/DerivedDataCache/Buckets/GlobalShaderMap/43/7d/65ba7662c4a5e7790adb6a7c05663712ef93.udd" 3604
"C:/Users/minls/AppData/Local/UnrealEngine/Common/DerivedDataCache/Buckets/GlobalShaderMap/30/34/f132cfa20a75320d0dba85d2c0a3c8012a4f.udd" 3605
"C:/Users/minls/AppData/Local/UnrealEngine/Common/DerivedDataCache/Buckets/GlobalShaderMap/fd/20/5671c684db7e896315b8524359e3b0fb189c.udd" 3606
"C:/Users/minls/AppData/Local/UnrealEngine/Common/DerivedDataCache/Buckets/GlobalShaderMap/10/e0/69d4d60f4508395fe24565661efb5580d249.udd" 3607
"C:/Users/minls/AppData/Local/UnrealEngine/Common/DerivedDataCache/Buckets/GlobalShaderMap/77/45/bc23e5a8185dd4fbf5020382393ee9435bde.udd" 3608
"C:/Users/minls/AppData/Local/UnrealEngine/Common/DerivedDataCache/Buckets/GlobalShaderMap/d6/30/36cae3d1f30ed804336ded90f56debebd45f.udd" 3609
"C:/Users/minls/AppData/Local/UnrealEngine/Common/DerivedDataCache/Buckets/GlobalShaderMap/e5/8b/bc960d94792151fe123eddded26a2cd6d89c.udd" 3610
"C:/Users/minls/AppData/Local/UnrealEngine/Common/DerivedDataCache/Buckets/GlobalShaderMap/19/1b/d683192a82a35a7fe182eda295bb87066fdb.udd" 3611
"C:/Users/minls/AppData/Local/UnrealEngine/Common/DerivedDataCache/Buckets/GlobalShaderMap/2b/83/89772d14e269e43b876d3f6393b461bc1b1b.udd" 3612
"C:/Users/minls/AppData/Local/UnrealEngine/Common/DerivedDataCache/Buckets/GlobalShaderMap/31/01/6a2b9a34388b5a491084c52bb8fe4babb9c2.udd" 3613
"C:/Users/minls/AppData/Local/UnrealEngine/Common/DerivedDataCache/Buckets/GlobalShaderMap/32/52/c8dd20d68c4a5e7643a21fac5a367ac07659.udd" 3614
"C:/Users/minls/AppData/Local/UnrealEngine/Common/DerivedDataCache/Buckets/GlobalShaderMap/2a/c1/3cf5ef80f910bdfbda0961b3e62ad4b58d4c.udd" 3615
"C:/Users/minls/AppData/Local/UnrealEngine/Common/DerivedDataCache/Buckets/GlobalShaderMap/63/6e/f1eb9182bce3ba8f89163ea6b64b6149f819.udd" 3616
"C:/Users/minls/AppData/Local/UnrealEngine/Common/DerivedDataCache/Buckets/GlobalShaderMap/ac/6e/afb1bf30c73e3cc3593a4f749d2db56c5c0a.udd" 3617
"C:/Users/minls/AppData/Local/UnrealEngine/Common/DerivedDataCache/Buckets/GlobalShaderMap/b1/49/262a88ad273a3d25cd0688f799eeac076f54.udd" 3618
"C:/Users/minls/AppData/Local/UnrealEngine/Common/DerivedDataCache/Buckets/GlobalShaderMap/83/b1/a52a711a60aaef6a0ab839e1e4ce744fe807.udd" 3619
"C:/Users/minls/AppData/Local/UnrealEngine/Common/DerivedDataCache/Buckets/GlobalShaderMap/be/22/6f0e068db0499efdd901208b97a5310ffabc.udd" 3620
"C:/Users/minls/AppData/Local/UnrealEngine/Common/DerivedDataCache/Buckets/GlobalShaderMap/e3/18/03b5798690fe93ea31a8ea568972a1ec8333.udd" 3621
"C:/Users/minls/AppData/Local/UnrealEngine/Common/DerivedDataCache/Buckets/GlobalShaderMap/4b/83/7181876a23de97f4b8aa62b42f0d13ad88e2.udd" 3622
"C:/Users/minls/AppData/Local/UnrealEngine/Common/DerivedDataCache/Buckets/GlobalShaderMap/27/c9/9ecf082c336c50d2bc1b5a5e0d2bd353557d.udd" 3623
"C:/Users/minls/AppData/Local/UnrealEngine/Common/DerivedDataCache/Buckets/GlobalShaderMap/f1/ed/1c353b1ce942eb57c64be17cfd296894a307.udd" 3624
"C:/Users/minls/AppData/Local/UnrealEngine/Common/DerivedDataCache/Buckets/GlobalShaderMap/7d/16/edce9a737a10a33e46a138473f854ab2e818.udd" 3625
"C:/Users/minls/AppData/Local/UnrealEngine/Common/DerivedDataCache/Buckets/GlobalShaderMap/94/2c/934898f2ea4fc00f6d1d395a77b8a5eb35a6.udd" 3626
"C:/Users/minls/AppData/Local/UnrealEngine/Common/DerivedDataCache/Buckets/GlobalShaderMap/78/4d/28e9ca39dbe84a6b7f54388997a2aea2ee8a.udd" 3627
"C:/Users/minls/AppData/Local/UnrealEngine/Common/DerivedDataCache/Buckets/GlobalShaderMap/96/e5/a3a657ec2305adf1fa26dbcce82807bc583f.udd" 3628
"C:/Users/minls/AppData/Local/UnrealEngine/Common/DerivedDataCache/Buckets/GlobalShaderMap/2e/60/3621694a7694313079e614bad7f459724a55.udd" 3629
"C:/Users/minls/AppData/Local/UnrealEngine/Common/DerivedDataCache/Buckets/GlobalShaderMap/0f/5a/6d1aa1d54c2e05135e4560c9cae5d2d4f992.udd" 3630
"C:/Users/minls/AppData/Local/UnrealEngine/Common/DerivedDataCache/Buckets/GlobalShaderMap/7f/25/41900d368a5e4a935dee2284c1cbd4991fd9.udd" 3631
"C:/Users/minls/AppData/Local/UnrealEngine/Common/DerivedDataCache/Buckets/GlobalShaderMap/fd/3e/39b93e33f46130075fda3d33f1f8958fff8b.udd" 3632
"C:/Users/minls/AppData/Local/UnrealEngine/Common/DerivedDataCache/Buckets/GlobalShaderMap/0c/22/0c8f077acddd5464e1257eba7902f296c6c4.udd" 3633
"../../../Engine/Plugins/Interchange/Runtime/Content/Pipelines/DefaultTexturePipeline.uasset" 3634
"../../../Engine/Content/EngineResources/FilmGrains/Marcie_Grain_v3_128_M2_000.uasset" 3635
"../../../Engine/Content/EditorResources/BSPVertex.uasset" 3636
"../../../Engine/Content/EngineMaterials/DefaultBloomKernel.uasset" 3637
"../../../Engine/Content/EngineDebugMaterials/DebugEditorMaterial.uasset" 3638
"../../../Engine/Content/EngineMaterials/STBlueNoise_vec2_128x128x64.uasset" 3639
"../../../Engine/Content/EngineMaterials/STBlueNoise_scalar_128x128x64.uasset" 3640
"../../../Engine/Content/EngineSounds/Master.uasset" 3641
"../../../Engine/Plugins/Animation/ControlRig/Content/Controls/ControlRigGizmoMaterial.uasset" 3642
"../../../Engine/Plugins/Interchange/Runtime/Content/Pipelines/DefaultMaterialPipeline.uasset" 3643
"../../../Engine/Plugins/Interchange/Runtime/Content/Pipelines/DefaultSceneLevelPipeline.uasset" 3644
"../../../Engine/Plugins/Interchange/Runtime/Content/Pipelines/DefaultGraphInspectorPipeline.uasset" 3645
"../../../Engine/Plugins/Interchange/Runtime/Content/Utilities/T_Bayer64_Grayscale_64px.uasset" 3646
"../../../Engine/Plugins/Interchange/Runtime/Content/Pipelines/DefaultSceneAssetsPipeline.uasset" 3647
"../../../Engine/Plugins/Interchange/Runtime/Content/Pipelines/DefaultAssetsPipeline.uasset" 3648
"../../../Engine/Plugins/Interchange/Runtime/Content/Utilities/New_LUT.uasset" 3649
"C:/Users/minls/AppData/Local/UnrealEngine/Common/DerivedDataCache/Buckets/BulkDataList/b6/d3/eb7ba453f7b0f8c74db7a82abb048910ee1c.udd" 3650
"../../../Engine/Plugins/Interchange/Runtime/Content/Materials/UnlitMaterial.uasset" 3651
"../../../Engine/Plugins/Interchange/Runtime/Content/Materials/MapOrLinearColorFunction.uasset" 3652
"../../../Engine/Plugins/Interchange/Runtime/Content/Materials/MapOrScalarFunction.uasset" 3653
"C:/Users/minls/AppData/Local/UnrealEngine/Common/DerivedDataCache/Buckets/BulkDataList/7b/76/24087a218b24e4f1552a82fe674ca29bafb0.udd" 3654
"../../../Engine/Plugins/Interchange/Runtime/Content/Materials/MapOrColorFunction.uasset" 3655
"../../../Engine/Plugins/Interchange/Runtime/Content/gltf/Textures/T_White_srgb.uasset" 3656
"C:/Users/minls/AppData/Local/UnrealEngine/Common/DerivedDataCache/Buckets/BulkDataList/87/63/2c7a95802ef1607beb20f892631bc341d86a.udd" 3657
"C:/Users/minls/AppData/Local/UnrealEngine/Common/DerivedDataCache/Buckets/BulkDataList/2b/f8/7f659b957522b23a284691b9a068d8acc4c7.udd" 3658
"../../../Engine/Plugins/Interchange/Runtime/Content/gltf/Textures/T_White_Linear.uasset" 3659
"../../../Engine/Plugins/Interchange/Runtime/Content/gltf/Textures/T_Generic_N.uasset" 3660
"../../../Engine/Plugins/Interchange/Runtime/Content/gltf/Textures/T_Gray_Linear.uasset" 3661
"../../../Engine/Plugins/Interchange/Runtime/Content/gltf/Textures/T_Black_srgb.uasset" 3662
"../../../Engine/Plugins/Interchange/Runtime/Content/gltf/MaterialFunctions/MF_RotateV2.uasset" 3663
"../../../Engine/Plugins/Interchange/Runtime/Content/gltf/MaterialFunctions/MF_IOR.uasset" 3664
"C:/Users/minls/AppData/Local/UnrealEngine/Common/DerivedDataCache/Buckets/BulkDataList/41/b8/5f05533deaf449d761e42099037546cb6e9f.udd" 3665
"../../../Engine/Plugins/Interchange/Runtime/Content/gltf/MaterialFunctions/MF_Fresnel_DS.uasset" 3666
"../../../Engine/Plugins/Interchange/Runtime/Content/Functions/MF_SchlickApprox.uasset" 3667
"C:/Users/minls/AppData/Local/UnrealEngine/Common/DerivedDataCache/Buckets/MaterialShaderMap/72/b5/875a38ac71cafbdbbf5cd1961bc9dcec017c.udd" 3668
"C:/Users/minls/AppData/Local/UnrealEngine/Common/DerivedDataCache/Buckets/MaterialShaderMap/78/37/6c8db9d76a6a8a1a4e305b096daed4650ab8.udd" 3669
"C:/Users/minls/AppData/Local/UnrealEngine/Common/DerivedDataCache/Buckets/MaterialShaderMap/a3/57/0dab440c87635d7530947cf5df404151cbaa.udd" 3670
"C:/Users/minls/AppData/Local/UnrealEngine/Common/DerivedDataCache/Buckets/MaterialShaderMap/1d/a0/cf97de43ddf96f26035c3dd67501d7d1185c.udd" 3671
"C:/Users/minls/AppData/Local/UnrealEngine/Common/DerivedDataCache/Buckets/MaterialShaderMap/d9/2a/98914ab4d28cb09ccc7bccdf3085de441eb0.udd" 3672
"C:/Users/minls/AppData/Local/UnrealEngine/Common/DerivedDataCache/Buckets/MaterialShaderMap/06/cd/cf91f6cf41d1d9e6d7162c1ead8c219a4a63.udd" 3673
"C:/Users/minls/AppData/Local/UnrealEngine/Common/DerivedDataCache/Buckets/MaterialShaderMap/92/16/7c650dc9dd6e345e77cf037ebc3cae3f5515.udd" 3674
"C:/Users/minls/AppData/Local/UnrealEngine/Common/DerivedDataCache/Buckets/MaterialShaderMap/1d/91/46c519c6b461f4b8fc832328b0606283f98b.udd" 3675
"C:/Users/minls/AppData/Local/UnrealEngine/Common/DerivedDataCache/Buckets/MaterialShaderMap/52/ab/daa55612f9134d2396c453bd3a57fc723652.udd" 3676
"C:/Users/minls/AppData/Local/UnrealEngine/Common/DerivedDataCache/Buckets/MaterialShaderMap/e2/8a/c4aad4c40fd20fc5ffd5ea7e31850c7d1466.udd" 3677
"C:/Users/minls/AppData/Local/UnrealEngine/Common/DerivedDataCache/Buckets/MaterialShaderMap/51/48/d52d112bdd6938f079ce8432274aa421ceb9.udd" 3678
"C:/Users/minls/AppData/Local/UnrealEngine/Common/DerivedDataCache/Buckets/MaterialShaderMap/18/fd/61f556de74432a67e87addbf857948c46591.udd" 3679
"C:/Users/minls/AppData/Local/UnrealEngine/Common/DerivedDataCache/Buckets/MaterialShaderMap/cd/35/4122b0d8fb5bcbc26bf57f4c6c150505fa8e.udd" 3680
"C:/Users/minls/AppData/Local/UnrealEngine/Common/DerivedDataCache/Buckets/MaterialShaderMap/aa/43/83276d7eb65bbdfe3c2d5a8207a11bb29565.udd" 3681
"C:/Users/minls/AppData/Local/UnrealEngine/Common/DerivedDataCache/Buckets/MaterialShaderMap/38/c5/7f913856b77903d01e3dfe5c594a71a78935.udd" 3682
"C:/Users/minls/AppData/Local/UnrealEngine/Common/DerivedDataCache/Buckets/MaterialShaderMap/6b/6b/c3fa18ec41c166eef2c31b05a87638ae1911.udd" 3683
"C:/Users/minls/AppData/Local/UnrealEngine/Common/DerivedDataCache/Buckets/LegacyTEXTURE/01/48/d8046f8582ad838878c05bec9fba9cd9273d.udd" 3684
"C:/Users/minls/AppData/Local/UnrealEngine/Common/DerivedDataCache/Buckets/LegacyTEXTURE/21/67/0d186485852ad06db8aad4028e4088928569.udd" 3685
"C:/Users/minls/AppData/Local/UnrealEngine/Common/DerivedDataCache/Buckets/LegacyAudio/c9/87/9ddf71184b33b731aded97bac4c509ac4cf5.udd" 3686
"C:/Users/minls/AppData/Local/UnrealEngine/Common/DerivedDataCache/Buckets/LegacyAudio/38/b6/259c2ebcfac2212abb8209f7aebbdee5e5ed.udd" 3687
"C:/Users/minls/AppData/Local/UnrealEngine/Common/DerivedDataCache/Buckets/MaterialShaderMap/f9/16/6d21b25e9c0644434d81015bb78bb1c0979a.udd" 3688
"C:/Users/minls/AppData/Local/UnrealEngine/Common/DerivedDataCache/Buckets/MaterialShaderMap/96/1b/1a32f458818c4d4886b4f270493fe1efa369.udd" 3689
"C:/Users/minls/AppData/Local/UnrealEngine/Common/DerivedDataCache/Buckets/MaterialShaderMap/43/c7/d65561ba94978916b0fea18ea0e9eafb6ac5.udd" 3690
"C:/Users/minls/AppData/Local/UnrealEngine/Common/DerivedDataCache/Buckets/MaterialShaderMap/40/3b/d2a55124100cab5e12cf3087883262ad1363.udd" 3691
"C:/Users/minls/AppData/Local/UnrealEngine/Common/DerivedDataCache/Buckets/MaterialShaderMap/e3/d8/6af84d5ea8261210d02c490be6cd8852deb1.udd" 3692
"C:/Users/minls/AppData/Local/UnrealEngine/Common/DerivedDataCache/Buckets/MaterialShaderMap/d4/52/046a4fd8f3f23dafeda609285653a0ad9adc.udd" 3693
"C:/Users/minls/AppData/Local/UnrealEngine/Common/DerivedDataCache/Buckets/MaterialShaderMap/ab/7b/1aabbe57a6439f500cb942d7f937f7b74699.udd" 3694
"C:/Users/minls/AppData/Local/UnrealEngine/Common/DerivedDataCache/Buckets/MaterialShaderMap/1b/c4/6ebbd1bed5a9923df9e5d57dd9787274e73f.udd" 3695
"C:/Users/minls/AppData/Local/UnrealEngine/Common/DerivedDataCache/Buckets/MaterialShaderMap/5e/d3/3714151d022ef23e5430c4ecfe9bc4183b1e.udd" 3696
"C:/Users/minls/AppData/Local/UnrealEngine/Common/DerivedDataCache/Buckets/MaterialShaderMap/69/a1/a6fb3e9fd97dff7becc2aa77d4dfbf8f4747.udd" 3697
"C:/Users/minls/AppData/Local/UnrealEngine/Common/DerivedDataCache/Buckets/MaterialShaderMap/89/d2/fd1580ceb83487d5b1d5c1b4a6c0aab664c0.udd" 3698
"C:/Users/minls/AppData/Local/UnrealEngine/Common/DerivedDataCache/Buckets/MaterialShaderMap/8c/ef/492621014dc8246b09b9140190167b813fc4.udd" 3699
"C:/Users/minls/AppData/Local/UnrealEngine/Common/DerivedDataCache/Buckets/MaterialShaderMap/6e/de/3f6a4674ff22e22666bc652fbf0581da3b07.udd" 3700
"C:/Users/minls/AppData/Local/UnrealEngine/Common/DerivedDataCache/Buckets/MaterialShaderMap/4d/2a/c6cbb3359a3b01b3ed0382cc55e76264ceb0.udd" 3701
"C:/Users/minls/AppData/Local/UnrealEngine/Common/DerivedDataCache/Buckets/MaterialShaderMap/f0/ae/a33e09322c1e923a3abe31ab15c14402eba2.udd" 3702
"C:/Users/minls/AppData/Local/UnrealEngine/Common/DerivedDataCache/Buckets/LegacySTREAMEDAUDIO/d2/e9/58f1605d38694eb7a78e42b95f9fdebbe36a.udd" 3703
"C:/Users/minls/AppData/Local/UnrealEngine/Common/DerivedDataCache/Buckets/MaterialShaderMap/4f/61/c5602ffd0736817e0d02bd9a192996328aaf.udd" 3704
"C:/Users/minls/AppData/Local/UnrealEngine/Common/DerivedDataCache/Buckets/LegacySTREAMEDAUDIO/a6/50/642a9ef1e5c8477bd0a0452fd0376265f972.udd" 3705
"C:/Users/minls/AppData/Local/UnrealEngine/Common/DerivedDataCache/Buckets/LegacySTREAMEDAUDIO/54/a6/4a4ce922928478e0c58ffb62ff60e3a7de6e.udd" 3706
"C:/Users/minls/AppData/Local/UnrealEngine/Common/DerivedDataCache/Buckets/LegacySTREAMEDAUDIO/f9/76/cbe2710deee16a4296ec0729af0c37cb045e.udd" 3707
"C:/Users/minls/AppData/Local/UnrealEngine/Common/DerivedDataCache/Buckets/MaterialShaderMap/8a/7f/521d1fefc69bf982b84e0990d5f979cbadb9.udd" 3708
"C:/Users/minls/AppData/Local/UnrealEngine/Common/DerivedDataCache/Buckets/MaterialShaderMap/25/4c/52c38f58ff1658091923eeeb49c9c569b64f.udd" 3709
"C:/Users/minls/AppData/Local/UnrealEngine/Common/DerivedDataCache/Buckets/MaterialShaderMap/5d/3a/e53a4d4c7f9c07c50a6b98f4f3b37613ded5.udd" 3710
"C:/Users/minls/AppData/Local/UnrealEngine/Common/DerivedDataCache/Buckets/MaterialShaderMap/cc/f9/c5c87214f28eec9a3f8630297bc52cbea798.udd" 3711
"C:/Users/minls/AppData/Local/UnrealEngine/Common/DerivedDataCache/Buckets/LegacySTREAMEDAUDIO/d3/c3/abb956e5c23cfef5b3a849c847a350114511.udd" 3712
"C:/Users/minls/AppData/Local/UnrealEngine/Common/DerivedDataCache/Buckets/LegacySTREAMEDAUDIO/3a/a9/56ec0cf29fc71c65f037fa04729435cfcfe3.udd" 3713
"C:/Users/minls/AppData/Local/UnrealEngine/Common/DerivedDataCache/Buckets/MaterialShaderMap/98/5e/454b211d105e1311b856ebada700d17fa1d0.udd" 3714
"C:/Users/minls/AppData/Local/UnrealEngine/Common/DerivedDataCache/Buckets/MaterialShaderMap/29/c2/4d27b6e2bcc28fe6386a21501b6c4d6f3507.udd" 3715
"C:/Users/minls/AppData/Local/UnrealEngine/Common/DerivedDataCache/Buckets/MaterialShaderMap/54/08/12358b6f524ee52e569a34f5fbe4fe78ad77.udd" 3716
"C:/Users/minls/AppData/Local/UnrealEngine/Common/DerivedDataCache/Buckets/MaterialShaderMap/44/ae/5fcd86839df8775242212748a6d393f4601c.udd" 3717
"C:/Users/minls/AppData/Local/UnrealEngine/Common/DerivedDataCache/Buckets/MaterialShaderMap/15/71/2c6f225f3985f3606c0d9a55c06f56fdcb3c.udd" 3718
"C:/Users/minls/AppData/Local/UnrealEngine/Common/DerivedDataCache/Buckets/MaterialShaderMap/e9/62/26c8ef130162b89d98e05eae0da4aa13dd2a.udd" 3719
"C:/Users/minls/AppData/Local/UnrealEngine/Common/DerivedDataCache/Buckets/MaterialShaderMap/73/48/027e59e553380b52510801db11a52410305c.udd" 3720
"C:/Users/minls/AppData/Local/UnrealEngine/Common/DerivedDataCache/Buckets/MaterialShaderMap/ad/cb/37af5ee7e667c574fd43bd218d87da257de6.udd" 3721
"C:/Users/minls/AppData/Local/UnrealEngine/Common/DerivedDataCache/Buckets/LegacyAnimSeq/3b/fa/28cf91fd9cb22ae1a415975ba4b8121a74a7.udd" 3722
"C:/Users/minls/AppData/Local/UnrealEngine/Common/DerivedDataCache/Buckets/LegacyAnimSeq/ba/76/26ddaddd201cec7edd9dc5a6ac761b2a3f3e.udd" 3723
"C:/Users/minls/AppData/Local/UnrealEngine/Common/DerivedDataCache/Buckets/MaterialShaderMap/7b/9e/ef30480c94a56381e6fd9eb627a4c833078e.udd" 3724
"C:/Users/minls/AppData/Local/UnrealEngine/Common/DerivedDataCache/Buckets/MaterialShaderMap/be/80/2fccd762cd948d7895ef3ddbda87f63025fe.udd" 3725
"C:/Users/minls/AppData/Local/UnrealEngine/Common/DerivedDataCache/Buckets/MaterialShaderMap/31/ea/f14381105d61a05007846b5d8bfd275f8e94.udd" 3726
"C:/Users/minls/AppData/Local/UnrealEngine/Common/DerivedDataCache/Buckets/MaterialShaderMap/4e/ab/a28a4498152aec93f5df47d5910fb30b7a6c.udd" 3727
"C:/Users/minls/AppData/Local/UnrealEngine/Common/DerivedDataCache/Buckets/MaterialShaderMap/27/02/8483d5ed19d0c8453fe007e6fcf7e5c914e9.udd" 3728
"C:/Users/minls/AppData/Local/UnrealEngine/Common/DerivedDataCache/Buckets/LegacyAnimSeq/9f/1d/340e059bbaa30ce502854af892a42aad6a91.udd" 3729
"C:/Users/minls/AppData/Local/UnrealEngine/Common/DerivedDataCache/Buckets/LegacyAnimSeq/b8/56/b5a0e9f82f45247dedd3756d197fb2281cc8.udd" 3730
"C:/Users/minls/AppData/Local/UnrealEngine/Common/DerivedDataCache/Buckets/MaterialShaderMap/7b/3e/10746a168cf61e1d489ab5fefe51e5bafc63.udd" 3731
"C:/Users/minls/AppData/Local/UnrealEngine/Common/DerivedDataCache/Buckets/MaterialShaderMap/b0/a0/c7760825b5e117ea02da334df54da6109250.udd" 3732
"C:/Users/minls/AppData/Local/UnrealEngine/Common/DerivedDataCache/Buckets/MaterialShaderMap/8d/f9/71ae0685f2a5a4c8e1b5829a401f03947404.udd" 3733
"C:/Users/minls/AppData/Local/UnrealEngine/Common/DerivedDataCache/Buckets/MaterialShaderMap/28/8f/e55207d763861e2cfec51e5ae845b9828652.udd" 3734
"C:/Users/minls/AppData/Local/UnrealEngine/Common/DerivedDataCache/Buckets/MaterialShaderMap/a3/4f/982f9ee2fe16a84dcd9c6ccc50668f62ebcb.udd" 3735
"C:/Users/minls/AppData/Local/UnrealEngine/Common/DerivedDataCache/Buckets/MaterialShaderMap/a6/9c/82bb2aa3b4406cb7533da8601512669cb5b1.udd" 3736
"C:/Users/minls/AppData/Local/UnrealEngine/Common/DerivedDataCache/Buckets/MaterialShaderMap/b4/82/dc09c7fd0978d3542872e1725f565f3dd040.udd" 3737
"C:/Users/minls/AppData/Local/UnrealEngine/Common/DerivedDataCache/Buckets/MaterialShaderMap/bb/ac/602c124be2e0848ef3fc8a7a121353931183.udd" 3738
"../../../Engine/Content/BasicShapes/BasicShapeMaterial.uasset" 3739
"E:/Workspace_ISECONVI/ISECONVI/Content/3DTeamAsset/Architexture_CONVINI/ConvinienceStore_Door_L.uasset" 3740
"E:/Workspace_ISECONVI/ISECONVI/Content/3DTeamAsset/Architexture_CONVINI/ConvinienceStore_Door_R.uasset" 3741
"C:/Users/minls/AppData/Local/UnrealEngine/Common/DerivedDataCache/Buckets/MaterialShaderMap/78/a6/c551f8f73c233668db6c0bc765af503c3068.udd" 3742
"E:/Workspace_ISECONVI/ISECONVI/Content/3DTeamAsset/Architexture_CONVINI/ConvinienceStore_Floor.uasset" 3743
"E:/Workspace_ISECONVI/ISECONVI/Content/3DTeamAsset/Architexture_CONVINI/ConvinienceStore_Main.uasset" 3744
"E:/Workspace_ISECONVI/ISECONVI/Content/CartoonSkyShader/Textures/ColorCurves/DayNightCycleBlueprintColors/FogColorBlueprint_Type_04.uasset" 3745
"../../../Engine/Plugins/Interchange/Runtime/Content/Functions/MF_OrenNayerView.uasset" 3746
"E:/Workspace_ISECONVI/ISECONVI/Content/CartoonSkyShader/Textures/ColorCurves/DayNightCycleBlueprintColors/MoonLightColorBlueprint_Type_05.uasset" 3747
"C:/Users/minls/AppData/Local/UnrealEngine/Common/DerivedDataCache/Buckets/BulkDataList/e2/be/79cb677ea9099f06ca376526f0aa47ad04e2.udd" 3748
"E:/Workspace_ISECONVI/ISECONVI/Content/CartoonSkyShader/Textures/ColorCurves/DayNightCycleBlueprintColors/SkylightColorBlueprint_Type_05.uasset" 3749
"C:/Users/minls/AppData/Local/UnrealEngine/Common/DerivedDataCache/Buckets/BulkDataList/17/27/9a0303637e9c7353cd73bd271c5cf3776c91.udd" 3750
"E:/Workspace_ISECONVI/ISECONVI/Content/CartoonSkyShader/Textures/ColorCurves/DayNightCycleBlueprintColors/SunLightColorBlueprint_Type_05.uasset" 3751
"E:/Workspace_ISECONVI/ISECONVI/Content/LEVEL/LEVEL_BattleSequence_sharedassets/Dirt_LayerInfo_1.uasset" 3752
"C:/Users/minls/AppData/Local/UnrealEngine/Common/DerivedDataCache/Buckets/LegacyAnimSeq/80/ff/a6eaada1582f19826bcb45e1f84f458cbb92.udd" 3753
"C:/Users/minls/AppData/Local/UnrealEngine/Common/DerivedDataCache/Buckets/LegacyAnimSeq/2c/c8/4c2afb2c9b86146354df75e842eca03a323f.udd" 3754
"C:/Users/minls/AppData/Local/UnrealEngine/Common/DerivedDataCache/Buckets/BulkDataList/c8/57/77b80c409cbcb3cc08d76b57f563f2472070.udd" 3755
"C:/Users/minls/AppData/Local/UnrealEngine/Common/DerivedDataCache/Buckets/BulkDataList/75/04/a3a11e6477d4eb124e28c01a17840b7aee2d.udd" 3756
"C:/Users/minls/AppData/Local/UnrealEngine/Common/DerivedDataCache/Buckets/BulkDataList/b4/3b/d99f55b15c37165614ab8680735439bb3410.udd" 3757
"C:/Users/minls/AppData/Local/UnrealEngine/Common/DerivedDataCache/Buckets/BulkDataList/2e/7a/8bdafd2cd91505ca52859aebe4e523d04b51.udd" 3758
"C:/Users/minls/AppData/Local/UnrealEngine/Common/DerivedDataCache/Buckets/BulkDataList/1b/d3/145715e98c1d7b3fcfd136dae72f3a691f69.udd" 3759
"E:/Workspace_ISECONVI/ISECONVI/Content/LEVEL/LEVEL_BattleSequence_sharedassets/Grass_LayerInfo.uasset" 3760
"E:/Workspace_ISECONVI/ISECONVI/Content/LEVEL/LEVEL_BattleSequence_sharedassets/GrassWithStone_LayerInfo.uasset" 3761
"E:/Workspace_ISECONVI/ISECONVI/Content/LEVEL/LEVEL_BattleSequence_sharedassets/Road_LayerInfo.uasset" 3762
"C:/Users/minls/AppData/Local/UnrealEngine/Common/DerivedDataCache/Buckets/MaterialShaderMap/b6/be/90deb3d178d528af36cb1084b7ca2776186b.udd" 3763
"C:/Users/minls/AppData/Local/UnrealEngine/Common/DerivedDataCache/Buckets/MaterialShaderMap/f6/1f/bacac41258ff6e05df90616e2c05b135e867.udd" 3764
"C:/Users/minls/AppData/Local/UnrealEngine/Common/DerivedDataCache/Buckets/StaticMesh/e0/fe/e50cc1f439ba8bb82eff9e80878b3bf2e091.udd" 3765
"../../../Engine/Content/EngineSounds/Submixes/MasterEQEffectPreset.uasset" 3766
"C:/Users/minls/AppData/Local/UnrealEngine/Common/DerivedDataCache/Buckets/LegacyDIST/78/06/e81dc0a570367a7fbbc3defe5cee8138c414.udd" 3767
"C:/Users/minls/AppData/Local/UnrealEngine/Common/DerivedDataCache/Buckets/LegacyCARD/c5/23/a0fbf8bb62498688379ae0b57998beb01df5.udd" 3768
"C:/Users/minls/AppData/Local/UnrealEngine/Common/DerivedDataCache/Buckets/StaticMesh/23/96/8f3d015051f91362b0e26f888892576045cd.udd" 3769
"../../../Engine/Content/EngineSounds/Submixes/MasterReverbEffectPreset.uasset" 3770
"C:/Users/minls/AppData/Local/UnrealEngine/Common/DerivedDataCache/Buckets/LegacyDIST/52/c7/c41e43cc2c60560d970e5c90a3e8edd34432.udd" 3771
"C:/Users/minls/AppData/Local/UnrealEngine/Common/DerivedDataCache/Buckets/LegacyCARD/14/61/4a5813f4eb12b70255e72d9b5a9c7b1f586e.udd" 3772
"../../../Engine/Content/EngineMaterials/DefaultCalibrationGrayscale.uasset" 3773
"E:/Workspace_ISECONVI/ISECONVI/Content/G_MainSequence/GameDataStructures/EBattleState.uasset" 3774
"../../../Engine/Content/EngineMaterials/DefaultCalibrationColor.uasset" 3775
"C:/Users/minls/AppData/Local/UnrealEngine/Common/DerivedDataCache/Buckets/StaticMesh/08/24/327bc2bf6f1fbc731c5f9f6e5b8a7a8030ba.udd" 3776
"C:/Users/minls/AppData/Local/UnrealEngine/Common/DerivedDataCache/Buckets/LegacyNavCollision/cb/83/3411812cb6c63aa60a5222ca27dc1a4375f8.udd" 3777
"C:/Users/minls/AppData/Local/UnrealEngine/Common/DerivedDataCache/Buckets/LegacyDIST/a7/44/5682199eb825594bd12a927e0ff4a0d43f22.udd" 3778
"C:/Users/minls/AppData/Local/UnrealEngine/Common/DerivedDataCache/Buckets/StaticMesh/8a/b5/226e869dfc833ab8e11191185d71f229c96b.udd" 3779
"C:/Users/minls/AppData/Local/UnrealEngine/Common/DerivedDataCache/Buckets/LegacyNavCollision/1e/15/3480dbd1569467d5f7c2226ce29aebcabdf4.udd" 3780
"../../../Engine/Content/EditorMaterials/PreviewShadowIndicator.uasset" 3781
"E:/Workspace_ISECONVI/ISECONVI/Content/LEVEL/LEVEL_PyeonUiJeom_sharedassets/Base_Layer_LayerInfo.uasset" 3782
"C:/Users/minls/AppData/Local/UnrealEngine/Common/DerivedDataCache/Buckets/LegacyCARD/77/eb/6635b30bfb922461e1b31abd271ddb964520.udd" 3783
"E:/Workspace_ISECONVI/ISECONVI/Content/LEVEL/LEVEL_PyeonUiJeom_sharedassets/Layer_02_LayerInfo.uasset" 3784
"../../../Engine/Content/MobileResources/HUD/VirtualJoystick_Background.uasset" 3785
"C:/Users/minls/AppData/Local/UnrealEngine/Common/DerivedDataCache/Buckets/LegacyDIST/46/a6/48450b158ed88ee2c9e5238977aa362dcce0.udd" 3786
"E:/Workspace_ISECONVI/ISECONVI/Content/LEVEL/LEVEL_PyeonUiJeom_sharedassets/Layer_03_LayerInfo.uasset" 3787
"E:/Workspace_ISECONVI/ISECONVI/Content/LEVEL/LEVEL_PyeonUiJeom_sharedassets/Layer_03_LayerInfo_1.uasset" 3788
"C:/Users/minls/AppData/Local/UnrealEngine/Common/DerivedDataCache/Buckets/LegacyCARD/09/72/dab358d68b9dca37e770a8e384df7f8fdf51.udd" 3789
"../../../Engine/Content/EngineMaterials/DefaultNormal.uasset" 3790
"C:/Users/minls/AppData/Local/UnrealEngine/Common/DerivedDataCache/Buckets/LegacyNavCollision/e5/f0/b484e67e684fd4eeb776d184a56475319c29.udd" 3791
"../../../Engine/Content/MobileResources/HUD/VirtualJoystick_Thumb.uasset" 3792
"C:/Users/minls/AppData/Local/UnrealEngine/Common/DerivedDataCache/Buckets/LegacyNavCollision/5a/3b/a6dd3020645a7d41ea7bf619d769dc5d3e48.udd" 3793
"../../../../../Workspace_ISECONVI/ISECONVI/Content/3DTeamAsset/Architexture_CONVINI/ConvinienceStore_Door_L.uasset" 3794
"../../../../../Workspace_ISECONVI/ISECONVI/Content/3DTeamAsset/Architexture_CONVINI/ConvinienceStore_Door_R.uasset" 3795
"../../../../../Workspace_ISECONVI/ISECONVI/Content/3DTeamAsset/Architexture_CONVINI/ConvinienceStore_Floor.uasset" 3796
"../../../../../Workspace_ISECONVI/ISECONVI/Content/3DTeamAsset/Architexture_CONVINI/ConvinienceStore_Main.uasset" 3797
"C:/Users/minls/AppData/Local/UnrealEngine/Common/DerivedDataCache/Buckets/LegacyAnimSeq/19/02/db736c670f6f9eabfe8defc4cb72b7441f1b.udd" 3798
"C:/Users/minls/AppData/Local/UnrealEngine/Common/DerivedDataCache/Buckets/LegacyAnimSeq/d0/5e/50bfc8d6c006fd9c3e3b19bd80c7b12fe77b.udd" 3799
"C:/Users/minls/AppData/Local/UnrealEngine/Common/DerivedDataCache/Buckets/MaterialShaderMap/d0/2a/492ac88f40efeaebf7e03c078cdc47d3e671.udd" 3800
"C:/Users/minls/AppData/Local/UnrealEngine/Common/DerivedDataCache/Buckets/MaterialShaderMap/e6/8e/f227832d2a303fc59c1b0de2e41f7be78fd6.udd" 3801
"../../../Engine/Content/EditorLandscapeResources/WhiteSquareTexture.uasset" 3802
"../../../Engine/Content/Functions/Engine_MaterialFunctions02/Texturing/CustomRotator.uasset" 3803
"../../../Engine/Content/Functions/Engine_MaterialFunctions02/Texturing/ScreenAlignedPixelToPixelUVs.uasset" 3804
"../../../Engine/Content/Functions/Engine_MaterialFunctions01/Texturing/FlattenNormal.uasset" 3805
"../../../Engine/Content/Functions/Engine_MaterialFunctions01/Shading/FuzzyShading.uasset" 3806
"../../../Engine/Content/Functions/Engine_MaterialFunctions03/Math/RemapValueRange.uasset" 3807
"E:/Workspace_ISECONVI/ISECONVI/Content/3DTeamAsset/Architexture_CONVINI/Material_003.uasset" 3808
"E:/Workspace_ISECONVI/ISECONVI/Content/3DTeamAsset/Architexture_CONVINI/Texture/Floor_color.uasset" 3809
"../../../Engine/Content/EngineMaterials/FlatNormal.uasset" 3810
"E:/Workspace_ISECONVI/ISECONVI/Content/3DTeamAsset/Architexture_CONVINI/Texture/Floor_emission.uasset" 3811
"../../../Engine/Content/Functions/Engine_MaterialFunctions02/Math/AddComponents.uasset" 3812
"E:/Workspace_ISECONVI/ISECONVI/Content/3DTeamAsset/Architexture_CONVINI/Texture/Floor_roughness.uasset" 3813
"E:/Workspace_ISECONVI/ISECONVI/Content/3DTeamAsset/Architexture_CONVINI/Texture/Main_alpha.uasset" 3814
"E:/Workspace_ISECONVI/ISECONVI/Content/3DTeamAsset/Architexture_CONVINI/Texture/Main_color.uasset" 3815
"C:/Users/minls/AppData/Local/UnrealEngine/Common/DerivedDataCache/Buckets/BulkDataList/2d/fd/304f0b25e881c620b8b603af3c92bfe8b63b.udd" 3816
"C:/Users/minls/AppData/Local/UnrealEngine/Common/DerivedDataCache/Buckets/BulkDataList/bc/8d/8afda5b0b6f759bb05f1cc93f75a56df33c0.udd" 3817
"C:/Users/minls/AppData/Local/UnrealEngine/Common/DerivedDataCache/Buckets/BulkDataList/3d/1a/b31a614b82cca54e79d208551c6cdc05ba99.udd" 3818
"E:/Workspace_ISECONVI/ISECONVI/Content/3DTeamAsset/Architexture_CONVINI/Texture/Floor_normal.uasset" 3819
"C:/Users/minls/AppData/Local/UnrealEngine/Common/DerivedDataCache/Buckets/BulkDataList/ca/66/d0f10b0518c964de33c26d831dc66574893f.udd" 3820
"C:/Users/minls/AppData/Local/UnrealEngine/Common/DerivedDataCache/Buckets/BulkDataList/4a/35/c61b946aa2132b5db5d2148c8c9d3d66beef.udd" 3821
"C:/Users/minls/AppData/Local/UnrealEngine/Common/DerivedDataCache/Buckets/BulkDataList/17/ba/2028a95a6f57bbafdbd50981e1250a470d54.udd" 3822
"E:/Workspace_ISECONVI/ISECONVI/Content/3DTeamAsset/Architexture_CONVINI/Texture/Main_emission.uasset" 3823
"C:/Users/minls/AppData/Local/UnrealEngine/Common/DerivedDataCache/Buckets/BulkDataList/81/3c/81544232e9d09fdc4e8e48982fb1fe198f85.udd" 3824
"E:/Workspace_ISECONVI/ISECONVI/Content/3DTeamAsset/Architexture_CONVINI/Texture/Main_metallic.uasset" 3825
"E:/Workspace_ISECONVI/ISECONVI/Content/3DTeamAsset/Architexture_CONVINI/Texture/Main_normal.uasset" 3826
"E:/Workspace_ISECONVI/ISECONVI/Content/3DTeamAsset/Architexture_CONVINI/M_DECAL1.uasset" 3827
"E:/Workspace_ISECONVI/ISECONVI/Content/3DTeamAsset/Architexture_CONVINI/M_DECAL2.uasset" 3828
"E:/Workspace_ISECONVI/ISECONVI/Content/3DTeamAsset/AssetsvilleTown/Materials/MasterMaterials/M_Glass.uasset" 3829
"E:/Workspace_ISECONVI/ISECONVI/Content/3DTeamAsset/Fantastic_Village_Pack/textures/T_wood_03_N.uasset" 3830
"E:/Workspace_ISECONVI/ISECONVI/Content/3DTeamAsset/Architexture_CONVINI/Texture/Main_roughness.uasset" 3831
"E:/Workspace_ISECONVI/ISECONVI/Content/3DTeamAsset/Fantastic_Village_Pack/textures/T_wood_03_BC.uasset" 3832
"E:/Workspace_ISECONVI/ISECONVI/Content/3DTeamAsset/LandScapeSample/ground_02_color_2k.uasset" 3833
"C:/Users/minls/AppData/Local/UnrealEngine/Common/DerivedDataCache/Buckets/BulkDataList/f0/8f/2be252c841392d86862489d92aa63a1ace3d.udd" 3834
"E:/Workspace_ISECONVI/ISECONVI/Content/3DTeamAsset/LandScapeSample/ground_02_normal_dx_2k.uasset" 3835
"C:/Users/minls/AppData/Local/UnrealEngine/Common/DerivedDataCache/Buckets/BulkDataList/23/f8/96db0793ff63ef4ad2fe20a542ad424d1b3f.udd" 3836
"E:/Workspace_ISECONVI/ISECONVI/Content/3DTeamAsset/LandScapeSample/ground_02_roughness_2k.uasset" 3837
"C:/Users/minls/AppData/Local/UnrealEngine/Common/DerivedDataCache/Buckets/BulkDataList/c9/3f/e7d4faf7d02098b77a993d1f0447459730af.udd" 3838
"E:/Workspace_ISECONVI/ISECONVI/Content/3DTeamAsset/Vehicle_Truck/Material/Black.uasset" 3839
"C:/Users/minls/AppData/Local/UnrealEngine/Common/DerivedDataCache/Buckets/BulkDataList/5b/9b/4ee3ddfc92ba4df167a03ad30b19b9b03483.udd" 3840
"E:/Workspace_ISECONVI/ISECONVI/Content/3DTeamAsset/Vehicle_Truck/Material/Bumper.uasset" 3841
"C:/Users/minls/AppData/Local/UnrealEngine/Common/DerivedDataCache/Buckets/BulkDataList/3d/69/3bb0c2c5334a30c7d5f15cbb642cd624514a.udd" 3842
"E:/Workspace_ISECONVI/ISECONVI/Content/3DTeamAsset/Vehicle_Truck/Material/CargoFrame.uasset" 3843
"C:/Users/minls/AppData/Local/UnrealEngine/Common/DerivedDataCache/Buckets/BulkDataList/39/30/9971ed43bdd090b1d36c64b87b3d992db437.udd" 3844
"E:/Workspace_ISECONVI/ISECONVI/Content/3DTeamAsset/Vehicle_Truck/Material/Window.uasset" 3845
"C:/Users/minls/AppData/Local/UnrealEngine/Common/DerivedDataCache/Buckets/BulkDataList/a3/e8/14aa5c06c4629037774ee9e0cdb6ef22fbc7.udd" 3846
"C:/Users/minls/AppData/Local/UnrealEngine/Common/DerivedDataCache/Buckets/BulkDataList/6e/b6/fa95e4b4d5d966496623d595d4f9784469fd.udd" 3847
"E:/Workspace_ISECONVI/ISECONVI/Content/CartoonSkyShader/Blueprints/Data/E_CloudTypes.uasset" 3848
"C:/Users/minls/AppData/Local/UnrealEngine/Common/DerivedDataCache/Buckets/BulkDataList/e3/b1/2d03fc8fa9284c546d1aa8969cb9903d1b9a.udd" 3849
"C:/Users/minls/AppData/Local/UnrealEngine/Common/DerivedDataCache/Buckets/LegacyAnimSeq/4b/8a/e493dad811204380788be41612be85c871cc.udd" 3850
"C:/Users/minls/AppData/Local/UnrealEngine/Common/DerivedDataCache/Buckets/LegacyAnimSeq/5d/b8/3e3c33263dbe8402a9156036d348ce054ee1.udd" 3851
"C:/Users/minls/AppData/Local/UnrealEngine/Common/DerivedDataCache/Buckets/LegacyAnimSeq/01/29/a9cd40f4c6074e66970400826a124183ea06.udd" 3852
"C:/Users/minls/AppData/Local/UnrealEngine/Common/DerivedDataCache/Buckets/LegacyAnimSeq/e0/c3/f807a6d0131e015b72b3d1a7f1bccab48e30.udd" 3853
"C:/Users/minls/AppData/Local/UnrealEngine/Common/DerivedDataCache/Buckets/LegacyTEXTURE/8a/83/106cd9c0055c8a24784c867a9e4f5eba66a6.udd" 3854
"C:/Users/minls/AppData/Local/UnrealEngine/Common/DerivedDataCache/Buckets/LegacyTEXTURE/57/21/45197e97ddca561d09052332094fab6c11bb.udd" 3855
"C:/Users/minls/AppData/Local/UnrealEngine/Common/DerivedDataCache/Buckets/LegacyTEXTURE/d7/b6/1ab3bbb8e64309560b95d1b6578a0abd7521.udd" 3856
"C:/Users/minls/AppData/Local/UnrealEngine/Common/DerivedDataCache/Buckets/LegacyTEXTURE/6b/eb/be315cfc4171821e204a7f9f47090ae2ff82.udd" 3857
"C:/Users/minls/AppData/Local/UnrealEngine/Common/DerivedDataCache/Buckets/LegacyTEXTURE/7c/c2/3c4fdc782a9763369a502b20d41f762078af.udd" 3858
"C:/Users/minls/AppData/Local/UnrealEngine/Common/DerivedDataCache/Buckets/LegacyTEXTURE/89/68/9322ad0b979b6c9900b94f3040c0e76445d0.udd" 3859
"C:/Users/minls/AppData/Local/UnrealEngine/Common/DerivedDataCache/Buckets/LegacyTEXTURE/02/4e/444e282f9e9ac57b01bc34680c957baa56e7.udd" 3860
"C:/Users/minls/AppData/Local/UnrealEngine/Common/DerivedDataCache/Buckets/LegacyTEXTURE/33/48/409915ae26893b6e450a8db2d31fec60f26a.udd" 3861
"C:/Users/minls/AppData/Local/UnrealEngine/Common/DerivedDataCache/Buckets/LegacyTEXTURE/6f/5c/fb73f80e6c91dbb3d3485efcd1b268fea2ca.udd" 3862
"C:/Users/minls/AppData/Local/UnrealEngine/Common/DerivedDataCache/Buckets/LegacyTEXTURE/a1/32/f25c49f53b9a46ba65ac6c8285854aceb855.udd" 3863
"C:/Users/minls/AppData/Local/UnrealEngine/Common/DerivedDataCache/Buckets/LegacyTEXTURE/04/77/a12d5a3caf2022c2a9bb046e8a0b52015ffc.udd" 3864
"C:/Users/minls/AppData/Local/UnrealEngine/Common/DerivedDataCache/Buckets/LegacyTEXTURE/95/8a/e4b5b85611dece9b516e08ef6871c7c804f3.udd" 3865
"C:/Users/minls/AppData/Local/UnrealEngine/Common/DerivedDataCache/Content/2c/c2/6a4fc8e491a47b6ed52bca3e990f39e67c9d.udd" 3866
"E:/Workspace_ISECONVI/ISECONVI/Content/CartoonSkyShader/Textures/ColorCurves/DayNightCycleBlueprintColors/FogColorBlueprint_Type_01.uasset" 3867
"C:/Users/minls/AppData/Local/UnrealEngine/Common/DerivedDataCache/Buckets/LegacyTEXTURE/3a/45/f7e0ddc9c4eb45fc4b8427c6419594385948.udd" 3868
"C:/Users/minls/AppData/Local/UnrealEngine/Common/DerivedDataCache/Buckets/LegacyTEXTURE/39/0c/97c5d9eaa06d7374354ac543ba78c4a8f940.udd" 3869
"C:/Users/minls/AppData/Local/UnrealEngine/Common/DerivedDataCache/Buckets/LegacyTEXTURE/e7/2a/f4046bab59425cf9fd18d138c6d4212ff3a7.udd" 3870
"C:/Users/minls/AppData/Local/UnrealEngine/Common/DerivedDataCache/Buckets/LegacyTEXTURE/58/54/81f640f344ecf2b6b44e65c5404c4f15efe5.udd" 3871
"C:/Users/minls/AppData/Local/UnrealEngine/Common/DerivedDataCache/Content/df/f1/9557fcd4381f8cfefe7fae506635ca707b83.udd" 3872
"C:/Users/minls/AppData/Local/UnrealEngine/Common/DerivedDataCache/Buckets/LegacyTEXTURE/96/3e/714e835fbad2e3af7ee3d767e7c351e9753d.udd" 3873
"C:/Users/minls/AppData/Local/UnrealEngine/Common/DerivedDataCache/Buckets/LegacyTEXTURE/fa/40/9ae93f52786c5305a947d716c079397b2559.udd" 3874
"C:/Users/minls/AppData/Local/UnrealEngine/Common/DerivedDataCache/Buckets/BulkDataList/0d/06/7246b3da7d0176103dda3691b1957c01bf78.udd" 3875
"C:/Users/minls/AppData/Local/UnrealEngine/Common/DerivedDataCache/Buckets/LegacyTEXTURE/77/6f/2599330778e0f99164600ee248e67c031357.udd" 3876
"C:/Users/minls/AppData/Local/UnrealEngine/Common/DerivedDataCache/Buckets/LegacyTEXTURE/ba/f5/b8de7b14a24cc4981eb904cb2837874d5df3.udd" 3877
"E:/Workspace_ISECONVI/ISECONVI/Content/CartoonSkyShader/Textures/ColorCurves/DayNightCycleBlueprintColors/FogColorBlueprint_Type_02.uasset" 3878
"C:/Users/minls/AppData/Local/UnrealEngine/Common/DerivedDataCache/Buckets/LegacyTEXTURE/62/82/ad486918eed60526e070e3d8d097f8cee952.udd" 3879
"C:/Users/minls/AppData/Local/UnrealEngine/Common/DerivedDataCache/Buckets/LegacyTEXTURE/6e/b0/f158e1be6f8178e3443c70f3a21251c0ca5c.udd" 3880
"C:/Users/minls/AppData/Local/UnrealEngine/Common/DerivedDataCache/Buckets/BulkDataList/c1/6d/cfe3a18488bbb14b1f61d2268c63d7b22a84.udd" 3881
"C:/Users/minls/AppData/Local/UnrealEngine/Common/DerivedDataCache/Buckets/LegacyTEXTURE/51/74/0ed5eb280641ef0016a5c3c1da6b96042c0e.udd" 3882
"E:/Workspace_ISECONVI/ISECONVI/Content/CartoonSkyShader/Textures/ColorCurves/DayNightCycleBlueprintColors/FogColorBlueprint_Type_03.uasset" 3883
"C:/Users/minls/AppData/Local/UnrealEngine/Common/DerivedDataCache/Buckets/LegacyTEXTURE/75/2f/bfa2a831ecc4098249a511369352e37176cc.udd" 3884
"C:/Users/minls/AppData/Local/UnrealEngine/Common/DerivedDataCache/Buckets/LegacyTEXTURE/d8/30/f298c13a98705b53c6fc7437634a8f0e2a21.udd" 3885
"C:/Users/minls/AppData/Local/UnrealEngine/Common/DerivedDataCache/Buckets/LegacyTEXTURE/d0/d7/6bd59297ec035db38c730ac1086b49a43fc8.udd" 3886
"E:/Workspace_ISECONVI/ISECONVI/Content/CartoonSkyShader/Textures/ColorCurves/DayNightCycleBlueprintColors/MoonLightColorBlueprint_Type_01.uasset" 3887
"C:/Users/minls/AppData/Local/UnrealEngine/Common/DerivedDataCache/Buckets/LegacyTEXTURE/44/c3/0f6120601ad7824c6ff96fd30206dd589294.udd" 3888
"C:/Users/minls/AppData/Local/UnrealEngine/Common/DerivedDataCache/Buckets/LegacyTEXTURE/b4/a0/63609666e3266db6c535da2e5d8306f023a3.udd" 3889
"C:/Users/minls/AppData/Local/UnrealEngine/Common/DerivedDataCache/Buckets/LegacyTEXTURE/e6/ed/88df3986c0d8422bfa426e76288727ccd738.udd" 3890
"C:/Users/minls/AppData/Local/UnrealEngine/Common/DerivedDataCache/Buckets/LegacyTEXTURE/b2/13/0174bf5bc6fe82aae77c30f2c4f8278bcf95.udd" 3891
"E:/Workspace_ISECONVI/ISECONVI/Content/CartoonSkyShader/Textures/ColorCurves/DayNightCycleBlueprintColors/MoonLightColorBlueprint_Type_02.uasset" 3892
"C:/Users/minls/AppData/Local/UnrealEngine/Common/DerivedDataCache/Buckets/LegacyTEXTURE/d3/e6/cc2138c6095b9c705b7af7ab81a05c0cb755.udd" 3893
"C:/Users/minls/AppData/Local/UnrealEngine/Common/DerivedDataCache/Buckets/LegacyTEXTURE/2b/cf/8699a3608cb10cc4d9230569347b74e0d1ca.udd" 3894
"C:/Users/minls/AppData/Local/UnrealEngine/Common/DerivedDataCache/Buckets/LegacyTEXTURE/eb/1e/9c5c2d061487a6ae4ce20756fb40a4170bcd.udd" 3895
"C:/Users/minls/AppData/Local/UnrealEngine/Common/DerivedDataCache/Buckets/LegacyTEXTURE/27/9e/0bbe8304786651d6563ff0ab9e642deb5d18.udd" 3896
"E:/Workspace_ISECONVI/ISECONVI/Content/CartoonSkyShader/Textures/ColorCurves/DayNightCycleBlueprintColors/MoonLightColorBlueprint_Type_03.uasset" 3897
"C:/Users/minls/AppData/Local/UnrealEngine/Common/DerivedDataCache/Buckets/LegacyTEXTURE/06/e0/63c2e96594fc8e80dc32de618449733ebccc.udd" 3898
"C:/Users/minls/AppData/Local/UnrealEngine/Common/DerivedDataCache/Buckets/LegacyTEXTURE/83/77/09cf5db4e891df7a43617fe225c4a6a00b5a.udd" 3899
"C:/Users/minls/AppData/Local/UnrealEngine/Common/DerivedDataCache/Buckets/BulkDataList/35/23/3bb086addb36c6dbb7a7307bae0f2c16692e.udd" 3900
"C:/Users/minls/AppData/Local/UnrealEngine/Common/DerivedDataCache/Buckets/LegacyTEXTURE/0c/ea/e6098483cef8ed0c1ff0ddad19c7dd1c920c.udd" 3901
"E:/Workspace_ISECONVI/ISECONVI/Content/CartoonSkyShader/Textures/ColorCurves/DayNightCycleBlueprintColors/MoonLightColorBlueprint_Type_04.uasset" 3902
"C:/Users/minls/AppData/Local/UnrealEngine/Common/DerivedDataCache/Buckets/LegacyTEXTURE/49/85/a492dfa48ceb7b6a030ac228c5490633a271.udd" 3903
"C:/Users/minls/AppData/Local/UnrealEngine/Common/DerivedDataCache/Buckets/LegacyTEXTURE/db/f4/cd8399536b358b51fc9884339a7c2648c5c6.udd" 3904
"C:/Users/minls/AppData/Local/UnrealEngine/Common/DerivedDataCache/Buckets/BulkDataList/3d/2c/bc4a90b5359552e6eb4e3faac9f00552b41a.udd" 3905
"C:/Users/minls/AppData/Local/UnrealEngine/Common/DerivedDataCache/Buckets/LegacyTEXTURE/3d/f1/4ce1a191eaa85c5c102cfe1b14fdc4128539.udd" 3906
"C:/Users/minls/AppData/Local/UnrealEngine/Common/DerivedDataCache/Buckets/LegacyTEXTURE/b7/c7/4e5e85b4bac12704b4a27a5c92b5a524dc27.udd" 3907
"E:/Workspace_ISECONVI/ISECONVI/Content/CartoonSkyShader/Textures/ColorCurves/DayNightCycleBlueprintColors/SkylightColorBlueprint_Type_01.uasset" 3908
"C:/Users/minls/AppData/Local/UnrealEngine/Common/DerivedDataCache/Buckets/LegacyTEXTURE/8d/f2/572d60a215dc0e4403fc73b43f2c0e79bffb.udd" 3909
"C:/Users/minls/AppData/Local/UnrealEngine/Common/DerivedDataCache/Buckets/LegacyTEXTURE/81/25/8bb0c065d032bb13bc10665b9584100f754e.udd" 3910
"C:/Users/minls/AppData/Local/UnrealEngine/Common/DerivedDataCache/Buckets/LegacyTEXTURE/35/e6/839685e018c681d8e4f5c8ad773e57bb0f2e.udd" 3911
"C:/Users/minls/AppData/Local/UnrealEngine/Common/DerivedDataCache/Buckets/LegacyTEXTURE/cd/c5/d77dc8886c4db288d4cb07f49f9f722a387c.udd" 3912
"C:/Users/minls/AppData/Local/UnrealEngine/Common/DerivedDataCache/Buckets/BulkDataList/55/e0/46cf43467ca6e7377e61d74804de35db95ab.udd" 3913
"C:/Users/minls/AppData/Local/UnrealEngine/Common/DerivedDataCache/Buckets/LegacyTEXTURE/b6/3f/2077fd3e6ab40e3daf6a3ba7ad2d1f2214cd.udd" 3914
"E:/Workspace_ISECONVI/ISECONVI/Content/CartoonSkyShader/Textures/ColorCurves/DayNightCycleBlueprintColors/SkylightColorBlueprint_Type_02.uasset" 3915
"C:/Users/minls/AppData/Local/UnrealEngine/Common/DerivedDataCache/Buckets/LegacyTEXTURE/2d/ed/70b53da83ed38f90ea6b11205441d80bfd59.udd" 3916
"C:/Users/minls/AppData/Local/UnrealEngine/Common/DerivedDataCache/Buckets/LegacyTEXTURE/c9/68/b997ef0cc02df804bbb907c152a4c5e98c90.udd" 3917
"C:/Users/minls/AppData/Local/UnrealEngine/Common/DerivedDataCache/Buckets/LegacyTEXTURE/eb/1c/e055eb22c658103fdaf024c524d825ca530c.udd" 3918
"C:/Users/minls/AppData/Local/UnrealEngine/Common/DerivedDataCache/Buckets/BulkDataList/94/e4/9c420c120ee56793f85186cee93460c0e47c.udd" 3919
"C:/Users/minls/AppData/Local/UnrealEngine/Common/DerivedDataCache/Buckets/LegacyTEXTURE/25/b5/669acb93046c1881487f0f2a23f98682178e.udd" 3920
"E:/Workspace_ISECONVI/ISECONVI/Content/CartoonSkyShader/Textures/ColorCurves/DayNightCycleBlueprintColors/SkylightColorBlueprint_Type_03.uasset" 3921
"C:/Users/minls/AppData/Local/UnrealEngine/Common/DerivedDataCache/Buckets/LegacyTEXTURE/2d/84/de95495519d487b46aefa0d0faa4b44f6d9a.udd" 3922
"C:/Users/minls/AppData/Local/UnrealEngine/Common/DerivedDataCache/Buckets/LegacyTEXTURE/89/54/4d6290f300e6afa7a02ef5cbbc2dd0344823.udd" 3923
"C:/Users/minls/AppData/Local/UnrealEngine/Common/DerivedDataCache/Buckets/BulkDataList/8f/fd/e79499b17ec86d798a3448e7be1b0adfa03c.udd" 3924
"E:/Workspace_ISECONVI/ISECONVI/Content/CartoonSkyShader/Textures/ColorCurves/DayNightCycleBlueprintColors/SkylightColorBlueprint_Type_04.uasset" 3925
"E:/Workspace_ISECONVI/ISECONVI/Content/CartoonSkyShader/Textures/ColorCurves/DayNightCycleBlueprintColors/SunLightColorBlueprint_Type_01.uasset" 3926
"E:/Workspace_ISECONVI/ISECONVI/Content/CartoonSkyShader/Textures/ColorCurves/DayNightCycleBlueprintColors/SunLightColorBlueprint_Type_02.uasset" 3927
"E:/Workspace_ISECONVI/ISECONVI/Content/CartoonSkyShader/Textures/ColorCurves/DayNightCycleBlueprintColors/SunLightColorBlueprint_Type_03.uasset" 3928
"E:/Workspace_ISECONVI/ISECONVI/Content/CartoonSkyShader/Textures/ColorCurves/DayNightCycleBlueprintColors/SunLightColorBlueprint_Type_04.uasset" 3929
"../../../Engine/Content/MapTemplates/Materials/BasicAsset03.uasset" 3930
"C:/Users/minls/AppData/Local/UnrealEngine/Common/DerivedDataCache/Buckets/LegacyTEXTURE/11/21/61ea00315a8ac81718c17c660fc1623f3f54.udd" 3931
"C:/Users/minls/AppData/Local/UnrealEngine/Common/DerivedDataCache/Buckets/LegacyTEXTURE/7a/a6/9a51d97ca94a623e608ea34471abd66d8d8e.udd" 3932
"C:/Users/minls/AppData/Local/UnrealEngine/Common/DerivedDataCache/Buckets/LegacyTEXTURE/b2/8c/b0ef5ad37440fd2096a6edd180a72e72ae76.udd" 3933
"C:/Users/minls/AppData/Local/UnrealEngine/Common/DerivedDataCache/Buckets/LegacyTEXTURE/13/53/2f66b1e8d860b3f263d187d0ee41a1ebc413.udd" 3934
"C:/Users/minls/AppData/Local/UnrealEngine/Common/DerivedDataCache/Content/55/a7/042bbca8bc3cd119480a6481783cf847d394.udd" 3935
"C:/Users/minls/AppData/Local/UnrealEngine/Common/DerivedDataCache/Content/28/03/e100473a8cf42bc1e401e342a8d62b7c56ef.udd" 3936
"C:/Users/minls/AppData/Local/UnrealEngine/Common/DerivedDataCache/Buckets/LegacyTEXTURE/ee/65/1f613e70e3fafa688fedc4271891a0459ca8.udd" 3937
"C:/Users/minls/AppData/Local/UnrealEngine/Common/DerivedDataCache/Buckets/LegacyTEXTURE/1f/d6/c41ff6ae4789092a37b202f8f197c3215c21.udd" 3938
"C:/Users/minls/AppData/Local/UnrealEngine/Common/DerivedDataCache/Buckets/LegacyTEXTURE/49/4a/7a7c2ae6447c8b17565813929fad5f7814bc.udd" 3939
"C:/Users/minls/AppData/Local/UnrealEngine/Common/DerivedDataCache/Buckets/LegacyTEXTURE/34/0b/5af5b94d917c04e41a1e7cf617f6d1d9a732.udd" 3940
"C:/Users/minls/AppData/Local/UnrealEngine/Common/DerivedDataCache/Buckets/LegacyTEXTURE/fc/08/c3154f6c6e03daca2ff059ba6181737df745.udd" 3941
"C:/Users/minls/AppData/Local/UnrealEngine/Common/DerivedDataCache/Buckets/LegacyTEXTURE/bd/6c/fb32f7a1955f63c67cce66f0a2623db26781.udd" 3942
"C:/Users/minls/AppData/Local/UnrealEngine/Common/DerivedDataCache/Content/a2/b2/b44e665bea65a178d257a8239be67d2e11d0.udd" 3943
"C:/Users/minls/AppData/Local/UnrealEngine/Common/DerivedDataCache/Buckets/LegacyTEXTURE/6e/6c/74e3d064af32dcd980b9fb247812a80071a9.udd" 3944
"C:/Users/minls/AppData/Local/UnrealEngine/Common/DerivedDataCache/Buckets/LegacyTEXTURE/92/97/90c3b181f9d8c5b58993301d40adcc5b13ad.udd" 3945
"C:/Users/minls/AppData/Local/UnrealEngine/Common/DerivedDataCache/Buckets/LegacyTEXTURE/86/96/82589ab2c4d60d4563bd78b5f58e78a63b68.udd" 3946
"C:/Users/minls/AppData/Local/UnrealEngine/Common/DerivedDataCache/Buckets/LegacyTEXTURE/2c/8c/e2f8da57ca4cc03e7c5f928ab34058fe6217.udd" 3947
"C:/Users/minls/AppData/Local/UnrealEngine/Common/DerivedDataCache/Buckets/LegacyTEXTURE/e3/81/47f01bfc8800a8dc16098bcc9cb8c3ae07e9.udd" 3948
"C:/Users/minls/AppData/Local/UnrealEngine/Common/DerivedDataCache/Buckets/LegacyTEXTURE/e6/df/25e74a7aefad19a35fee596be4e6a5417394.udd" 3949
"C:/Users/minls/AppData/Local/UnrealEngine/Common/DerivedDataCache/Buckets/LegacyTEXTURE/2b/49/b5fcba5aa2e589166d3f3e845112fbbf56fa.udd" 3950
"C:/Users/minls/AppData/Local/UnrealEngine/Common/DerivedDataCache/Buckets/LegacyTEXTURE/fe/7d/e14f7adb45953afb65947c6dbf9edc949858.udd" 3951
"C:/Users/minls/AppData/Local/UnrealEngine/Common/DerivedDataCache/Buckets/LegacyTEXTURE/3d/58/32b3490a1dbcdbe710368f16f8d0bfaefd7d.udd" 3952
"C:/Users/minls/AppData/Local/UnrealEngine/Common/DerivedDataCache/Buckets/LegacyTEXTURE/06/0b/c2d16420d449a92bb87187ca78fc1989580d.udd" 3953
"C:/Users/minls/AppData/Local/UnrealEngine/Common/DerivedDataCache/Buckets/LegacyTEXTURE/5a/62/4573e65ddaa2e21da704d6fede2cccb76928.udd" 3954
"C:/Users/minls/AppData/Local/UnrealEngine/Common/DerivedDataCache/Buckets/LegacyTEXTURE/64/11/3e304d7fefc07a61317ef18b5a2b8dec7ad9.udd" 3955
"C:/Users/minls/AppData/Local/UnrealEngine/Common/DerivedDataCache/Buckets/LegacyTEXTURE/f4/75/b0c1825158c4a13071d418be1b75b13a1142.udd" 3956
"C:/Users/minls/AppData/Local/UnrealEngine/Common/DerivedDataCache/Buckets/LegacyTEXTURE/34/69/d18662986c949c5d70177dfad435bbaeb770.udd" 3957
"C:/Users/minls/AppData/Local/UnrealEngine/Common/DerivedDataCache/Content/bc/2a/b1ba7c60aff103f67e71537d5383c51befc2.udd" 3958
"C:/Users/minls/AppData/Local/UnrealEngine/Common/DerivedDataCache/Content/4b/d5/53d37499f105b0b4e12c1e7418123cc556c5.udd" 3959
"C:/Users/minls/AppData/Local/UnrealEngine/Common/DerivedDataCache/Buckets/LegacyTEXTURE/d2/5b/a2b3318a37c7995835e1aa852ccfce1bbc8f.udd" 3960
"C:/Users/minls/AppData/Local/UnrealEngine/Common/DerivedDataCache/Buckets/LegacyTEXTURE/95/26/f467d90e602bb7482496865933c7ebb1063a.udd" 3961
"C:/Users/minls/AppData/Local/UnrealEngine/Common/DerivedDataCache/Buckets/LegacyTEXTURE/6d/25/c24a22dd71c0fd4fb8b0ebe5d30e6d67fad0.udd" 3962
"C:/Users/minls/AppData/Local/UnrealEngine/Common/DerivedDataCache/Buckets/LegacyTEXTURE/02/06/a406d6ed38bbe1c30b7bcb9247a5ef8621f9.udd" 3963
"C:/Users/minls/AppData/Local/UnrealEngine/Common/DerivedDataCache/Buckets/LegacyTEXTURE/f5/1d/d776985cb3b1acfbf0310b76fb95206382aa.udd" 3964
"C:/Users/minls/AppData/Local/UnrealEngine/Common/DerivedDataCache/Buckets/LegacyTEXTURE/ee/f5/9e0f661f9271b72a869db864aefb3dddedeb.udd" 3965
"C:/Users/minls/AppData/Local/UnrealEngine/Common/DerivedDataCache/Buckets/LegacyTEXTURE/90/89/c6f2025b8d4853d9319f37373b46f6511e58.udd" 3966
"C:/Users/minls/AppData/Local/UnrealEngine/Common/DerivedDataCache/Buckets/LegacyTEXTURE/96/af/684b8f4320626e3a063a901a545e496b471c.udd" 3967
"C:/Users/minls/AppData/Local/UnrealEngine/Common/DerivedDataCache/Buckets/LegacyTEXTURE/9e/ff/e448763bb5cc64439ac7a6f01098cf31792f.udd" 3968
"C:/Users/minls/AppData/Local/UnrealEngine/Common/DerivedDataCache/Buckets/LegacyTEXTURE/ab/1f/cd4f78c256d1994fc1d9fdc70c27f8cf8498.udd" 3969
"C:/Users/minls/AppData/Local/UnrealEngine/Common/DerivedDataCache/Buckets/LegacyTEXTURE/c0/05/eae33aa0516e7e5b6ded0a5aa6989570e09f.udd" 3970
"C:/Users/minls/AppData/Local/UnrealEngine/Common/DerivedDataCache/Buckets/LegacyTEXTURE/0d/4c/8f7c48bd494d593681542ecebe9cbccba627.udd" 3971
"C:/Users/minls/AppData/Local/UnrealEngine/Common/DerivedDataCache/Buckets/LegacyTEXTURE/6d/04/0ea18516767ae6c9d78b91403068fa60feef.udd" 3972
"C:/Users/minls/AppData/Local/UnrealEngine/Common/DerivedDataCache/Buckets/LegacyTEXTURE/34/1c/310859d816047f0c3ccfafcd53418c294854.udd" 3973
"C:/Users/minls/AppData/Local/UnrealEngine/Common/DerivedDataCache/Buckets/LegacyTEXTURE/70/77/a647c602bff88598c6ffa706e584d3fca2f5.udd" 3974
"C:/Users/minls/AppData/Local/UnrealEngine/Common/DerivedDataCache/Buckets/LegacyTEXTURE/07/36/4136bd25d18a483be716f00f0c251dc2a307.udd" 3975
"C:/Users/minls/AppData/Local/UnrealEngine/Common/DerivedDataCache/Buckets/LegacyTEXTURE/2d/08/d51cfb4275b8c0f13602076f5182ad14333c.udd" 3976
"C:/Users/minls/AppData/Local/UnrealEngine/Common/DerivedDataCache/Buckets/LegacyTEXTURE/95/f4/0ee876dfe47b81c7819090dbc6398ed79673.udd" 3977
"C:/Users/minls/AppData/Local/UnrealEngine/Common/DerivedDataCache/Buckets/LegacyTEXTURE/b5/51/f6be7a64e4111e43fbb3a0f7026757e83845.udd" 3978
"C:/Users/minls/AppData/Local/UnrealEngine/Common/DerivedDataCache/Buckets/LegacyTEXTURE/f0/01/f440350148555c7d48835d3a6f406570894b.udd" 3979
"E:/Workspace_ISECONVI/ISECONVI/Content/StarterContent/Textures/T_Perlin_Noise_M.uasset" 3980
"E:/Workspace_ISECONVI/ISECONVI/Content/StarterContent/Textures/T_Water_N.uasset" 3981
"E:/Workspace_ISECONVI/ISECONVI/Content/3DTeamAsset/LandScapeSample/grass_01_color_2k.uasset" 3982
"E:/Workspace_ISECONVI/ISECONVI/Content/3DTeamAsset/LandScapeSample/grass_01_height_2k.uasset" 3983
"E:/Workspace_ISECONVI/ISECONVI/Content/3DTeamAsset/LandScapeSample/grass_01_normal_dx_2k.uasset" 3984
"E:/Workspace_ISECONVI/ISECONVI/Content/3DTeamAsset/LandScapeSample/grass_01_roughness_2k.uasset" 3985
"E:/Workspace_ISECONVI/ISECONVI/Content/3DTeamAsset/LandScapeSample/ground_05_baseColor_2k.uasset" 3986
"E:/Workspace_ISECONVI/ISECONVI/Content/3DTeamAsset/LandScapeSample/ground_05_normal_2k.uasset" 3987
"E:/Workspace_ISECONVI/ISECONVI/Content/3DTeamAsset/LandScapeSample/ground_05_roughness_2k.uasset" 3988
"E:/Workspace_ISECONVI/ISECONVI/Content/3DTeamAsset/LandScapeSample/ground_stones_02_basecolor_2k.uasset" 3989
"E:/Workspace_ISECONVI/ISECONVI/Content/3DTeamAsset/LandScapeSample/ground_stones_02_normal_dx_2k.uasset" 3990
"E:/Workspace_ISECONVI/ISECONVI/Content/3DTeamAsset/LandScapeSample/ground_stones_02_roughness_2k.uasset" 3991
"E:/Workspace_ISECONVI/ISECONVI/Content/3DTeamAsset/LandScapeSample/T_Forest_Floor_vl0hagrg_2K_D.uasset" 3992
"E:/Workspace_ISECONVI/ISECONVI/Content/3DTeamAsset/LandScapeSample/T_Forest_Floor_vl0hagrg_2K_N.uasset" 3993
"E:/Workspace_ISECONVI/ISECONVI/Content/3DTeamAsset/LandScapeSample/T_ForestFloor_vl0hagrg_2K_ORDp.uasset" 3994
"E:/Workspace_ISECONVI/ISECONVI/Content/BattleSequence/TurnLogic/ETurnActionType.uasset" 3995
"C:/Users/minls/AppData/Local/UnrealEngine/Common/DerivedDataCache/Buckets/BulkDataList/68/ea/cd065cc706d86ce2d76fe34e3e6c30cc7ca0.udd" 3996
"E:/Workspace_ISECONVI/ISECONVI/Content/G_MainSequence/GameDataStructures/ESkillType.uasset" 3997
"E:/Workspace_ISECONVI/ISECONVI/Content/G_MainSequence/GameDateTable/TableStructure/ST_BattleItemData.uasset" 3998
"C:/Users/minls/AppData/Local/UnrealEngine/Common/DerivedDataCache/Buckets/BulkDataList/de/29/afc0b622d66e83f9178f36e6b074c0fed17c.udd" 3999
"C:/Users/minls/AppData/Local/UnrealEngine/Common/DerivedDataCache/Buckets/BulkDataList/b2/99/b9a5de5c57a67510fd98195d668a85251d97.udd" 4000
"E:/Workspace_ISECONVI/ISECONVI/Content/BattleSequence/Camara/BPI_DynamicCameraInterface.uasset" 4001
"C:/Users/minls/AppData/Local/UnrealEngine/Common/DerivedDataCache/Buckets/BulkDataList/7e/bc/78b5ba12e7b42ecd9dfaae48bb31cf95ee55.udd" 4002
"E:/Workspace_ISECONVI/ISECONVI/Content/G_MainSequence/GameDataStructures/EBattleResult.uasset" 4003
"C:/Users/minls/AppData/Local/UnrealEngine/Common/DerivedDataCache/Buckets/BulkDataList/b3/2e/7251025a52be6689197346a13a66f3ed8282.udd" 4004
"../../../Engine/Content/MapTemplates/Materials/BasicAsset01.uasset" 4005
"C:/Users/minls/AppData/Local/UnrealEngine/Common/DerivedDataCache/Buckets/MaterialShaderMap/4c/ee/3a13902dcbabfa5e63c6b5ff4fde07031d82.udd" 4006
"C:/Users/minls/AppData/Local/UnrealEngine/Common/DerivedDataCache/Buckets/MaterialShaderMap/d6/64/911f317b9d7e7ccd776b7b0ef6a2e70e6cd2.udd" 4007
"C:/Users/minls/AppData/Local/UnrealEngine/Common/DerivedDataCache/Buckets/BulkDataList/e9/9a/c1512fe1c7272f61e5849ceb6c70e0fee2a7.udd" 4008
"E:/Workspace_ISECONVI/ISECONVI/Content/StarterContent/Materials/M_Glass.uasset" 4009
"C:/Users/minls/AppData/Local/UnrealEngine/Common/DerivedDataCache/Buckets/BulkDataList/2e/9b/198377560b052a0103cc7671c3af609a3481.udd" 4010
"E:/Workspace_ISECONVI/ISECONVI/Content/3DTeamAsset/AssetsvilleTown/Textures/Tiled/T_planks_05_DarkRed.uasset" 4011
"C:/Users/minls/AppData/Local/UnrealEngine/Common/DerivedDataCache/Buckets/BulkDataList/7c/b9/46eac6b7b59709db9aadeb556e249f7d76e3.udd" 4012
"E:/Workspace_ISECONVI/ISECONVI/Content/3DTeamAsset/AssetsvilleTown/Textures/Base/T_roadSet.uasset" 4013
"C:/Users/minls/AppData/Local/UnrealEngine/Common/DerivedDataCache/Buckets/BulkDataList/c3/54/c693d331663d1b8a180e987d70532f21138c.udd" 4014
"E:/Workspace_ISECONVI/ISECONVI/Content/3DTeamAsset/AssetsvilleTown/Textures/Base/T_colorPalette2048.uasset" 4015
"C:/Users/minls/AppData/Local/UnrealEngine/Common/DerivedDataCache/Buckets/BulkDataList/99/32/c1d2faf52ab1f5c5faa7596e12d4dc65fe7a.udd" 4016
"E:/Workspace_ISECONVI/ISECONVI/Content/3DTeamAsset/AssetsvilleTown/Textures/Base/T_colorPalette_METAL.uasset" 4017
"C:/Users/minls/AppData/Local/UnrealEngine/Common/DerivedDataCache/Buckets/BulkDataList/2c/4c/5bf528d91e0354ea6ffb3393009951832cf1.udd" 4018
"E:/Workspace_ISECONVI/ISECONVI/Content/3DTeamAsset/Environment_DreamscapeSeries/DreamscapeTower/Textures/Foliage/T_GrassAtlas_C.uasset" 4019
"C:/Users/minls/AppData/Local/UnrealEngine/Common/DerivedDataCache/Buckets/BulkDataList/26/78/1bb81c17a48c6f00499c29947e5394689fec.udd" 4020
"E:/Workspace_ISECONVI/ISECONVI/Content/3DTeamAsset/Environment_DreamscapeSeries/SharedResources/Textures/Utility/T_Noise_Clouds_01.uasset" 4021
"C:/Users/minls/AppData/Local/UnrealEngine/Common/DerivedDataCache/Buckets/BulkDataList/95/50/993192ef0b8d3b698733a9226d45a01967bc.udd" 4022
"E:/Workspace_ISECONVI/ISECONVI/Content/3DTeamAsset/Environment_DreamscapeSeries/DreamscapeTower/Textures/Trees/Billboards/T_Tree_A_01_BB_C.uasset" 4023
"C:/Users/minls/AppData/Local/UnrealEngine/Common/DerivedDataCache/Buckets/BulkDataList/41/37/3f9e50275ba1e9b06dc0e7810ff34ce28059.udd" 4024
"E:/Workspace_ISECONVI/ISECONVI/Content/3DTeamAsset/Environment_DreamscapeSeries/DreamscapeTower/Textures/Trees/T_Bark_Autumn_01_C.uasset" 4025
"C:/Users/minls/AppData/Local/UnrealEngine/Common/DerivedDataCache/Buckets/BulkDataList/36/af/0a15737f6346bb00ab70d6d2b613ebd9f470.udd" 4026
"E:/Workspace_ISECONVI/ISECONVI/Content/3DTeamAsset/Environment_DreamscapeSeries/DreamscapeTower/Textures/Trees/T_Bark_Autumn_01_N.uasset" 4027
"E:/Workspace_ISECONVI/ISECONVI/Content/3DTeamAsset/Environment_DreamscapeSeries/DreamscapeTower/Textures/Trees/T_Bark_Autumn_01_ORM.uasset" 4028
"C:/Users/minls/AppData/Local/UnrealEngine/Common/DerivedDataCache/Buckets/LegacyTEXTURE/aa/42/6a73fab4740e158694e619a42116504a9ca9.udd" 4029
"C:/Users/minls/AppData/Local/UnrealEngine/Common/DerivedDataCache/Buckets/LegacyTEXTURE/c0/1e/ddd561ab29e556e37456afa18a75da75b2a1.udd" 4030
"C:/Users/minls/AppData/Local/UnrealEngine/Common/DerivedDataCache/Buckets/LegacyTEXTURE/50/fc/66e67fd7c6adcad1813551673427eef7121d.udd" 4031
"C:/Users/minls/AppData/Local/UnrealEngine/Common/DerivedDataCache/Buckets/LegacyTEXTURE/81/99/e60c7d07b743cae86cd57d6d3232312bb4e4.udd" 4032
"C:/Users/minls/AppData/Local/UnrealEngine/Common/DerivedDataCache/Buckets/LegacyTEXTURE/24/55/b2436a7a38f6e7e19a89acff41a18d78b68d.udd" 4033
"C:/Users/minls/AppData/Local/UnrealEngine/Common/DerivedDataCache/Buckets/LegacyTEXTURE/34/32/fa1525158d64c82d19a0196267bbfae09782.udd" 4034
"C:/Users/minls/AppData/Local/UnrealEngine/Common/DerivedDataCache/Buckets/LegacyTEXTURE/b6/0f/51e61e32a14d9d5587fe0c48aa0381942df4.udd" 4035
"C:/Users/minls/AppData/Local/UnrealEngine/Common/DerivedDataCache/Buckets/LegacyTEXTURE/90/cd/45f2023ce6da0c2ee6ea2f2dfa3fae82db03.udd" 4036
"C:/Users/minls/AppData/Local/UnrealEngine/Common/DerivedDataCache/Buckets/LegacyTEXTURE/1c/1d/7d7ca88404a802f2ee5f62963347f02a1164.udd" 4037
"E:/Workspace_ISECONVI/ISECONVI/Content/3DTeamAsset/Environment_DreamscapeSeries/DreamscapeTower/Textures/Trees/T_Leaves_Round_01_C.uasset" 4038
"C:/Users/minls/AppData/Local/UnrealEngine/Common/DerivedDataCache/Buckets/LegacyTEXTURE/c7/b3/9ff4bafb50c6d0c0760d5fc89606b4a3ea6d.udd" 4039
"C:/Users/minls/AppData/Local/UnrealEngine/Common/DerivedDataCache/Buckets/LegacyTEXTURE/e1/1a/61cc0877f71e09ebb00a7c0cc0875b04b820.udd" 4040
"C:/Users/minls/AppData/Local/UnrealEngine/Common/DerivedDataCache/Buckets/LegacyTEXTURE/bb/c5/e7a2504737e0569e9b1ed0946d95684793d7.udd" 4041
"C:/Users/minls/AppData/Local/UnrealEngine/Common/DerivedDataCache/Buckets/LegacyTEXTURE/59/87/b3412f23e59278b25e77611d4466e18654aa.udd" 4042
"C:/Users/minls/AppData/Local/UnrealEngine/Common/DerivedDataCache/Buckets/LegacyTEXTURE/9a/b4/d2b3f232da85d25720b4bb212479bebbb378.udd" 4043
"C:/Users/minls/AppData/Local/UnrealEngine/Common/DerivedDataCache/Buckets/LegacyTEXTURE/bc/5b/a6ca9126c39436136a1ec874d8fd6ab28776.udd" 4044
"C:/Users/minls/AppData/Local/UnrealEngine/Common/DerivedDataCache/Buckets/LegacyTEXTURE/e6/32/401b084a484f2e4dfe6d256b58e5ca85d835.udd" 4045
"C:/Users/minls/AppData/Local/UnrealEngine/Common/DerivedDataCache/Buckets/LegacyTEXTURE/9c/b7/2a19e2830b4bd0d9b3d11ad264c6eb32b43a.udd" 4046
"C:/Users/minls/AppData/Local/UnrealEngine/Common/DerivedDataCache/Buckets/LegacyTEXTURE/84/68/7090f0f6bd557ae3b75a871dfbe5bfd9666c.udd" 4047
"C:/Users/minls/AppData/Local/UnrealEngine/Common/DerivedDataCache/Content/b2/0c/ca699ea4e5b617426e60bd521b7989950799.udd" 4048
"E:/Workspace_ISECONVI/ISECONVI/Content/DreamscapeSeries/SharedResources/Textures/Utility/T_WhiteLinear.uasset" 4049
"C:/Users/minls/AppData/Local/UnrealEngine/Common/DerivedDataCache/Buckets/LegacyTEXTURE/5d/2b/318ba59f27b4a28e2c43d9438e0f1fbce4ae.udd" 4050
"C:/Users/minls/AppData/Local/UnrealEngine/Common/DerivedDataCache/Buckets/LegacyTEXTURE/01/f0/665753f281d9701c788648d9c41ff7721654.udd" 4051
"C:/Users/minls/AppData/Local/UnrealEngine/Common/DerivedDataCache/Content/43/bd/0cfb89d44ea5253bec0259952ecbb2edaf0a.udd" 4052
"C:/Users/minls/AppData/Local/UnrealEngine/Common/DerivedDataCache/Buckets/LegacyTEXTURE/2d/46/f14fa593720625fa1f7f484dec463932e0e8.udd" 4053
"C:/Users/minls/AppData/Local/UnrealEngine/Common/DerivedDataCache/Content/c7/28/90a795fb032ea6ead8321abed6621c3b265e.udd" 4054
"C:/Users/minls/AppData/Local/UnrealEngine/Common/DerivedDataCache/Content/f7/69/665640e1937b7343ba7387cd13422e7f687c.udd" 4055
"C:/Users/minls/AppData/Local/UnrealEngine/Common/DerivedDataCache/Content/9f/1a/deeb5795a63df350bea91944a2b8211e2c51.udd" 4056
"C:/Users/minls/AppData/Local/UnrealEngine/Common/DerivedDataCache/Buckets/LegacyTEXTURE/06/35/f085863687342b5cd6a84d36bafe31f7e184.udd" 4057
"C:/Users/minls/AppData/Local/UnrealEngine/Common/DerivedDataCache/Buckets/LegacyTEXTURE/6a/bb/2efbae737a9e0b84c88c599d0da5a0d2c850.udd" 4058
"C:/Users/minls/AppData/Local/UnrealEngine/Common/DerivedDataCache/Buckets/LegacyTEXTURE/14/07/ce1d94f1e5ecebf59830af90d3b41d61d1fc.udd" 4059
"C:/Users/minls/AppData/Local/UnrealEngine/Common/DerivedDataCache/Buckets/LegacyTEXTURE/6e/7e/7d4d3d2602d3d3541ffcb2b174fae72edbf6.udd" 4060
"C:/Users/minls/AppData/Local/UnrealEngine/Common/DerivedDataCache/Buckets/LegacyTEXTURE/ce/5e/f3bca637e0e78a9180d3dd295157f5f999f7.udd" 4061
"C:/Users/minls/AppData/Local/UnrealEngine/Common/DerivedDataCache/Buckets/LegacyTEXTURE/dd/89/43665e2ddc86eeee4b8fd4e98d1bef1ddb7c.udd" 4062
"C:/Users/minls/AppData/Local/UnrealEngine/Common/DerivedDataCache/Buckets/LegacyTEXTURE/09/7b/d525d6c62f689467765d4a1cc326be3e7edd.udd" 4063
"C:/Users/minls/AppData/Local/UnrealEngine/Common/DerivedDataCache/Buckets/LegacyTEXTURE/fa/14/e36fa2f3ff7a3b0f25ff9046c0c2ea61479d.udd" 4064
"E:/Workspace_ISECONVI/ISECONVI/Content/3DTeamAsset/Environment_DreamscapeSeries/DreamscapeTower/Textures/Trees/Billboards/T_Tree_A_03_BB_C.uasset" 4065
"C:/Users/minls/AppData/Local/UnrealEngine/Common/DerivedDataCache/Buckets/LegacyTEXTURE/32/b4/25efe395db9f2d6508d7eaa392045bdda5cf.udd" 4066
"C:/Users/minls/AppData/Local/UnrealEngine/Common/DerivedDataCache/Buckets/LegacyTEXTURE/2f/b0/16178cd50c54d38e5eec054ae22c556d7518.udd" 4067
"C:/Users/minls/AppData/Local/UnrealEngine/Common/DerivedDataCache/Buckets/LegacyTEXTURE/17/62/95edb1688d55d6ff8c4cb9bcb52b9ee23120.udd" 4068
"C:/Users/minls/AppData/Local/UnrealEngine/Common/DerivedDataCache/Buckets/LegacyTEXTURE/38/51/adbb78b0eb6bb5b2a5a6915311cdedd32dcc.udd" 4069
"C:/Users/minls/AppData/Local/UnrealEngine/Common/DerivedDataCache/Buckets/LegacyTEXTURE/23/ec/bf141c93ed5844c872897dc23bfd1cc6189a.udd" 4070
"C:/Users/minls/AppData/Local/UnrealEngine/Common/DerivedDataCache/Buckets/LegacyTEXTURE/d1/28/6e33c79ce0aaa81b5290f5e0c52a1ca46324.udd" 4071
"C:/Users/minls/AppData/Local/UnrealEngine/Common/DerivedDataCache/Buckets/LegacyTEXTURE/58/8d/08dcd6de5360adf627fb7c8aa261c0e32113.udd" 4072
"C:/Users/minls/AppData/Local/UnrealEngine/Common/DerivedDataCache/Buckets/LegacyTEXTURE/9d/ac/aba6a4f6dd92ade11048a7c857601ac5d6dc.udd" 4073
"C:/Users/minls/AppData/Local/UnrealEngine/Common/DerivedDataCache/Buckets/LegacyTEXTURE/0a/58/9d3c0e4c6eba0d8a3a0ac1238d5ce2cdb308.udd" 4074
"C:/Users/minls/AppData/Local/UnrealEngine/Common/DerivedDataCache/Buckets/LegacyTEXTURE/44/cf/1d1169d47aaff3427ede1c63446f7bf1759b.udd" 4075
"C:/Users/minls/AppData/Local/UnrealEngine/Common/DerivedDataCache/Buckets/LegacyTEXTURE/ea/b7/73665eae5300883ae3ca55b9b51363a7b323.udd" 4076
"C:/Users/minls/AppData/Local/UnrealEngine/Common/DerivedDataCache/Buckets/LegacyTEXTURE/5d/c3/be40afa8a1963d26e59c5d272acd4249c416.udd" 4077
"C:/Users/minls/AppData/Local/UnrealEngine/Common/DerivedDataCache/Content/70/16/14ccbe836c71cf2c47ee76424df2bfdaea7a.udd" 4078
"C:/Users/minls/AppData/Local/UnrealEngine/Common/DerivedDataCache/Buckets/LegacyTEXTURE/6f/a7/3e9668f49db432ad9086a7bfe8ea139aeafe.udd" 4079
"C:/Users/minls/AppData/Local/UnrealEngine/Common/DerivedDataCache/Content/4b/84/429b317a4eaa9d1539dc99406a6f41aec52a.udd" 4080
"C:/Users/minls/AppData/Local/UnrealEngine/Common/DerivedDataCache/Buckets/LegacyTEXTURE/d4/fd/bfe5dcb2a8a9917879264363e7b6b6257b56.udd" 4081
"E:/Workspace_ISECONVI/ISECONVI/Content/3DTeamAsset/Environment_DreamscapeSeries/DreamscapeTower/Textures/Trees/Billboards/T_Tree_B_02_BB_C.uasset" 4082
"C:/Users/minls/AppData/Local/UnrealEngine/Common/DerivedDataCache/Buckets/LegacyTEXTURE/a9/bf/fbbf7ecc19e5f2937f127d381484108efb79.udd" 4083
"C:/Users/minls/AppData/Local/UnrealEngine/Common/DerivedDataCache/Buckets/LegacyTEXTURE/c2/e1/fb5afd6e7fa85569f5ca69eea8adf176fa95.udd" 4084
"C:/Users/minls/AppData/Local/UnrealEngine/Common/DerivedDataCache/Buckets/LegacyTEXTURE/e9/45/01a6c91aaf4ad95236933ab207942da027b0.udd" 4085
"C:/Users/minls/AppData/Local/UnrealEngine/Common/DerivedDataCache/Buckets/LegacyTEXTURE/13/03/26d8b44985809737db46de2c2250e8f0c88b.udd" 4086
"C:/Users/minls/AppData/Local/UnrealEngine/Common/DerivedDataCache/Buckets/LegacyTEXTURE/e0/d3/bb3a99f2bf8d07ff544e28b9c74d047fdddd.udd" 4087
"C:/Users/minls/AppData/Local/UnrealEngine/Common/DerivedDataCache/Content/c9/18/9b3b79149bde9ccc04577537760dfc5640d5.udd" 4088
"C:/Users/minls/AppData/Local/UnrealEngine/Common/DerivedDataCache/Content/a8/58/495b2e6974cd42a8643f710d25359bddba9c.udd" 4089
"C:/Users/minls/AppData/Local/UnrealEngine/Common/DerivedDataCache/Buckets/LegacyTEXTURE/91/97/b6c11ad507ec3c3c709936b4b7cdc4d74a39.udd" 4090
"C:/Users/minls/AppData/Local/UnrealEngine/Common/DerivedDataCache/Buckets/LegacyTEXTURE/cd/49/f177ca360e81374d12719a79a8e6738a4845.udd" 4091
"C:/Users/minls/AppData/Local/UnrealEngine/Common/DerivedDataCache/Buckets/LegacyTEXTURE/ad/06/742f92c3f18d31aec25f72c822219d8082db.udd" 4092
"C:/Users/minls/AppData/Local/UnrealEngine/Common/DerivedDataCache/Buckets/LegacyTEXTURE/0a/3c/ce23c30ce2b57c13c0b5d176c199d38cd5fa.udd" 4093
"C:/Users/minls/AppData/Local/UnrealEngine/Common/DerivedDataCache/Buckets/LegacyTEXTURE/de/e4/92d9be23efa8f122df2a202fd0bb6b4b95fc.udd" 4094
"C:/Users/minls/AppData/Local/UnrealEngine/Common/DerivedDataCache/Buckets/LegacyTEXTURE/66/a3/86d785198984b8654bb88c47c09de09773f2.udd" 4095
"E:/Workspace_ISECONVI/ISECONVI/Content/3DTeamAsset/Environment_DreamscapeSeries/DreamscapeTower/Textures/Trees/Billboards/T_Tree_C_01_BB_C.uasset" 4096
"C:/Users/minls/AppData/Local/UnrealEngine/Common/DerivedDataCache/Buckets/LegacyTEXTURE/b1/a8/e07cc5d27263ba3929941ed983151b710ea1.udd" 4097
"C:/Users/minls/AppData/Local/UnrealEngine/Common/DerivedDataCache/Buckets/LegacyTEXTURE/8f/18/44ead146fff37f42712b8307ab90e2549c89.udd" 4098
"C:/Users/minls/AppData/Local/UnrealEngine/Common/DerivedDataCache/Buckets/LegacyTEXTURE/74/21/c8979f12ccbec8176c1f7c2410b811c60414.udd" 4099
"C:/Users/minls/AppData/Local/UnrealEngine/Common/DerivedDataCache/Buckets/LegacyTEXTURE/e9/fe/284ba0d4d1e484cfecfa0b6c7c89ba4ddd9e.udd" 4100
"C:/Users/minls/AppData/Local/UnrealEngine/Common/DerivedDataCache/Buckets/LegacyTEXTURE/f0/ee/248f82bb8a5aa0ea989cafca3105051ffbfb.udd" 4101
"C:/Users/minls/AppData/Local/UnrealEngine/Common/DerivedDataCache/Buckets/LegacyTEXTURE/32/ee/a52cbeaeee36fa130b390591b7875158d001.udd" 4102
"C:/Users/minls/AppData/Local/UnrealEngine/Common/DerivedDataCache/Buckets/LegacyTEXTURE/b8/16/6978204626102a7a10f9717933728a8c7d41.udd" 4103
"C:/Users/minls/AppData/Local/UnrealEngine/Common/DerivedDataCache/Content/a2/2e/df90ebbd3ef844077e6ed304f7345707983a.udd" 4104
"C:/Users/minls/AppData/Local/UnrealEngine/Common/DerivedDataCache/Buckets/LegacyTEXTURE/28/ee/0d1239d397d390a86928a7f775906a092601.udd" 4105
"C:/Users/minls/AppData/Local/UnrealEngine/Common/DerivedDataCache/Buckets/LegacyTEXTURE/bb/7b/a16f52850a3b8e629d908b7f7bc3ce98194b.udd" 4106
"C:/Users/minls/AppData/Local/UnrealEngine/Common/DerivedDataCache/Buckets/LegacyTEXTURE/f8/6d/33825dc29d97d40c802cc13caa66506657ac.udd" 4107
"E:/Workspace_ISECONVI/ISECONVI/Content/3DTeamAsset/Environment_DreamscapeSeries/DreamscapeTower/Textures/Trees/Billboards/T_Tree_C_02_BB_C.uasset" 4108
"C:/Users/minls/AppData/Local/UnrealEngine/Common/DerivedDataCache/Buckets/LegacyTEXTURE/15/22/8385abce26fb4f87c6a30299114650d45702.udd" 4109
"C:/Users/minls/AppData/Local/UnrealEngine/Common/DerivedDataCache/Buckets/LegacyTEXTURE/14/b6/bc73f59b4be38f302e8246054542c2e19045.udd" 4110
"C:/Users/minls/AppData/Local/UnrealEngine/Common/DerivedDataCache/Buckets/LegacyTEXTURE/dd/ed/f1eaf6db607a32952e1ac316654b052cbf90.udd" 4111
"C:/Users/minls/AppData/Local/UnrealEngine/Common/DerivedDataCache/Buckets/BulkDataList/27/3b/c0b973414283a925cacb9622463be8937097.udd" 4112
"C:/Users/minls/AppData/Local/UnrealEngine/Common/DerivedDataCache/Buckets/LegacyTEXTURE/c9/a9/507f7a0ae74c5c680479ba612d7953501476.udd" 4113
"C:/Users/minls/AppData/Local/UnrealEngine/Common/DerivedDataCache/Buckets/LegacyTEXTURE/f8/05/24422fe750263bc10276eed338cfb4396410.udd" 4114
"E:/Workspace_ISECONVI/ISECONVI/Content/3DTeamAsset/Environment_DreamscapeSeries/DreamscapeTower/Textures/Trees/Billboards/T_Tree_F_02_BB_C.uasset" 4115
"C:/Users/minls/AppData/Local/UnrealEngine/Common/DerivedDataCache/Buckets/LegacyTEXTURE/50/16/9f75a42194be9a82e086ee97dc8456a866a6.udd" 4116
"C:/Users/minls/AppData/Local/UnrealEngine/Common/DerivedDataCache/Buckets/LegacyTEXTURE/cc/43/507f4ac61a3d71a6acf46f376693d3ba3a4f.udd" 4117
"C:/Users/minls/AppData/Local/UnrealEngine/Common/DerivedDataCache/Content/c7/19/3f0c2b853d1c54ef5843357a9d2039b5f050.udd" 4118
"C:/Users/minls/AppData/Local/UnrealEngine/Common/DerivedDataCache/Buckets/BulkDataList/83/0a/866e00790c2918358e980ca8f3b3b4a5e7f1.udd" 4119
"C:/Users/minls/AppData/Local/UnrealEngine/Common/DerivedDataCache/Buckets/LegacyTEXTURE/1c/2e/a72eac9960e1317db1ebde57494a31a5346c.udd" 4120
"E:/Workspace_ISECONVI/ISECONVI/Content/3DTeamAsset/Fantastic_Village_Pack/textures/T_ENV_TERRAIN_gravel_BC.uasset" 4121
"C:/Users/minls/AppData/Local/UnrealEngine/Common/DerivedDataCache/Buckets/LegacyTEXTURE/c9/41/03f178aa2308182ceda2a03077172d58fdc6.udd" 4122
"C:/Users/minls/AppData/Local/UnrealEngine/Common/DerivedDataCache/Buckets/LegacyTEXTURE/63/8f/0d80cf9535c405d1c0336fcf384ad25a6299.udd" 4123
"C:/Users/minls/AppData/Local/UnrealEngine/Common/DerivedDataCache/Buckets/LegacyTEXTURE/7e/20/fa49792162c163a8807632cb1453c1bd8dea.udd" 4124
"C:/Users/minls/AppData/Local/UnrealEngine/Common/DerivedDataCache/Buckets/BulkDataList/99/e2/58bdf537c30e1e7c176cfdd94c4655afc4c2.udd" 4125
"E:/Workspace_ISECONVI/ISECONVI/Content/3DTeamAsset/Fantastic_Village_Pack/textures/T_ENV_TERRAIN_gravel_N.uasset" 4126
"C:/Users/minls/AppData/Local/UnrealEngine/Common/DerivedDataCache/Buckets/LegacyTEXTURE/e8/96/8a9a5ed131856e1b93b50d830d8c2b51a4a6.udd" 4127
"C:/Users/minls/AppData/Local/UnrealEngine/Common/DerivedDataCache/Buckets/BulkDataList/27/a5/a0e2ff0676023d6b58a122c6f4d50af23724.udd" 4128
"E:/Workspace_ISECONVI/ISECONVI/Content/3DTeamAsset/Fantastic_Village_Pack/textures/T_rooftiles_01_BC.uasset" 4129
"C:/Users/minls/AppData/Local/UnrealEngine/Common/DerivedDataCache/Buckets/BulkDataList/b4/7e/6488bf9c815057286a684ba668749fbc425e.udd" 4130
"C:/Users/minls/AppData/Local/UnrealEngine/Common/DerivedDataCache/Buckets/LegacyTEXTURE/e1/2e/1ebb3efaaf51c597171b8f81721752da6e3b.udd" 4131
"E:/Workspace_ISECONVI/ISECONVI/Content/3DTeamAsset/Fantastic_Village_Pack/textures/T_rooftiles_01_N.uasset" 4132
"C:/Users/minls/AppData/Local/UnrealEngine/Common/DerivedDataCache/Buckets/LegacyTEXTURE/18/5b/9f3ffa124bc7265b9bf446ac08a85ae6fe80.udd" 4133
"C:/Users/minls/AppData/Local/UnrealEngine/Common/DerivedDataCache/Buckets/BulkDataList/bd/ce/48a02fdc94d1a61af92c58cdef5089ee92f0.udd" 4134
"E:/Workspace_ISECONVI/ISECONVI/Content/3DTeamAsset/Fantastic_Village_Pack/textures/T_wall_02_BC.uasset" 4135
"C:/Users/minls/AppData/Local/UnrealEngine/Common/DerivedDataCache/Buckets/BulkDataList/ab/dd/6f69fb5f168ac2dbcde651a5c4f348dbd8bb.udd" 4136
"E:/Workspace_ISECONVI/ISECONVI/Content/3DTeamAsset/Fantastic_Village_Pack/textures/T_wall_02_N.uasset" 4137
"C:/Users/minls/AppData/Local/UnrealEngine/Common/DerivedDataCache/Buckets/BulkDataList/ba/80/753c6907f131943c465d24beb21fa2c43371.udd" 4138
"E:/Workspace_ISECONVI/ISECONVI/Content/3DTeamAsset/Fantastic_Village_Pack/textures/T_wood_05_BC.uasset" 4139
"C:/Users/minls/AppData/Local/UnrealEngine/Common/DerivedDataCache/Buckets/BulkDataList/b0/23/82f0e9edc1d06cbef2d0e64e94be9e08650d.udd" 4140
"E:/Workspace_ISECONVI/ISECONVI/Content/3DTeamAsset/Fantastic_Village_Pack/textures/T_wood_05_N.uasset" 4141
"C:/Users/minls/AppData/Local/UnrealEngine/Common/DerivedDataCache/Buckets/BulkDataList/59/00/f68d581495665b5f068882a3a83ca84f3bcf.udd" 4142
"E:/Workspace_ISECONVI/ISECONVI/Content/3DTeamAsset/Fantastic_Village_Pack/textures/T_stonebrick_01_N.uasset" 4143
"C:/Users/minls/AppData/Local/UnrealEngine/Common/DerivedDataCache/Buckets/BulkDataList/4a/68/dbcf755033c110fd72a2ed6e09fee81b6bd3.udd" 4144
"C:/Users/minls/AppData/Local/UnrealEngine/Common/DerivedDataCache/Buckets/MaterialShaderMap/d0/91/64176d995c0f5c8f7b7a826702c3e800460f.udd" 4145
"C:/Users/minls/AppData/Local/UnrealEngine/Common/DerivedDataCache/Buckets/MaterialShaderMap/95/02/b3512ac6fe76bcbe0f0ffe93d7f441d4ef5d.udd" 4146
"C:/Users/minls/AppData/Local/UnrealEngine/Common/DerivedDataCache/Buckets/MaterialShaderMap/29/ba/9f3682828c6f0f92ef4a4a392f992081d439.udd" 4147
"C:/Users/minls/AppData/Local/UnrealEngine/Common/DerivedDataCache/Buckets/LegacyTEXTURE/84/06/95f0a2bbd5d3d452ff7c3a66db1734c284d1.udd" 4148
"C:/Users/minls/AppData/Local/UnrealEngine/Common/DerivedDataCache/Buckets/LegacyTEXTURE/d6/8e/0f4adf9386048886c1462ba43e3a1ed19116.udd" 4149
"C:/Users/minls/AppData/Local/UnrealEngine/Common/DerivedDataCache/Buckets/LegacyTEXTURE/24/07/903707abb2a9a6a16ab44980e95bfb77eaef.udd" 4150
"C:/Users/minls/AppData/Local/UnrealEngine/Common/DerivedDataCache/Buckets/LegacyTEXTURE/59/cf/0f1aa5fb2bc30ec1b41eb9befe826b13698f.udd" 4151
"C:/Users/minls/AppData/Local/UnrealEngine/Common/DerivedDataCache/Buckets/LegacyTEXTURE/e5/b9/e1b846f01a79885c1545e7275e051a8c57df.udd" 4152
"C:/Users/minls/AppData/Local/UnrealEngine/Common/DerivedDataCache/Buckets/LegacyTEXTURE/18/97/7a7ab6ad3f1969cf4bb5917a235c664263eb.udd" 4153
"C:/Users/minls/AppData/Local/UnrealEngine/Common/DerivedDataCache/Buckets/LegacyTEXTURE/86/55/edb06b0087891675cc322ad234439525ddd7.udd" 4154
"C:/Users/minls/AppData/Local/UnrealEngine/Common/DerivedDataCache/Buckets/LegacyTEXTURE/63/ed/add29d79b31c2f9f67cb64b3df82f36d5e28.udd" 4155
"C:/Users/minls/AppData/Local/UnrealEngine/Common/DerivedDataCache/Buckets/LegacyTEXTURE/2b/92/80b1a8e4a2a5d35a8cf5e97bce8a9b2bdaf6.udd" 4156
"C:/Users/minls/AppData/Local/UnrealEngine/Common/DerivedDataCache/Buckets/LegacyTEXTURE/22/3b/e3d595d9714b639c87f55901af17da0d2a60.udd" 4157
"C:/Users/minls/AppData/Local/UnrealEngine/Common/DerivedDataCache/Buckets/LegacyTEXTURE/e1/9a/3a6df464c4b7b57f553f809ff7ea0fb39248.udd" 4158
"C:/Users/minls/AppData/Local/UnrealEngine/Common/DerivedDataCache/Buckets/LegacyTEXTURE/f8/1a/0128900eb776f657bb0807a0d8cbcfd07a26.udd" 4159
"E:/Workspace_ISECONVI/ISECONVI/Content/3DTeamAsset/Fantastic_Village_Pack/textures/T_stonebrick_02_BC.uasset" 4160
"C:/Users/minls/AppData/Local/UnrealEngine/Common/DerivedDataCache/Buckets/LegacyTEXTURE/76/47/80fec2cd1d15e9d12bd3a7b5d3fcc15c48fc.udd" 4161
"C:/Users/minls/AppData/Local/UnrealEngine/Common/DerivedDataCache/Buckets/LegacyTEXTURE/85/5b/6dd451facd2e4d36bbf01dae149ddcedde6d.udd" 4162
"C:/Users/minls/AppData/Local/UnrealEngine/Common/DerivedDataCache/Buckets/LegacyTEXTURE/93/8b/8a48d55ba581f9e1dc8d48fbd5a4e6593ee7.udd" 4163
"C:/Users/minls/AppData/Local/UnrealEngine/Common/DerivedDataCache/Buckets/LegacyTEXTURE/a9/ff/6c208dbcd121015e4a3da195626c13f9463a.udd" 4164
"C:/Users/minls/AppData/Local/UnrealEngine/Common/DerivedDataCache/Buckets/LegacyTEXTURE/45/71/15be8a2e22bcfa251e4eef7441e27edc4db3.udd" 4165
"C:/Users/minls/AppData/Local/UnrealEngine/Common/DerivedDataCache/Buckets/LegacyTEXTURE/de/40/89dbca271c18561b05af68b65a779bfff83b.udd" 4166
"C:/Users/minls/AppData/Local/UnrealEngine/Common/DerivedDataCache/Buckets/BulkDataList/a5/31/c95a97a40c7e526d1c94feaa9a46f2104591.udd" 4167
"C:/Users/minls/AppData/Local/UnrealEngine/Common/DerivedDataCache/Buckets/LegacyTEXTURE/66/ab/d19d96fdcd4c6a8b9a927f29d50a1afc3d0e.udd" 4168
"C:/Users/minls/AppData/Local/UnrealEngine/Common/DerivedDataCache/Buckets/LegacyTEXTURE/de/a5/b27c89738a0b0bc6c7e6d12b6580fdc59524.udd" 4169
"C:/Users/minls/AppData/Local/UnrealEngine/Common/DerivedDataCache/Buckets/LegacyTEXTURE/c0/0c/2d71253acfab2095384f343e698f359d17f7.udd" 4170
"C:/Users/minls/AppData/Local/UnrealEngine/Common/DerivedDataCache/Buckets/LegacyTEXTURE/1b/71/190253fae7e8c739c0a5f8396f13c263d01c.udd" 4171
"C:/Users/minls/AppData/Local/UnrealEngine/Common/DerivedDataCache/Buckets/LegacyTEXTURE/ca/d9/390a7ced32095645abb0950f3affa5444009.udd" 4172
"C:/Users/minls/AppData/Local/UnrealEngine/Common/DerivedDataCache/Buckets/LegacyTEXTURE/8e/b9/a1e97b859144bb656261fd460eb93b10568a.udd" 4173
"C:/Users/minls/AppData/Local/UnrealEngine/Common/DerivedDataCache/Buckets/LegacyTEXTURE/92/af/a0e3ea303d56df769579b58940111d3655be.udd" 4174
"E:/Workspace_ISECONVI/ISECONVI/Content/3DTeamAsset/Fantastic_Village_Pack/textures/T_wood_planks_05_BC.uasset" 4175
"C:/Users/minls/AppData/Local/UnrealEngine/Common/DerivedDataCache/Buckets/LegacyTEXTURE/48/17/3642275a1895f00510a3591efdcbd229ae7f.udd" 4176
"C:/Users/minls/AppData/Local/UnrealEngine/Common/DerivedDataCache/Buckets/LegacyTEXTURE/99/e9/cb6b29b9cf3780089978c7ed21d8de477fb3.udd" 4177
"C:/Users/minls/AppData/Local/UnrealEngine/Common/DerivedDataCache/Buckets/LegacyTEXTURE/e7/c7/e9bfbfe3a73464163a514f0d14f751d4c54b.udd" 4178
"C:/Users/minls/AppData/Local/UnrealEngine/Common/DerivedDataCache/Buckets/BulkDataList/c4/bd/c4632ae0cfff47624391c8759fb32a97495c.udd" 4179
"C:/Users/minls/AppData/Local/UnrealEngine/Common/DerivedDataCache/Buckets/LegacyTEXTURE/61/87/2266611116f951f8b85ad7a8f206dc978b0f.udd" 4180
"C:/Users/minls/AppData/Local/UnrealEngine/Common/DerivedDataCache/Buckets/LegacyTEXTURE/24/e1/2a6ccb101e51ec15ec56441d20990d6212e2.udd" 4181
"C:/Users/minls/AppData/Local/UnrealEngine/Common/DerivedDataCache/Buckets/LegacyTEXTURE/87/a2/f9972d4061ef7a70bcf85046293d98eeb0d2.udd" 4182
"C:/Users/minls/AppData/Local/UnrealEngine/Common/DerivedDataCache/Buckets/LegacyTEXTURE/89/9c/32472c4515c4ec0e6d980b4fc27c89b4d633.udd" 4183
"C:/Users/minls/AppData/Local/UnrealEngine/Common/DerivedDataCache/Buckets/LegacyTEXTURE/10/a9/6f562e9086505abbbf41fa1b472d1673cd64.udd" 4184
"C:/Users/minls/AppData/Local/UnrealEngine/Common/DerivedDataCache/Buckets/LegacyTEXTURE/32/42/e5caa911d4a151982686f2ad95d6933f3c96.udd" 4185
"C:/Users/minls/AppData/Local/UnrealEngine/Common/DerivedDataCache/Buckets/LegacyTEXTURE/95/df/5da8b2b3e9b78757f046e42d009747d5637a.udd" 4186
"C:/Users/minls/AppData/Local/UnrealEngine/Common/DerivedDataCache/Buckets/LegacyTEXTURE/5a/12/654525127982173e944968b7b912dce861ed.udd" 4187
"E:/Workspace_ISECONVI/ISECONVI/Content/3DTeamAsset/Fantastic_Village_Pack/textures/T_wood_planks_05_N.uasset" 4188
"C:/Users/minls/AppData/Local/UnrealEngine/Common/DerivedDataCache/Buckets/LegacyTEXTURE/d6/c7/c9df26fe0937ae152582702b1ac14bdca9b3.udd" 4189
"C:/Users/minls/AppData/Local/UnrealEngine/Common/DerivedDataCache/Buckets/LegacyTEXTURE/20/65/92851b6cb364490e73fcc355a59b4b19f9e4.udd" 4190
"C:/Users/minls/AppData/Local/UnrealEngine/Common/DerivedDataCache/Buckets/LegacyTEXTURE/b8/9a/c2e9b4379a9a8c1352d1336845dd973f5941.udd" 4191
"C:/Users/minls/AppData/Local/UnrealEngine/Common/DerivedDataCache/Buckets/BulkDataList/a3/6e/828bf40c76e5c163608660ff5b24a25e2aee.udd" 4192
"C:/Users/minls/AppData/Local/UnrealEngine/Common/DerivedDataCache/Buckets/LegacyTEXTURE/2c/4e/c98e32ce55d17736ae6742cb0cb061005cc0.udd" 4193
"C:/Users/minls/AppData/Local/UnrealEngine/Common/DerivedDataCache/Buckets/LegacyTEXTURE/f5/60/e7a427856dfbf765a5aa43bfcecb13ef6d6d.udd" 4194
"E:/Workspace_ISECONVI/ISECONVI/Content/3DTeamAsset/Fantastic_Village_Pack/textures/T_wood_planks_08_BC.uasset" 4195
"C:/Users/minls/AppData/Local/UnrealEngine/Common/DerivedDataCache/Buckets/LegacyTEXTURE/cb/44/f64e5efb00c162eb32e8dd853812ce2d0ab3.udd" 4196
"C:/Users/minls/AppData/Local/UnrealEngine/Common/DerivedDataCache/Buckets/LegacyTEXTURE/e8/da/68b9a6ba056e9b970fb83e36a44c67793629.udd" 4197
"C:/Users/minls/AppData/Local/UnrealEngine/Common/DerivedDataCache/Buckets/LegacyTEXTURE/12/e9/ba6bddd1a336f441727dfb69c4218b30b4e1.udd" 4198
"C:/Users/minls/AppData/Local/UnrealEngine/Common/DerivedDataCache/Buckets/LegacyTEXTURE/8f/b0/7cc964e9d718366a42c996ab75b4c2064774.udd" 4199
"C:/Users/minls/AppData/Local/UnrealEngine/Common/DerivedDataCache/Buckets/BulkDataList/ae/8d/d9cdbd1758a24f09b692d00bbe1b7e2d7d6c.udd" 4200
"C:/Users/minls/AppData/Local/UnrealEngine/Common/DerivedDataCache/Buckets/LegacyTEXTURE/c4/b4/26e4a5ec14a267c761eea0a1c0dac2a97ce6.udd" 4201
"E:/Workspace_ISECONVI/ISECONVI/Content/3DTeamAsset/Fantastic_Village_Pack/textures/T_wood_06_BC.uasset" 4202
"C:/Users/minls/AppData/Local/UnrealEngine/Common/DerivedDataCache/Buckets/LegacyTEXTURE/1b/ac/9bb3a8a73199d110f774277e8905932bb05e.udd" 4203
"C:/Users/minls/AppData/Local/UnrealEngine/Common/DerivedDataCache/Buckets/LegacyTEXTURE/a9/2b/6b995748fb403ba72cfc739fa77922da3a8b.udd" 4204
"C:/Users/minls/AppData/Local/UnrealEngine/Common/DerivedDataCache/Buckets/BulkDataList/1e/84/ee1969187b563d608c559d6287879fccf87a.udd" 4205
"E:/Workspace_ISECONVI/ISECONVI/Content/3DTeamAsset/Fantastic_Village_Pack/textures/T_wood_06_N.uasset" 4206
"C:/Users/minls/AppData/Local/UnrealEngine/Common/DerivedDataCache/Buckets/BulkDataList/e1/0f/64b960f93d7669acf2d8fd64befe25ffafb9.udd" 4207
"C:/Users/minls/AppData/Local/UnrealEngine/Common/DerivedDataCache/Buckets/MaterialShaderMap/11/db/fea7c36ca3e6ad8d02b23fe298b2210fa830.udd" 4208
"E:/Workspace_ISECONVI/ISECONVI/Content/3DTeamAsset/Fantastic_Village_Pack/textures/T_wood_detail_01_BC.uasset" 4209
"C:/Users/minls/AppData/Local/UnrealEngine/Common/DerivedDataCache/Buckets/BulkDataList/b4/74/2d058dd7767a86591daada0bfb067a0545c1.udd" 4210
"E:/Workspace_ISECONVI/ISECONVI/Content/3DTeamAsset/Fantastic_Village_Pack/textures/T_metal_01_N.uasset" 4211
"C:/Users/minls/AppData/Local/UnrealEngine/Common/DerivedDataCache/Buckets/BulkDataList/1e/74/dfa335d1786af90aca9f0ac93a17785c49f5.udd" 4212
"E:/Workspace_ISECONVI/ISECONVI/Content/3DTeamAsset/Fantastic_Village_Pack/textures/T_metal_02_BC.uasset" 4213
"C:/Users/minls/AppData/Local/UnrealEngine/Common/DerivedDataCache/Buckets/BulkDataList/6c/d2/1bde95ec98d13370cc6b8ed99e37675544a8.udd" 4214
"E:/Workspace_ISECONVI/ISECONVI/Content/3DTeamAsset/Fantastic_Village_Pack/textures/T_wood_planks_02_N.uasset" 4215
"C:/Users/minls/AppData/Local/UnrealEngine/Common/DerivedDataCache/Buckets/BulkDataList/9a/15/2f2bc7e151340af76ef65d65ccf1b4c670df.udd" 4216
"E:/Workspace_ISECONVI/ISECONVI/Content/3DTeamAsset/Fantastic_Village_Pack/textures/T_wood_planks_03_BC.uasset" 4217
"C:/Users/minls/AppData/Local/UnrealEngine/Common/DerivedDataCache/Buckets/BulkDataList/c9/2d/9d4ac30733efe74ffce99da611fdd429c9b2.udd" 4218
"E:/Workspace_ISECONVI/ISECONVI/Content/3DTeamAsset/Fantastic_Village_Pack/textures/T_food.uasset" 4219
"C:/Users/minls/AppData/Local/UnrealEngine/Common/DerivedDataCache/Buckets/BulkDataList/2a/8f/c159c235e79beac63474c7ad2f9dd76951bd.udd" 4220
"E:/Workspace_ISECONVI/ISECONVI/Content/3DTeamAsset/Fantastic_Village_Pack/textures/T_wood_planks_01_BC.uasset" 4221
"C:/Users/minls/AppData/Local/UnrealEngine/Common/DerivedDataCache/Buckets/BulkDataList/e8/7e/a16fb2301bc447ddfe604a562177daf83822.udd" 4222
"E:/Workspace_ISECONVI/ISECONVI/Content/3DTeamAsset/Fantastic_Village_Pack/textures/T_wood_planks_01_N.uasset" 4223
"C:/Users/minls/AppData/Local/UnrealEngine/Common/DerivedDataCache/Buckets/BulkDataList/ec/c0/2f286a9caf624a6d41758357252f9df1de18.udd" 4224
"E:/Workspace_ISECONVI/ISECONVI/Content/3DTeamAsset/Fantastic_Village_Pack/textures/T_wood_planks_06_BC.uasset" 4225
"C:/Users/minls/AppData/Local/UnrealEngine/Common/DerivedDataCache/Buckets/BulkDataList/c5/e4/2f2ec720338e916a887a27019d9b5ddf0c03.udd" 4226
"E:/Workspace_ISECONVI/ISECONVI/Content/3DTeamAsset/Fantastic_Village_Pack/textures/T_PROP_signpost.uasset" 4227
"C:/Users/minls/AppData/Local/UnrealEngine/Common/DerivedDataCache/Buckets/BulkDataList/f0/25/a32272525d4b2277c041e9bdae5a6a9aebe9.udd" 4228
"C:/Users/minls/AppData/Local/UnrealEngine/Common/DerivedDataCache/Buckets/LegacyTEXTURE/5a/88/78c7a8ff726892afb13c5061c4ea6dfae9fa.udd" 4229
"C:/Users/minls/AppData/Local/UnrealEngine/Common/DerivedDataCache/Buckets/LegacyTEXTURE/2d/ae/af50c65f2b856890ea06b279d5c276c94657.udd" 4230
"C:/Users/minls/AppData/Local/UnrealEngine/Common/DerivedDataCache/Buckets/LegacyTEXTURE/62/3c/a139c63da3eb3f3e8ef164ea840c11f9b475.udd" 4231
"E:/Workspace_ISECONVI/ISECONVI/Content/3DTeamAsset/Fantastic_Village_Pack/textures/T_rooftiles_03_BC.uasset" 4232
"C:/Users/minls/AppData/Local/UnrealEngine/Common/DerivedDataCache/Buckets/BulkDataList/b0/7f/632e431126e9c8aba1949496ae187d2b3d28.udd" 4233
"C:/Users/minls/AppData/Local/UnrealEngine/Common/DerivedDataCache/Buckets/LegacyTEXTURE/41/58/01972d44e53045821a81ad1bf06536804f2e.udd" 4234
"E:/Workspace_ISECONVI/ISECONVI/Content/3DTeamAsset/Fantastic_Village_Pack/textures/T_rooftiles_03_N.uasset" 4235
"C:/Users/minls/AppData/Local/UnrealEngine/Common/DerivedDataCache/Buckets/LegacyTEXTURE/74/a5/fe9d62e8de3ac382c91ea483fbbfeb0329bd.udd" 4236
"C:/Users/minls/AppData/Local/UnrealEngine/Common/DerivedDataCache/Buckets/BulkDataList/f0/d4/21a88b992fb896799e180f4b9272d1c1e4ec.udd" 4237
"E:/Workspace_ISECONVI/ISECONVI/Content/3DTeamAsset/Fantastic_Village_Pack/textures/T_PROP_wood_log_burn.uasset" 4238
"C:/Users/minls/AppData/Local/UnrealEngine/Common/DerivedDataCache/Buckets/LegacyTEXTURE/e4/c5/300ca1bf18b1dba755350b97250c0d0f8f1a.udd" 4239
"C:/Users/minls/AppData/Local/UnrealEngine/Common/DerivedDataCache/Buckets/LegacyTEXTURE/2d/7e/5a5338f4a225413a027638067a54803c5dc3.udd" 4240
"C:/Users/minls/AppData/Local/UnrealEngine/Common/DerivedDataCache/Buckets/BulkDataList/71/db/73e299a4b5936668f2a90fdab895360735f6.udd" 4241
"C:/Users/minls/AppData/Local/UnrealEngine/Common/DerivedDataCache/Buckets/LegacyTEXTURE/45/fe/a995d112d14688de37721ff02b379ea01e38.udd" 4242
"C:/Users/minls/AppData/Local/UnrealEngine/Common/DerivedDataCache/Buckets/LegacyTEXTURE/8e/f7/005da1994ea974c793e9e9cdc39324f4933b.udd" 4243
"E:/Workspace_ISECONVI/ISECONVI/Content/3DTeamAsset/Fantastic_Village_Pack/textures/T_PROP_wood_log_burn_E.uasset" 4244
"C:/Users/minls/AppData/Local/UnrealEngine/Common/DerivedDataCache/Content/ae/2f/2d1132ad191f5f5606f0c99549f16c962662.udd" 4245
"C:/Users/minls/AppData/Local/UnrealEngine/Common/DerivedDataCache/Buckets/LegacyTEXTURE/b8/38/8dedf9bc74321d6c326436b5f4a5ac08c731.udd" 4246
"C:/Users/minls/AppData/Local/UnrealEngine/Common/DerivedDataCache/Buckets/BulkDataList/28/61/f5caeec46475d2d41a3314dc918fc5c6fca9.udd" 4247
"C:/Users/minls/AppData/Local/UnrealEngine/Common/DerivedDataCache/Buckets/LegacyTEXTURE/e9/a6/643a0df7d7b7679a3d2b6b6e1368e201e3ec.udd" 4248
"C:/Users/minls/AppData/Local/UnrealEngine/Common/DerivedDataCache/Content/9f/87/e8d5918ab310590768c38c3fb9789f9dbe56.udd" 4249
"E:/Workspace_ISECONVI/ISECONVI/Content/3DTeamAsset/Fantastic_Village_Pack/textures/T_ENV_stone_BC.uasset" 4250
"C:/Users/minls/AppData/Local/UnrealEngine/Common/DerivedDataCache/Buckets/LegacyTEXTURE/3e/9c/22f34beb8d1384f1488f1b4029da042f4bad.udd" 4251
"C:/Users/minls/AppData/Local/UnrealEngine/Common/DerivedDataCache/Buckets/LegacyTEXTURE/4f/5f/aabd80ad5257c91a5ffc839a3ded9c9a56ad.udd" 4252
"C:/Users/minls/AppData/Local/UnrealEngine/Common/DerivedDataCache/Buckets/LegacyTEXTURE/93/fd/aeae24715a24f8b60ae3fe64a11b5a38f9c2.udd" 4253
"C:/Users/minls/AppData/Local/UnrealEngine/Common/DerivedDataCache/Buckets/BulkDataList/56/31/e230d3c33bd07bc4c026e96bb7382369d2bd.udd" 4254
"C:/Users/minls/AppData/Local/UnrealEngine/Common/DerivedDataCache/Content/f7/d0/7652b6654e940780bc2389a082da63973f1b.udd" 4255
"E:/Workspace_ISECONVI/ISECONVI/Content/3DTeamAsset/Fantastic_Village_Pack/textures/T_ENV_stone_N.uasset" 4256
"C:/Users/minls/AppData/Local/UnrealEngine/Common/DerivedDataCache/Buckets/LegacyTEXTURE/d2/2e/db1efe7baecc745b9df8fdcd1ff82ab95e10.udd" 4257
"C:/Users/minls/AppData/Local/UnrealEngine/Common/DerivedDataCache/Buckets/BulkDataList/97/24/e523422474c119251c81ca54468a3de05d0c.udd" 4258
"C:/Users/minls/AppData/Local/UnrealEngine/Common/DerivedDataCache/Buckets/LegacyTEXTURE/7b/03/6f6ae3fce276057be93e3d9f396bfc286543.udd" 4259
"E:/Workspace_ISECONVI/ISECONVI/Content/3DTeamAsset/Fantastic_Village_Pack/textures/T_wood_07_BC.uasset" 4260
"C:/Users/minls/AppData/Local/UnrealEngine/Common/DerivedDataCache/Buckets/BulkDataList/43/02/20bfab1a822bbf564dba5d992b6ab6dd026c.udd" 4261
"E:/Workspace_ISECONVI/ISECONVI/Content/3DTeamAsset/Fantastic_Village_Pack/textures/T_wood_07_N.uasset" 4262
"C:/Users/minls/AppData/Local/UnrealEngine/Common/DerivedDataCache/Buckets/LegacyTEXTURE/03/f9/d4a6770359fa13f0ceff23a5c8398c22f835.udd" 4263
"C:/Users/minls/AppData/Local/UnrealEngine/Common/DerivedDataCache/Buckets/LegacyTEXTURE/28/4a/62d785b5b67edc75388f96607a82a08cb625.udd" 4264
"C:/Users/minls/AppData/Local/UnrealEngine/Common/DerivedDataCache/Buckets/BulkDataList/34/c2/7905ac56ab549d5c6e09e4041ee0b6d0054c.udd" 4265
"E:/Workspace_ISECONVI/ISECONVI/Content/StarterContent/Textures/T_Smoke_Tiled_D.uasset" 4266
"C:/Users/minls/AppData/Local/UnrealEngine/Common/DerivedDataCache/Buckets/LegacyTEXTURE/44/fa/5ae892fb8d700444427db4c81e5aedd19d84.udd" 4267
"C:/Users/minls/AppData/Local/UnrealEngine/Common/DerivedDataCache/Buckets/LegacyTEXTURE/1c/26/34028978aec153ca5b4d3918e18ad367e57a.udd" 4268
"C:/Users/minls/AppData/Local/UnrealEngine/Common/DerivedDataCache/Buckets/LegacyTEXTURE/25/5e/d783d2ecaae61762af04e2f6f44ae2aa84a9.udd" 4269
"C:/Users/minls/AppData/Local/UnrealEngine/Common/DerivedDataCache/Buckets/LegacyTEXTURE/48/3c/acebe31de148ace2b29b3bc29975522d7cf1.udd" 4270
"C:/Users/minls/AppData/Local/UnrealEngine/Common/DerivedDataCache/Buckets/BulkDataList/40/0f/ff2a684381b9be980d573dd916dcd6efe1b4.udd" 4271
"C:/Users/minls/AppData/Local/UnrealEngine/Common/DerivedDataCache/Buckets/LegacyTEXTURE/e4/46/2213e22ffd79d2f8ad6b70cc46368d6bc813.udd" 4272
"C:/Users/minls/AppData/Local/UnrealEngine/Common/DerivedDataCache/Buckets/LegacyTEXTURE/d8/c2/5f66e08d2ac25698271590597639967b647a.udd" 4273
"C:/Users/minls/AppData/Local/UnrealEngine/Common/DerivedDataCache/Buckets/LegacyTEXTURE/5d/5b/10f68458fe6e098c29e8918b09146fafbe30.udd" 4274
"../../../Engine/Content/Functions/Engine_MaterialFunctions02/ExampleContent/Textures/WindTurblenceVectorAndGustMagnitude.uasset" 4275
"C:/Users/minls/AppData/Local/UnrealEngine/Common/DerivedDataCache/Buckets/LegacyTEXTURE/98/a7/4ecf333ea2f63e560e0ff3db302f4e3a0948.udd" 4276
"C:/Users/minls/AppData/Local/UnrealEngine/Common/DerivedDataCache/Buckets/LegacyTEXTURE/01/56/e5de77a1cc5e048eb32e8a02a0949ce81627.udd" 4277
"C:/Users/minls/AppData/Local/UnrealEngine/Common/DerivedDataCache/Buckets/LegacyTEXTURE/88/1b/ba5a228741ff97bd78e201db703cb898c716.udd" 4278
"C:/Users/minls/AppData/Local/UnrealEngine/Common/DerivedDataCache/Buckets/LegacyTEXTURE/51/01/7041fb7eb1bfe314e3f64dcb9e6f29f9e23c.udd" 4279
"C:/Users/minls/AppData/Local/UnrealEngine/Common/DerivedDataCache/Content/45/12/161ce36f2b436b0d969e4a08c39f78b9f870.udd" 4280
"C:/Users/minls/AppData/Local/UnrealEngine/Common/DerivedDataCache/Buckets/LegacyTEXTURE/5a/a6/ef4e9804dd6ad7e34c4e9a2b77e12c57559d.udd" 4281
"C:/Users/minls/AppData/Local/UnrealEngine/Common/DerivedDataCache/Buckets/LegacyTEXTURE/6a/ef/0a636df631f49a662b7b987946dfc9538321.udd" 4282
"C:/Users/minls/AppData/Local/UnrealEngine/Common/DerivedDataCache/Buckets/LegacyTEXTURE/77/16/1f7e2fab300adf8e443ec189889bf82ffe3d.udd" 4283
"C:/Users/minls/AppData/Local/UnrealEngine/Common/DerivedDataCache/Buckets/LegacyTEXTURE/4c/38/1ff89e8493a7330d795fa3d678dbb693f690.udd" 4284
"C:/Users/minls/AppData/Local/UnrealEngine/Common/DerivedDataCache/Buckets/LegacyTEXTURE/f5/03/65df6fec02d9bf1a645cfb75b3b015c5f430.udd" 4285
"C:/Users/minls/AppData/Local/UnrealEngine/Common/DerivedDataCache/Buckets/LegacyTEXTURE/cf/3e/da7183c417066095837598f4eb7fb96b532c.udd" 4286
"C:/Users/minls/AppData/Local/UnrealEngine/Common/DerivedDataCache/Buckets/BulkDataList/5d/2e/700cc28e2338180cd6c2202bda04afe9adde.udd" 4287
"C:/Users/minls/AppData/Local/UnrealEngine/Common/DerivedDataCache/Buckets/LegacyTEXTURE/0b/15/a8b4e5bfce221d826cdae95566aaf8a8f177.udd" 4288
"C:/Users/minls/AppData/Local/UnrealEngine/Common/DerivedDataCache/Buckets/LegacyTEXTURE/af/0d/674a32331119dc5de625233c45e8b487e081.udd" 4289
"C:/Users/minls/AppData/Local/UnrealEngine/Common/DerivedDataCache/Buckets/LegacyTEXTURE/3b/b2/354256b325055ec82a16c6531d03cf8abde6.udd" 4290
"C:/Users/minls/AppData/Local/UnrealEngine/Common/DerivedDataCache/Content/96/b2/c4b23a0d40229dcfb4be185857e654719b68.udd" 4291
"C:/Users/minls/AppData/Local/UnrealEngine/Common/DerivedDataCache/Buckets/LegacyTEXTURE/d9/93/3c9a40183e9fbb91af0f0b868f23ea8ee038.udd" 4292
"E:/Workspace_ISECONVI/ISECONVI/Content/3DTeamAsset/PN_MeadowFlowers/Textures/FlowerTextures/PivPainterTextures/flower_01_01_PIV.uasset" 4293
"C:/Users/minls/AppData/Local/UnrealEngine/Common/DerivedDataCache/Buckets/LegacyTEXTURE/c3/37/e9537365174766e825f29c44883a59390b28.udd" 4294
"C:/Users/minls/AppData/Local/UnrealEngine/Common/DerivedDataCache/Buckets/LegacyTEXTURE/5d/57/9d52e8221ca5c914d28953da838c857ed6fb.udd" 4295
"C:/Users/minls/AppData/Local/UnrealEngine/Common/DerivedDataCache/Content/c7/e9/fdb02be662d5b293f1dfa2ed78449131ad43.udd" 4296
"C:/Users/minls/AppData/Local/UnrealEngine/Common/DerivedDataCache/Buckets/LegacyTEXTURE/0b/6d/54e008cacf3a035112edd9e16d43fcd81202.udd" 4297
"C:/Users/minls/AppData/Local/UnrealEngine/Common/DerivedDataCache/Buckets/LegacyTEXTURE/fa/4f/f655ef64d155858eecfdee39962237a3106c.udd" 4298
"C:/Users/minls/AppData/Local/UnrealEngine/Common/DerivedDataCache/Buckets/BulkDataList/8e/52/ad8ddf0b32bda22e551ddaaf745e0466f5a2.udd" 4299
"C:/Users/minls/AppData/Local/UnrealEngine/Common/DerivedDataCache/Buckets/LegacyTEXTURE/23/8d/4b028787d05a3fdf6c871bc76edd5c77239d.udd" 4300
"E:/Workspace_ISECONVI/ISECONVI/Content/3DTeamAsset/PN_MeadowFlowers/Textures/FlowerTextures/PivPainterTextures/flower_01_01_VEC.uasset" 4301
"C:/Users/minls/AppData/Local/UnrealEngine/Common/DerivedDataCache/Buckets/LegacyTEXTURE/e5/3f/4ce1b51c4b634e24de9380044926375cdeee.udd" 4302
"C:/Users/minls/AppData/Local/UnrealEngine/Common/DerivedDataCache/Buckets/LegacyTEXTURE/28/6c/1a7f04b7c3296fb1aa607d78c85e37c68ca8.udd" 4303
"C:/Users/minls/AppData/Local/UnrealEngine/Common/DerivedDataCache/Buckets/BulkDataList/d5/89/ead6feb92d924dd95a331cc3abef242bec56.udd" 4304
"E:/Workspace_ISECONVI/ISECONVI/Content/3DTeamAsset/PN_MeadowFlowers/Textures/FlowerTextures/PivPainterTextures/flower_01_02_PIV.uasset" 4305
"C:/Users/minls/AppData/Local/UnrealEngine/Common/DerivedDataCache/Buckets/LegacyTEXTURE/74/19/4628415f6f4df6082d86b8b803b27e9a815f.udd" 4306
"C:/Users/minls/AppData/Local/UnrealEngine/Common/DerivedDataCache/Buckets/LegacyTEXTURE/5c/ee/e8b1a0ba04a52dbee35caab7a1d8a623fbb3.udd" 4307
"C:/Users/minls/AppData/Local/UnrealEngine/Common/DerivedDataCache/Buckets/BulkDataList/93/98/2fbbc4b7eabd7ce96dedb7d8b2295d624cee.udd" 4308
"C:/Users/minls/AppData/Local/UnrealEngine/Common/DerivedDataCache/Buckets/LegacyTEXTURE/d9/2a/8cbac0ac0eba6a640c762c8405cd014d7ce7.udd" 4309
"E:/Workspace_ISECONVI/ISECONVI/Content/3DTeamAsset/PN_MeadowFlowers/Textures/FlowerTextures/PivPainterTextures/flower_01_02_VEC.uasset" 4310
"C:/Users/minls/AppData/Local/UnrealEngine/Common/DerivedDataCache/Buckets/LegacyTEXTURE/fa/0e/e773edec5314c440dcd18e8da1a2b368c982.udd" 4311
"C:/Users/minls/AppData/Local/UnrealEngine/Common/DerivedDataCache/Buckets/LegacyTEXTURE/2c/3d/5f56dc248067a9217fda6bc15cc2e3631083.udd" 4312
"C:/Users/minls/AppData/Local/UnrealEngine/Common/DerivedDataCache/Buckets/LegacyTEXTURE/f6/de/1de2fb50845fef9a4b5f6c823135ba5e42cf.udd" 4313
"C:/Users/minls/AppData/Local/UnrealEngine/Common/DerivedDataCache/Buckets/LegacyTEXTURE/f2/93/4d7795eaba12087490642110dc233884941e.udd" 4314
"C:/Users/minls/AppData/Local/UnrealEngine/Common/DerivedDataCache/Buckets/LegacyTEXTURE/09/0f/7a9c7d5691f6b4d2cdb86524b0695a86300b.udd" 4315
"C:/Users/minls/AppData/Local/UnrealEngine/Common/DerivedDataCache/Buckets/BulkDataList/a7/d6/cb2be77fa84f7bb9b4d5d377ee004775647d.udd" 4316
"E:/Workspace_ISECONVI/ISECONVI/Content/3DTeamAsset/PN_MeadowFlowers/Textures/FlowerTextures/PivPainterTextures/flower_02_02_PIV.uasset" 4317
"C:/Users/minls/AppData/Local/UnrealEngine/Common/DerivedDataCache/Buckets/LegacyTEXTURE/69/f8/9a14586df982a1455fe86f1b15f490c68181.udd" 4318
"C:/Users/minls/AppData/Local/UnrealEngine/Common/DerivedDataCache/Buckets/LegacyTEXTURE/69/3a/16974d7fbf8026745436df138fccf78a4d5c.udd" 4319
"C:/Users/minls/AppData/Local/UnrealEngine/Common/DerivedDataCache/Buckets/BulkDataList/9b/1e/6c61b0dc325443c2f421f000d9dc1bd12977.udd" 4320
"C:/Users/minls/AppData/Local/UnrealEngine/Common/DerivedDataCache/Buckets/LegacyTEXTURE/b4/05/2c311097cdd4c766eb558512e5b271d08898.udd" 4321
"E:/Workspace_ISECONVI/ISECONVI/Content/3DTeamAsset/PN_MeadowFlowers/Textures/FlowerTextures/PivPainterTextures/flower_02_02_VEC.uasset" 4322
"C:/Users/minls/AppData/Local/UnrealEngine/Common/DerivedDataCache/Buckets/LegacyTEXTURE/de/4c/eecf5404728990c412fea671431a1d177d97.udd" 4323
"C:/Users/minls/AppData/Local/UnrealEngine/Common/DerivedDataCache/Buckets/LegacyTEXTURE/66/d2/76641628c57784e0bd05b4c2d765683d1f7c.udd" 4324
"C:/Users/minls/AppData/Local/UnrealEngine/Common/DerivedDataCache/Buckets/LegacyTEXTURE/fc/35/03957e93f522570a0a04f58b29e8c3573168.udd" 4325
"C:/Users/minls/AppData/Local/UnrealEngine/Common/DerivedDataCache/Buckets/LegacyTEXTURE/32/bc/8efcbd55d906987008fe2a6f0095fdd6af23.udd" 4326
"C:/Users/minls/AppData/Local/UnrealEngine/Common/DerivedDataCache/Buckets/BulkDataList/4d/68/950dc6e10b804908886119e3f34b56fa49a9.udd" 4327
"C:/Users/minls/AppData/Local/UnrealEngine/Common/DerivedDataCache/Buckets/LegacyTEXTURE/32/d8/a7b2d605032e697f8f822ed19a853f0f3bee.udd" 4328
"C:/Users/minls/AppData/Local/UnrealEngine/Common/DerivedDataCache/Buckets/LegacyTEXTURE/50/34/c89e056f1790bff01d98667e0b174c2cf25f.udd" 4329
"C:/Users/minls/AppData/Local/UnrealEngine/Common/DerivedDataCache/Buckets/LegacyTEXTURE/a2/dd/a9ffaf9a459ad8da4c80c59fe33115e165eb.udd" 4330
"C:/Users/minls/AppData/Local/UnrealEngine/Common/DerivedDataCache/Buckets/LegacyTEXTURE/5c/dc/2e757d9ae11cacd8b7dfd42cb749daa9e141.udd" 4331
"C:/Users/minls/AppData/Local/UnrealEngine/Common/DerivedDataCache/Buckets/LegacyTEXTURE/fe/28/a544437d2cf6e48b8074ea6a6ce84c3b1b5f.udd" 4332
"C:/Users/minls/AppData/Local/UnrealEngine/Common/DerivedDataCache/Buckets/LegacyTEXTURE/fd/c9/871bf9547c58e4f883922a9a2de339ed6ef7.udd" 4333
"C:/Users/minls/AppData/Local/UnrealEngine/Common/DerivedDataCache/Buckets/LegacyTEXTURE/37/10/5957d0f5748715de3f961afdeb9ae8aefc6e.udd" 4334
"C:/Users/minls/AppData/Local/UnrealEngine/Common/DerivedDataCache/Buckets/LegacyTEXTURE/8e/31/67be663aa5d667af109134547eb37ab1e026.udd" 4335
"C:/Users/minls/AppData/Local/UnrealEngine/Common/DerivedDataCache/Buckets/LegacyTEXTURE/ea/44/ead6ef422345fca5a28459912850e2ba128b.udd" 4336
"C:/Users/minls/AppData/Local/UnrealEngine/Common/DerivedDataCache/Buckets/LegacyTEXTURE/84/09/5d8b63bd6abb44cc0de796109aa481b72fbb.udd" 4337
"C:/Users/minls/AppData/Local/UnrealEngine/Common/DerivedDataCache/Buckets/LegacyTEXTURE/49/79/ba9ee0bbae6cefc4890be8854cdb0b0268e8.udd" 4338
"C:/Users/minls/AppData/Local/UnrealEngine/Common/DerivedDataCache/Buckets/LegacyTEXTURE/41/4b/53577cafd76b04a5679e040dee4de200ab65.udd" 4339
"C:/Users/minls/AppData/Local/UnrealEngine/Common/DerivedDataCache/Buckets/LegacyTEXTURE/26/d5/414a6a6973349d16e6e402bae283a596ef06.udd" 4340
"C:/Users/minls/AppData/Local/UnrealEngine/Common/DerivedDataCache/Buckets/LegacyTEXTURE/c4/4f/b64714559bd578ae347b8450bcf2d6a852e8.udd" 4341
"C:/Users/minls/AppData/Local/UnrealEngine/Common/DerivedDataCache/Buckets/LegacyTEXTURE/d5/45/e0cd9f19ce620a94ef0d34c2700cd3efa3e3.udd" 4342
"E:/Workspace_ISECONVI/ISECONVI/Content/3DTeamAsset/PN_MeadowFlowers/Textures/FlowerTextures/PivPainterTextures/flower_02_03_PIV.uasset" 4343
"C:/Users/minls/AppData/Local/UnrealEngine/Common/DerivedDataCache/Buckets/LegacyTEXTURE/06/d5/fc1174bb00bf1379634a54b1838e118472d5.udd" 4344
"C:/Users/minls/AppData/Local/UnrealEngine/Common/DerivedDataCache/Buckets/LegacyTEXTURE/7d/7f/1801a209bc3df8e83d2f6abbb0a67d1003b7.udd" 4345
"C:/Users/minls/AppData/Local/UnrealEngine/Common/DerivedDataCache/Buckets/LegacyTEXTURE/b2/74/0639de99bd215e5eeceedca06ed9ae790502.udd" 4346
"C:/Users/minls/AppData/Local/UnrealEngine/Common/DerivedDataCache/Content/d8/b9/b97798418ee8809a86934eb284e29b571e70.udd" 4347
"C:/Users/minls/AppData/Local/UnrealEngine/Common/DerivedDataCache/Buckets/LegacyTEXTURE/08/b2/a55049c5c43bc0506a9c33320b9c8532b487.udd" 4348
"C:/Users/minls/AppData/Local/UnrealEngine/Common/DerivedDataCache/Buckets/LegacyTEXTURE/92/0d/e18d96c3345fe4dc83cd3e77dcdb73687618.udd" 4349
"C:/Users/minls/AppData/Local/UnrealEngine/Common/DerivedDataCache/Buckets/LegacyTEXTURE/c3/25/891d2d6ddcc5f84e686cd83d041b692f16c9.udd" 4350
"C:/Users/minls/AppData/Local/UnrealEngine/Common/DerivedDataCache/Buckets/LegacyTEXTURE/08/b2/412b6dcc776e94fd9cadbcf3b523ec6183d0.udd" 4351
"C:/Users/minls/AppData/Local/UnrealEngine/Common/DerivedDataCache/Buckets/LegacyTEXTURE/dc/12/a9ae0c1114caa7d9d85c118dcbd2513df0f8.udd" 4352
"C:/Users/minls/AppData/Local/UnrealEngine/Common/DerivedDataCache/Buckets/BulkDataList/33/cc/53cb218a6c97c509fe7b0109d45fad16014c.udd" 4353
"E:/Workspace_ISECONVI/ISECONVI/Content/3DTeamAsset/PN_MeadowFlowers/Textures/FlowerTextures/PivPainterTextures/flower_02_03_VEC.uasset" 4354
"C:/Users/minls/AppData/Local/UnrealEngine/Common/DerivedDataCache/Buckets/LegacyTEXTURE/cb/12/be97ab920ab8a34de4dec98661d5e95187d6.udd" 4355
"C:/Users/minls/AppData/Local/UnrealEngine/Common/DerivedDataCache/Buckets/LegacyTEXTURE/43/41/c6c6798e12383bf836c93f516b7f78bfab32.udd" 4356
"C:/Users/minls/AppData/Local/UnrealEngine/Common/DerivedDataCache/Buckets/LegacyTEXTURE/83/ec/27303b448f53abaf897135f00c032569df7e.udd" 4357
"C:/Users/minls/AppData/Local/UnrealEngine/Common/DerivedDataCache/Buckets/BulkDataList/98/00/af60c92e96d03f7b761b6f42d0a04501d50d.udd" 4358
"C:/Users/minls/AppData/Local/UnrealEngine/Common/DerivedDataCache/Buckets/LegacyTEXTURE/fe/f8/cfc73bc21a17b545b24979b6165ee8b6e5b8.udd" 4359
"E:/Workspace_ISECONVI/ISECONVI/Content/3DTeamAsset/PN_MeadowFlowers/Textures/FlowerTextures/PivPainterTextures/flower_02_04_PIV.uasset" 4360
"C:/Users/minls/AppData/Local/UnrealEngine/Common/DerivedDataCache/Buckets/LegacyTEXTURE/4b/53/6fd054f2b2f2d5cd7db1f4a1ef0b3b2031ea.udd" 4361
"C:/Users/minls/AppData/Local/UnrealEngine/Common/DerivedDataCache/Buckets/LegacyTEXTURE/4b/6e/2b8c3133f129c58dab788d31b68a3ec57a2d.udd" 4362
"C:/Users/minls/AppData/Local/UnrealEngine/Common/DerivedDataCache/Buckets/LegacyTEXTURE/57/7b/c7d2e232f453fabff70aba70f91ec497956f.udd" 4363
"C:/Users/minls/AppData/Local/UnrealEngine/Common/DerivedDataCache/Buckets/LegacyTEXTURE/45/71/4bcb6b8abe9848b0c367c388ce61552ce4b6.udd" 4364
"C:/Users/minls/AppData/Local/UnrealEngine/Common/DerivedDataCache/Buckets/BulkDataList/63/57/94c9c4040df732c029241805eec4055c8fb4.udd" 4365
"C:/Users/minls/AppData/Local/UnrealEngine/Common/DerivedDataCache/Buckets/LegacyTEXTURE/69/16/dee557828400606093f6067d2072584e1a4c.udd" 4366
"C:/Users/minls/AppData/Local/UnrealEngine/Common/DerivedDataCache/Buckets/LegacyTEXTURE/d6/fa/0ad511b40e5332fd8222e0dd6723d1b7f0c0.udd" 4367
"C:/Users/minls/AppData/Local/UnrealEngine/Common/DerivedDataCache/Buckets/LegacyTEXTURE/5f/f6/5eb3c538821c86332c2ddc58164a834e0021.udd" 4368
"C:/Users/minls/AppData/Local/UnrealEngine/Common/DerivedDataCache/Buckets/LegacyTEXTURE/fd/cf/446f1938a3512822416be313c95dcf7e316c.udd" 4369
"C:/Users/minls/AppData/Local/UnrealEngine/Common/DerivedDataCache/Buckets/LegacyTEXTURE/42/69/02ac2a45a88bad35ca32efb3ac4a9d716c96.udd" 4370
"E:/Workspace_ISECONVI/ISECONVI/Content/3DTeamAsset/PN_MeadowFlowers/Textures/FlowerTextures/PivPainterTextures/flower_02_04_VEC.uasset" 4371
"C:/Users/minls/AppData/Local/UnrealEngine/Common/DerivedDataCache/Buckets/LegacyTEXTURE/46/2b/cedc2c2f6715cd40fc8be5fd4fc5f51dae4b.udd" 4372
"C:/Users/minls/AppData/Local/UnrealEngine/Common/DerivedDataCache/Buckets/LegacyTEXTURE/aa/e7/adc4d15833587086314f83c07f8778fd5685.udd" 4373
"E:/Workspace_ISECONVI/ISECONVI/Content/3DTeamAsset/PN_MeadowFlowers/Textures/FlowerTextures/PivPainterTextures/flower_03_01_PIV.uasset" 4374
"C:/Users/minls/AppData/Local/UnrealEngine/Common/DerivedDataCache/Buckets/LegacyTEXTURE/6a/ef/1bfabc0be62f8c473c142abfa23aef96472c.udd" 4375
"C:/Users/minls/AppData/Local/UnrealEngine/Common/DerivedDataCache/Content/bc/46/c9ac189ea2875e4fdd89afe3a58f0fdb667d.udd" 4376
"C:/Users/minls/AppData/Local/UnrealEngine/Common/DerivedDataCache/Buckets/LegacyTEXTURE/55/98/b58f6b5c71ee4495775c0c20f527035198f0.udd" 4377
"C:/Users/minls/AppData/Local/UnrealEngine/Common/DerivedDataCache/Buckets/LegacyTEXTURE/fa/9a/cfb12135aac2edb37737be0c8a3423aa4232.udd" 4378
"C:/Users/minls/AppData/Local/UnrealEngine/Common/DerivedDataCache/Buckets/LegacyTEXTURE/a4/3e/0d6f36dd2d3d5b776bb9bf7c91ddf951a70d.udd" 4379
"C:/Users/minls/AppData/Local/UnrealEngine/Common/DerivedDataCache/Buckets/BulkDataList/2f/78/845422225e5d1553f985b30eea85e9190a4b.udd" 4380
"C:/Users/minls/AppData/Local/UnrealEngine/Common/DerivedDataCache/Buckets/LegacyTEXTURE/cf/be/077a78573f3973e3258353405d16020a165e.udd" 4381
"C:/Users/minls/AppData/Local/UnrealEngine/Common/DerivedDataCache/Buckets/LegacyTEXTURE/1a/8c/7c34d8ce61104daed4a399437a650d8bc505.udd" 4382
"C:/Users/minls/AppData/Local/UnrealEngine/Common/DerivedDataCache/Buckets/LegacyTEXTURE/8f/b0/4237f53d2fa4de92f70e5174e2a1f1dfd357.udd" 4383
"C:/Users/minls/AppData/Local/UnrealEngine/Common/DerivedDataCache/Buckets/LegacyTEXTURE/1b/3c/1a158ab4aab0f6e745eb1503d4c031736267.udd" 4384
"C:/Users/minls/AppData/Local/UnrealEngine/Common/DerivedDataCache/Buckets/LegacyTEXTURE/f4/2e/97e1500415406741a08311568f13f0b5a1fc.udd" 4385
"C:/Users/minls/AppData/Local/UnrealEngine/Common/DerivedDataCache/Buckets/LegacyTEXTURE/88/fc/0262f8c1b9925274b602dd962895bdd01adc.udd" 4386
"C:/Users/minls/AppData/Local/UnrealEngine/Common/DerivedDataCache/Buckets/LegacyTEXTURE/03/2c/baa96cf39be5b45a289b88465b0f8186f16d.udd" 4387
"C:/Users/minls/AppData/Local/UnrealEngine/Common/DerivedDataCache/Buckets/BulkDataList/4f/7d/661486d1fcc0d9f5330f89ed0f1775d8548a.udd" 4388
"C:/Users/minls/AppData/Local/UnrealEngine/Common/DerivedDataCache/Buckets/LegacyTEXTURE/08/a3/08effa5ef0adc58e8a88438d152d113a4578.udd" 4389
"C:/Users/minls/AppData/Local/UnrealEngine/Common/DerivedDataCache/Buckets/LegacyTEXTURE/7f/3a/0e18e11bd9c9fe14b157603c9b04455185a8.udd" 4390
"E:/Workspace_ISECONVI/ISECONVI/Content/3DTeamAsset/PN_MeadowFlowers/Textures/FlowerTextures/PivPainterTextures/flower_03_01_VEC.uasset" 4391
"C:/Users/minls/AppData/Local/UnrealEngine/Common/DerivedDataCache/Buckets/LegacyTEXTURE/ba/bf/93c060d6fe0e8c6d5e79f7bd764c33e37836.udd" 4392
"C:/Users/minls/AppData/Local/UnrealEngine/Common/DerivedDataCache/Buckets/LegacyTEXTURE/2d/44/513b20ff31a054b461ca9e4f34bef1641811.udd" 4393
"C:/Users/minls/AppData/Local/UnrealEngine/Common/DerivedDataCache/Buckets/LegacyTEXTURE/d9/e3/6f670b839850f9fe8a001b706310c335b277.udd" 4394
"C:/Users/minls/AppData/Local/UnrealEngine/Common/DerivedDataCache/Buckets/LegacyTEXTURE/a7/7b/fb165ce32d16235cf167c66cb4c7bfd448c8.udd" 4395
"C:/Users/minls/AppData/Local/UnrealEngine/Common/DerivedDataCache/Buckets/LegacyTEXTURE/9e/19/025432f7c0c150f420e545673417e2243b1e.udd" 4396
"C:/Users/minls/AppData/Local/UnrealEngine/Common/DerivedDataCache/Buckets/LegacyTEXTURE/fd/af/ba4144083de38f28b4b3330387ab8effa10c.udd" 4397
"C:/Users/minls/AppData/Local/UnrealEngine/Common/DerivedDataCache/Buckets/LegacyTEXTURE/f5/e4/e8f181515eaa7043e40514295dcff41da004.udd" 4398
"C:/Users/minls/AppData/Local/UnrealEngine/Common/DerivedDataCache/Buckets/LegacyTEXTURE/44/12/128a9e63a8f89c69792725840e1a9b5a5ed6.udd" 4399
"C:/Users/minls/AppData/Local/UnrealEngine/Common/DerivedDataCache/Buckets/LegacyTEXTURE/6e/d7/629be517941f985dea7160c8fa429041e915.udd" 4400
"C:/Users/minls/AppData/Local/UnrealEngine/Common/DerivedDataCache/Buckets/BulkDataList/de/71/c49fad5555864faadff9fd529f86608af4f9.udd" 4401
"C:/Users/minls/AppData/Local/UnrealEngine/Common/DerivedDataCache/Buckets/LegacyTEXTURE/31/07/ef6fc0e060a032e693c8affa6d324c35837a.udd" 4402
"C:/Users/minls/AppData/Local/UnrealEngine/Common/DerivedDataCache/Buckets/LegacyTEXTURE/c3/e2/59a03f9a7a496a0604845cc94c2d8d3421ae.udd" 4403
"E:/Workspace_ISECONVI/ISECONVI/Content/3DTeamAsset/PN_MeadowFlowers/Textures/FlowerTextures/PivPainterTextures/flower_03_02_PIV.uasset" 4404
"C:/Users/minls/AppData/Local/UnrealEngine/Common/DerivedDataCache/Buckets/LegacyTEXTURE/9f/f3/0f28a69f6970eef243273fb0e084b1dd4640.udd" 4405
"C:/Users/minls/AppData/Local/UnrealEngine/Common/DerivedDataCache/Buckets/LegacyTEXTURE/df/ba/9121540741f000f2925900e3f0f159a69d53.udd" 4406
"C:/Users/minls/AppData/Local/UnrealEngine/Common/DerivedDataCache/Buckets/LegacyTEXTURE/40/c1/de5495cd9b8b9832d724d3349783f1f03b2b.udd" 4407
"C:/Users/minls/AppData/Local/UnrealEngine/Common/DerivedDataCache/Buckets/LegacyTEXTURE/66/fe/2c973094d769f249d48d409a59648fcb9ac3.udd" 4408
"C:/Users/minls/AppData/Local/UnrealEngine/Common/DerivedDataCache/Buckets/LegacyTEXTURE/92/65/64789f847bf2850211ffc00ca1f57d44912c.udd" 4409
"C:/Users/minls/AppData/Local/UnrealEngine/Common/DerivedDataCache/Buckets/BulkDataList/f5/7f/44ab8f3ef02950f206e1fbb6367bf4187b2c.udd" 4410
"C:/Users/minls/AppData/Local/UnrealEngine/Common/DerivedDataCache/Buckets/LegacyTEXTURE/4b/de/4051fc385483957c4e3b3182bc2e5257050f.udd" 4411
"E:/Workspace_ISECONVI/ISECONVI/Content/3DTeamAsset/PN_MeadowFlowers/Textures/FlowerTextures/PivPainterTextures/flower_03_02_VEC.uasset" 4412
"C:/Users/minls/AppData/Local/UnrealEngine/Common/DerivedDataCache/Buckets/LegacyTEXTURE/dc/24/12a80f54c64b81568265554a619b89335e49.udd" 4413
"C:/Users/minls/AppData/Local/UnrealEngine/Common/DerivedDataCache/Buckets/LegacyTEXTURE/64/67/bc2c8068345d7baa57ae5d3760db43ad6c80.udd" 4414
"C:/Users/minls/AppData/Local/UnrealEngine/Common/DerivedDataCache/Buckets/LegacyTEXTURE/4b/70/84990d6e158940409759a8cb5df6fbaadb41.udd" 4415
"C:/Users/minls/AppData/Local/UnrealEngine/Common/DerivedDataCache/Buckets/BulkDataList/53/dc/06e6da8817819e2f0b8c06a0f0b1f7bf6a70.udd" 4416
"C:/Users/minls/AppData/Local/UnrealEngine/Common/DerivedDataCache/Buckets/LegacyTEXTURE/58/c0/d7548823571ae23c992982be1d8fccb4f630.udd" 4417
"C:/Users/minls/AppData/Local/UnrealEngine/Common/DerivedDataCache/Buckets/LegacyTEXTURE/8c/a3/b9ccda72c09bb26b3a7b37ffaec1640846c5.udd" 4418
"E:/Workspace_ISECONVI/ISECONVI/Content/3DTeamAsset/ProceduralBiomes/Textures/T_Conifer03_Bill_Bc.uasset" 4419
"C:/Users/minls/AppData/Local/UnrealEngine/Common/DerivedDataCache/Buckets/LegacyTEXTURE/b5/95/e03515b02083e39dc1dccdb6147eb56eb996.udd" 4420
"C:/Users/minls/AppData/Local/UnrealEngine/Common/DerivedDataCache/Buckets/LegacyTEXTURE/d2/2f/6578fffd1012c14a2acbc86430feca35d11c.udd" 4421
"C:/Users/minls/AppData/Local/UnrealEngine/Common/DerivedDataCache/Buckets/LegacyTEXTURE/9d/09/28dd8ac43d476392b3caf7b87126d81c5b78.udd" 4422
"C:/Users/minls/AppData/Local/UnrealEngine/Common/DerivedDataCache/Buckets/BulkDataList/01/bc/212d44fa19a1c969fd2af66bff615d89d419.udd" 4423
"C:/Users/minls/AppData/Local/UnrealEngine/Common/DerivedDataCache/Buckets/LegacyTEXTURE/7e/c3/71e6c64ec6d2d91e50f48811455a3ed0fb98.udd" 4424
"C:/Users/minls/AppData/Local/UnrealEngine/Common/DerivedDataCache/Buckets/LegacyTEXTURE/e4/39/6216e0d60b276088f2ef5b429900c81ca99b.udd" 4425
"E:/Workspace_ISECONVI/ISECONVI/Content/3DTeamAsset/ProceduralBiomes/Textures/T_Conifer03_Bill_N.uasset" 4426
"C:/Users/minls/AppData/Local/UnrealEngine/Common/DerivedDataCache/Buckets/LegacyTEXTURE/a3/4b/81613c65cd9a7a268dc82d85302fd6f29c91.udd" 4427
"C:/Users/minls/AppData/Local/UnrealEngine/Common/DerivedDataCache/Buckets/LegacyTEXTURE/df/88/047d1e2ca225f5b97b924a162b01e1acc4a7.udd" 4428
"C:/Users/minls/AppData/Local/UnrealEngine/Common/DerivedDataCache/Buckets/BulkDataList/b3/fc/75accba46c81eb2d3bd42a273cc62d6f2b21.udd" 4429
"C:/Users/minls/AppData/Local/UnrealEngine/Common/DerivedDataCache/Buckets/LegacyTEXTURE/9d/36/fb91f8ddd781d419a55c4ed6608d30467053.udd" 4430
"E:/Workspace_ISECONVI/ISECONVI/Content/3DTeamAsset/ProceduralBiomes/Textures/T_SBark_01_Bc.uasset" 4431
"C:/Users/minls/AppData/Local/UnrealEngine/Common/DerivedDataCache/Buckets/BulkDataList/23/0d/5987f4153188c86964a2ef211b43a1d26d9f.udd" 4432
"C:/Users/minls/AppData/Local/UnrealEngine/Common/DerivedDataCache/Buckets/LegacyTEXTURE/e4/f1/1f4289b1ef284dc50ee21fe93e17ddcc4e96.udd" 4433
"E:/Workspace_ISECONVI/ISECONVI/Content/3DTeamAsset/ProceduralBiomes/Textures/T_SBark_01_N.uasset" 4434
"C:/Users/minls/AppData/Local/UnrealEngine/Common/DerivedDataCache/Buckets/BulkDataList/b7/e7/e3259a636248f5d639632823d3bf355377db.udd" 4435
"C:/Users/minls/AppData/Local/UnrealEngine/Common/DerivedDataCache/Buckets/LegacyTEXTURE/43/29/42d0f6954025c460e2823f340af1cbd1f9db.udd" 4436
"C:/Users/minls/AppData/Local/UnrealEngine/Common/DerivedDataCache/Buckets/LegacyTEXTURE/7c/c8/c73b8cdd05bfb6448a14beca318114dbd6b7.udd" 4437
"E:/Workspace_ISECONVI/ISECONVI/Content/3DTeamAsset/ProceduralBiomes/Textures/T_SBark_01_RAOS.uasset" 4438
"C:/Users/minls/AppData/Local/UnrealEngine/Common/DerivedDataCache/Buckets/LegacyTEXTURE/74/d2/e6ca1fe16a8a18b38480876ff389df2e58d1.udd" 4439
"C:/Users/minls/AppData/Local/UnrealEngine/Common/DerivedDataCache/Buckets/LegacyTEXTURE/7a/10/0b2437b08337466367d186f289e61bf9eeb4.udd" 4440
"C:/Users/minls/AppData/Local/UnrealEngine/Common/DerivedDataCache/Buckets/BulkDataList/2b/1d/6167c07bfc72788105bb866db2a277ab7c01.udd" 4441
"C:/Users/minls/AppData/Local/UnrealEngine/Common/DerivedDataCache/Buckets/LegacyTEXTURE/ef/bc/e38d7ef99b908e0be53ffab239f17ee05baf.udd" 4442
"E:/Workspace_ISECONVI/ISECONVI/Content/3DTeamAsset/ProceduralBiomes/Textures/T_ConiferBranches_Bc.uasset" 4443
"C:/Users/minls/AppData/Local/UnrealEngine/Common/DerivedDataCache/Buckets/BulkDataList/61/01/d84a3f0b252669215bcce412e65bc11a7be9.udd" 4444
"E:/Workspace_ISECONVI/ISECONVI/Content/3DTeamAsset/ProceduralBiomes/Textures/T_ConiferBranches_N.uasset" 4445
"C:/Users/minls/AppData/Local/UnrealEngine/Common/DerivedDataCache/Buckets/LegacyTEXTURE/62/31/5d540a27a98b2c56c880deb72491560e1243.udd" 4446
"C:/Users/minls/AppData/Local/UnrealEngine/Common/DerivedDataCache/Buckets/BulkDataList/10/63/55645a50195ddf800a172c6170bae53bb4a7.udd" 4447
"C:/Users/minls/AppData/Local/UnrealEngine/Common/DerivedDataCache/Buckets/LegacyTEXTURE/cb/0b/0370c2ef4e6c4027c45cf2cade65930a60aa.udd" 4448
"E:/Workspace_ISECONVI/ISECONVI/Content/3DTeamAsset/ProceduralBiomes/Textures/T_ConiferBranches_Opacity.uasset" 4449
"C:/Users/minls/AppData/Local/UnrealEngine/Common/DerivedDataCache/Buckets/BulkDataList/fa/af/385615a20fa07a26d95aa348e88af724ded2.udd" 4450
"C:/Users/minls/AppData/Local/UnrealEngine/Common/DerivedDataCache/Buckets/LegacyTEXTURE/9a/60/f6bfc01189ff9d09f81703b9cdc3e9745a91.udd" 4451
"C:/Users/minls/AppData/Local/UnrealEngine/Common/DerivedDataCache/Buckets/LegacyTEXTURE/79/ef/a8c745f9a59bb547f11d1e7069d11361480a.udd" 4452
"C:/Users/minls/AppData/Local/UnrealEngine/Common/DerivedDataCache/Buckets/LegacyTEXTURE/d5/e0/c80e7658210ed98783ac4b3b490cf5a382af.udd" 4453
"C:/Users/minls/AppData/Local/UnrealEngine/Common/DerivedDataCache/Buckets/LegacyTEXTURE/56/18/5679b1b4251cfd1b979b7a76cd5cc5e2a55c.udd" 4454
"C:/Users/minls/AppData/Local/UnrealEngine/Common/DerivedDataCache/Buckets/LegacyTEXTURE/44/16/b0535dca741c4b3c5ccfd0b62c84d9183338.udd" 4455
"C:/Users/minls/AppData/Local/UnrealEngine/Common/DerivedDataCache/Buckets/LegacyTEXTURE/f2/16/c53ba3a57ac8f07cff72732085269ba344d2.udd" 4456
"C:/Users/minls/AppData/Local/UnrealEngine/Common/DerivedDataCache/Buckets/LegacyTEXTURE/6a/ab/8bdf3947b8f4baeb752c4697a4bbc3dfd3ec.udd" 4457
"C:/Users/minls/AppData/Local/UnrealEngine/Common/DerivedDataCache/Buckets/LegacyTEXTURE/de/89/1ea96e1a7e709124025055d79e8762935070.udd" 4458
"C:/Users/minls/AppData/Local/UnrealEngine/Common/DerivedDataCache/Buckets/LegacyTEXTURE/5c/ed/3a59d343c639428424c7f2cb6c7b7a0132d0.udd" 4459
"C:/Users/minls/AppData/Local/UnrealEngine/Common/DerivedDataCache/Buckets/LegacyTEXTURE/ec/9a/0cc64930ebda90083a618c87ed20d8217041.udd" 4460
"C:/Users/minls/AppData/Local/UnrealEngine/Common/DerivedDataCache/Buckets/LegacyTEXTURE/2d/03/35bb3e14331ce7d8c345701b1c2102b3686b.udd" 4461
"C:/Users/minls/AppData/Local/UnrealEngine/Common/DerivedDataCache/Buckets/LegacyTEXTURE/29/8c/ed8a51f21021c32cd5ccafba69341966b1a0.udd" 4462
"C:/Users/minls/AppData/Local/UnrealEngine/Common/DerivedDataCache/Buckets/LegacyTEXTURE/0a/83/4dd65cd7576c422c7ea2afb5eb42b6cdc971.udd" 4463
"C:/Users/minls/AppData/Local/UnrealEngine/Common/DerivedDataCache/Buckets/LegacyTEXTURE/0b/f6/df1743de691d86d1edce12bd918360aaa0c6.udd" 4464
"C:/Users/minls/AppData/Local/UnrealEngine/Common/DerivedDataCache/Buckets/LegacyTEXTURE/c3/30/4d851f5891c46182c74aab53a1a7527b3919.udd" 4465
"C:/Users/minls/AppData/Local/UnrealEngine/Common/DerivedDataCache/Buckets/LegacyTEXTURE/7a/0c/737ae45e20f90afa8538ccdbe4317e466fc6.udd" 4466
"C:/Users/minls/AppData/Local/UnrealEngine/Common/DerivedDataCache/Buckets/LegacyTEXTURE/51/9c/81aec0bbe96ceea5eb6e72e5311ec7692af4.udd" 4467
"C:/Users/minls/AppData/Local/UnrealEngine/Common/DerivedDataCache/Buckets/LegacyTEXTURE/7f/e3/0d5b0879cac27be13f1ab6ad4c81dca6baa0.udd" 4468
"C:/Users/minls/AppData/Local/UnrealEngine/Common/DerivedDataCache/Buckets/LegacyTEXTURE/30/5a/471cfd524805c21bb8cdf1527bdc4406968e.udd" 4469
"C:/Users/minls/AppData/Local/UnrealEngine/Common/DerivedDataCache/Buckets/LegacyTEXTURE/5d/ea/8f34c9289c99a0ed66fd6c7f23175f12d691.udd" 4470
"C:/Users/minls/AppData/Local/UnrealEngine/Common/DerivedDataCache/Buckets/LegacyTEXTURE/3f/b9/c0f400ee2f327553a1b4cea92218e4e37e1b.udd" 4471
"C:/Users/minls/AppData/Local/UnrealEngine/Common/DerivedDataCache/Buckets/LegacyTEXTURE/16/34/339c6e243e8c40fe6ad3d819d429fc5f37df.udd" 4472
"C:/Users/minls/AppData/Local/UnrealEngine/Common/DerivedDataCache/Content/12/0c/4da368f3eaafff71bf784934a2c9ba95d004.udd" 4473
"C:/Users/minls/AppData/Local/UnrealEngine/Common/DerivedDataCache/Buckets/LegacyTEXTURE/ac/85/754cb4f094e38527612c544488304ed4a9ec.udd" 4474
"C:/Users/minls/AppData/Local/UnrealEngine/Common/DerivedDataCache/Buckets/LegacyTEXTURE/1c/80/a51a49d0b3124fd1eb0e75411cd85e928902.udd" 4475
"C:/Users/minls/AppData/Local/UnrealEngine/Common/DerivedDataCache/Buckets/LegacyTEXTURE/01/6a/ef91358c1355c1a7ca117d2d68d7fa68f019.udd" 4476
"E:/Workspace_ISECONVI/ISECONVI/Content/3DTeamAsset/ProceduralBiomes/Textures/T_ConiferBranches_RAOSS.uasset" 4477
"C:/Users/minls/AppData/Local/UnrealEngine/Common/DerivedDataCache/Buckets/LegacyTEXTURE/29/42/30500c84914306bb667d6528e5ad24379e14.udd" 4478
"C:/Users/minls/AppData/Local/UnrealEngine/Common/DerivedDataCache/Buckets/LegacyTEXTURE/b3/36/5f2d00d854136e311e13f737a1f2b3c6c638.udd" 4479
"C:/Users/minls/AppData/Local/UnrealEngine/Common/DerivedDataCache/Buckets/BulkDataList/d0/5a/25ca050784f07a8599c80528daf1a64b7fff.udd" 4480
"C:/Users/minls/AppData/Local/UnrealEngine/Common/DerivedDataCache/Buckets/LegacyTEXTURE/39/7b/10f61ab16ff4dd754e363d73b56824e008eb.udd" 4481
"C:/Users/minls/AppData/Local/UnrealEngine/Common/DerivedDataCache/Buckets/LegacyTEXTURE/56/ff/bf183684ee3e5690697fdc852570a35b0978.udd" 4482
"E:/Workspace_ISECONVI/ISECONVI/Content/3DTeamAsset/ProceduralBiomes/Textures/T_PineGround_Bc.uasset" 4483
"C:/Users/minls/AppData/Local/UnrealEngine/Common/DerivedDataCache/Buckets/BulkDataList/ec/5c/c36dc15e2c8062ce2f57c7c88e193e126d9d.udd" 4484
"C:/Users/minls/AppData/Local/UnrealEngine/Common/DerivedDataCache/Buckets/LegacyTEXTURE/23/4e/fad78f9f5f8c72772a0a7a5070bea5ed9490.udd" 4485
"E:/Workspace_ISECONVI/ISECONVI/Content/3DTeamAsset/ProceduralBiomes/Textures/T_PineGround_N.uasset" 4486
"C:/Users/minls/AppData/Local/UnrealEngine/Common/DerivedDataCache/Buckets/LegacyTEXTURE/37/ad/d68fcd438f30052c8653e2e343114afd3327.udd" 4487
"C:/Users/minls/AppData/Local/UnrealEngine/Common/DerivedDataCache/Buckets/BulkDataList/07/2a/833b64b87f009cb0e67268e486cfa1d9f899.udd" 4488
"E:/Workspace_ISECONVI/ISECONVI/Content/3DTeamAsset/ProceduralBiomes/Textures/T_PineGround_RAOS.uasset" 4489
"C:/Users/minls/AppData/Local/UnrealEngine/Common/DerivedDataCache/Buckets/BulkDataList/6b/ba/699ffbfaadbdf6cc670ba95c6237a01b8832.udd" 4490
"C:/Users/minls/AppData/Local/UnrealEngine/Common/DerivedDataCache/Content/13/44/8a14008dbcb95a0b8f73932b1bddca6f2253.udd" 4491
"E:/Workspace_ISECONVI/ISECONVI/Content/3DTeamAsset/ProceduralBiomes/Textures/Landscape_Textures/T_NCliff_Bc.uasset" 4492
"C:/Users/minls/AppData/Local/UnrealEngine/Common/DerivedDataCache/Buckets/LegacyTEXTURE/0e/d2/f950483ef888288d576e7b7a2c3c07cfea19.udd" 4493
"C:/Users/minls/AppData/Local/UnrealEngine/Common/DerivedDataCache/Buckets/BulkDataList/0f/4d/e3fd0230127b0485a34efe10f3ac293fae30.udd" 4494
"E:/Workspace_ISECONVI/ISECONVI/Content/3DTeamAsset/ProceduralBiomes/Textures/Landscape_Textures/T_NForestB_Bc.uasset" 4495
"C:/Users/minls/AppData/Local/UnrealEngine/Common/DerivedDataCache/Buckets/BulkDataList/37/46/94c735b2c625b952de0ea3fd1e79bba1bdfb.udd" 4496
"E:/Workspace_ISECONVI/ISECONVI/Content/3DTeamAsset/ProceduralBiomes/Textures/Landscape_Textures/T_NGround_Bc.uasset" 4497
"C:/Users/minls/AppData/Local/UnrealEngine/Common/DerivedDataCache/Buckets/LegacyTEXTURE/8b/cf/e6c545115776f9ed5b6eec415ed6afb8b922.udd" 4498
"C:/Users/minls/AppData/Local/UnrealEngine/Common/DerivedDataCache/Buckets/LegacyTEXTURE/4b/ab/177d1ca7eb7521ae5da15ac0ab9472979a92.udd" 4499
"C:/Users/minls/AppData/Local/UnrealEngine/Common/DerivedDataCache/Buckets/BulkDataList/eb/4a/67b56094a174dffbcc5066c7ea292375a0fe.udd" 4500
"E:/Workspace_ISECONVI/ISECONVI/Content/3DTeamAsset/ProceduralBiomes/Textures/T_N_Backgrounds_Colormap.uasset" 4501
"C:/Users/minls/AppData/Local/UnrealEngine/Common/DerivedDataCache/Buckets/LegacyTEXTURE/7b/1f/bd50bed7df835bfae7bf99fd84bc432a7b3c.udd" 4502
"C:/Users/minls/AppData/Local/UnrealEngine/Common/DerivedDataCache/Buckets/LegacyTEXTURE/9c/fe/f675eec57d109b5145de09e4bc2d8f6ff8ac.udd" 4503
"C:/Users/minls/AppData/Local/UnrealEngine/Common/DerivedDataCache/Buckets/LegacyTEXTURE/74/f0/e920039355ee4797bedb4877678850154dae.udd" 4504
"C:/Users/minls/AppData/Local/UnrealEngine/Common/DerivedDataCache/Buckets/LegacyTEXTURE/9b/db/945801da006f69baede2ad3f27be5c3381a3.udd" 4505
"C:/Users/minls/AppData/Local/UnrealEngine/Common/DerivedDataCache/Buckets/BulkDataList/a3/df/743371410b87c627df06837afdfcfaa463cd.udd" 4506
"E:/Workspace_ISECONVI/ISECONVI/Content/3DTeamAsset/ProceduralBiomes/Textures/T_N_Backgrounds_Normal.uasset" 4507
"C:/Users/minls/AppData/Local/UnrealEngine/Common/DerivedDataCache/Buckets/LegacyTEXTURE/9b/9d/0c37f606947da893f2a7fa5c3b16f7a84f9f.udd" 4508
"C:/Users/minls/AppData/Local/UnrealEngine/Common/DerivedDataCache/Buckets/BulkDataList/bf/13/d34d6a7b1017652fca3a7af5a67559785096.udd" 4509
"C:/Users/minls/AppData/Local/UnrealEngine/Common/DerivedDataCache/Buckets/LegacyTEXTURE/2f/be/7526e613d701c899525f5390a68af17438fa.udd" 4510
"C:/Users/minls/AppData/Local/UnrealEngine/Common/DerivedDataCache/Buckets/LegacyTEXTURE/42/6c/2a88b95a0f15c0186365ab0eb8ae8f94524a.udd" 4511
"E:/Workspace_ISECONVI/ISECONVI/Content/3DTeamAsset/ProceduralBiomes/Materials/RVTs/RVT_Northern.uasset" 4512
"C:/Users/minls/AppData/Local/UnrealEngine/Common/DerivedDataCache/Buckets/LegacyTEXTURE/bd/4f/4ab6e1dacd4e75700daa1232084a25f3870c.udd" 4513
"C:/Users/minls/AppData/Local/UnrealEngine/Common/DerivedDataCache/Buckets/BulkDataList/ab/f0/e49a697576dac0fabaa438507ead2774c346.udd" 4514
"E:/Workspace_ISECONVI/ISECONVI/Content/3DTeamAsset/ProceduralBiomes/Materials/RVTs/RVT_NorthernHeight.uasset" 4515
"C:/Users/minls/AppData/Local/UnrealEngine/Common/DerivedDataCache/Buckets/LegacyTEXTURE/cc/3c/585869d921dce72b0fcec1a1768cd80970f0.udd" 4516
"C:/Users/minls/AppData/Local/UnrealEngine/Common/DerivedDataCache/Buckets/LegacyTEXTURE/79/7d/984a9340bd8027302afdaf27f3eee3bc1f38.udd" 4517
"C:/Users/minls/AppData/Local/UnrealEngine/Common/DerivedDataCache/Buckets/LegacyTEXTURE/c6/5a/4094ecbd5dee9f782cee8e3a0fdc70f7a8d7.udd" 4518
"C:/Users/minls/AppData/Local/UnrealEngine/Common/DerivedDataCache/Buckets/BulkDataList/14/97/603e465456f1b3c66d167a60f76f8eafbd31.udd" 4519
"C:/Users/minls/AppData/Local/UnrealEngine/Common/DerivedDataCache/Buckets/LegacyTEXTURE/9f/c9/7488288855f0111efb478ce09260057c65e0.udd" 4520
"E:/Workspace_ISECONVI/ISECONVI/Content/3DTeamAsset/ProceduralBiomes/Textures/T_Rock_001_Bc.uasset" 4521
"C:/Users/minls/AppData/Local/UnrealEngine/Common/DerivedDataCache/Buckets/LegacyTEXTURE/29/d6/a4a6e5af65be5321c99f83172d61bb9c45a6.udd" 4522
"C:/Users/minls/AppData/Local/UnrealEngine/Common/DerivedDataCache/Buckets/BulkDataList/53/55/9ec7bdb2b88e1fe9a7591c9be25ecd0929cb.udd" 4523
"E:/Workspace_ISECONVI/ISECONVI/Content/3DTeamAsset/ProceduralBiomes/Textures/T_Rock_001_N.uasset" 4524
"C:/Users/minls/AppData/Local/UnrealEngine/Common/DerivedDataCache/Buckets/BulkDataList/10/7e/6aed8ffad0f8cb4938dcc2f59264c3155473.udd" 4525
"E:/Workspace_ISECONVI/ISECONVI/Content/3DTeamAsset/ProceduralBiomes/Textures/T_Rock_001_RAOS.uasset" 4526
"C:/Users/minls/AppData/Local/UnrealEngine/Common/DerivedDataCache/Buckets/BulkDataList/0a/d6/2da6365213e683ee836dd2c780be9630b81b.udd" 4527
"C:/Users/minls/AppData/Local/UnrealEngine/Common/DerivedDataCache/Buckets/LegacyTEXTURE/3d/96/7fb2b8037b294c30a4f2965032b4b470f199.udd" 4528
"E:/Workspace_ISECONVI/ISECONVI/Content/3DTeamAsset/ProceduralBiomes/Textures/T_Rock_002_Bc.uasset" 4529
"C:/Users/minls/AppData/Local/UnrealEngine/Common/DerivedDataCache/Buckets/BulkDataList/ac/f4/dae779d3bce985d5c99cc14d0d6d12a78f42.udd" 4530
"C:/Users/minls/AppData/Local/UnrealEngine/Common/DerivedDataCache/Buckets/LegacyTEXTURE/05/fb/d88ceb3f636dd259f0f9f4b1b861c700a965.udd" 4531
"E:/Workspace_ISECONVI/ISECONVI/Content/3DTeamAsset/ProceduralBiomes/Textures/T_Rock_002_N.uasset" 4532
"C:/Users/minls/AppData/Local/UnrealEngine/Common/DerivedDataCache/Buckets/LegacyTEXTURE/23/4a/f756df5bdff4788686ac3ee6efa4b12375aa.udd" 4533
"C:/Users/minls/AppData/Local/UnrealEngine/Common/DerivedDataCache/Buckets/BulkDataList/2f/fa/46a5ded484347ca2ccb1555fc0651356bf31.udd" 4534
"C:/Users/minls/AppData/Local/UnrealEngine/Common/DerivedDataCache/Buckets/LegacyTEXTURE/ad/9d/4805704df6765145479450176dd78a9013f9.udd" 4535
"C:/Users/minls/AppData/Local/UnrealEngine/Common/DerivedDataCache/Buckets/LegacyTEXTURE/b9/a9/b924a621671adf93184a9eabe19401cc57e1.udd" 4536
"C:/Users/minls/AppData/Local/UnrealEngine/Common/DerivedDataCache/Buckets/LegacyTEXTURE/05/1c/855c1e99a32c842326f54f252b46e7367f65.udd" 4537
"C:/Users/minls/AppData/Local/UnrealEngine/Common/DerivedDataCache/Buckets/LegacyTEXTURE/df/ee/c7a9b223951f542420203c9840ee7d33738e.udd" 4538
"C:/Users/minls/AppData/Local/UnrealEngine/Common/DerivedDataCache/Buckets/LegacyTEXTURE/e3/42/7aceeb12cc35b4d2325e5d0a72db905c6ec6.udd" 4539
"C:/Users/minls/AppData/Local/UnrealEngine/Common/DerivedDataCache/Buckets/LegacyTEXTURE/3c/ab/0e24febe1bdf3f6012ea2fdbcba5158dd9dc.udd" 4540
"C:/Users/minls/AppData/Local/UnrealEngine/Common/DerivedDataCache/Buckets/LegacyTEXTURE/03/07/d6276d08473ac2c152b25cb8b9b00562e7db.udd" 4541
"C:/Users/minls/AppData/Local/UnrealEngine/Common/DerivedDataCache/Buckets/LegacyTEXTURE/33/43/6693cdf5c0e6a1bb727233f1c35b4f806fab.udd" 4542
"C:/Users/minls/AppData/Local/UnrealEngine/Common/DerivedDataCache/Buckets/LegacyTEXTURE/d6/7b/674600ac95c87e47312c911daf810638e831.udd" 4543
"C:/Users/minls/AppData/Local/UnrealEngine/Common/DerivedDataCache/Buckets/LegacyTEXTURE/0e/80/e230eb883ca3815d317db95dbeee8e3ae23d.udd" 4544
"C:/Users/minls/AppData/Local/UnrealEngine/Common/DerivedDataCache/Buckets/LegacyTEXTURE/c1/32/a261439c000ee90166341a423afcb6e267ab.udd" 4545
"C:/Users/minls/AppData/Local/UnrealEngine/Common/DerivedDataCache/Buckets/LegacyTEXTURE/90/f2/be6d22375e8ecc9c944ed824201147bc3ce2.udd" 4546
"C:/Users/minls/AppData/Local/UnrealEngine/Common/DerivedDataCache/Buckets/LegacyTEXTURE/6c/2b/1dcbf4633b836a00c68ca65f2e982bdb3672.udd" 4547
"E:/Workspace_ISECONVI/ISECONVI/Content/3DTeamAsset/ProceduralBiomes/Textures/T_Rock_002_RAOS.uasset" 4548
"C:/Users/minls/AppData/Local/UnrealEngine/Common/DerivedDataCache/Buckets/LegacyTEXTURE/4d/c5/9532395be618142bb6026d469c16fc9ca1fc.udd" 4549
"C:/Users/minls/AppData/Local/UnrealEngine/Common/DerivedDataCache/Buckets/LegacyTEXTURE/ef/c9/2f84ad0e5069ea251296bb4ce72e5d8b1d51.udd" 4550
"C:/Users/minls/AppData/Local/UnrealEngine/Common/DerivedDataCache/Buckets/LegacyTEXTURE/23/49/2ea15d1a98804c1ad788c20e5095a6912659.udd" 4551
"C:/Users/minls/AppData/Local/UnrealEngine/Common/DerivedDataCache/Buckets/LegacyTEXTURE/a7/42/07bbee8fe95bee3a0cdaa3cfa50bc4970064.udd" 4552
"C:/Users/minls/AppData/Local/UnrealEngine/Common/DerivedDataCache/Buckets/LegacyTEXTURE/3e/69/3345708ddef905cc363d70eef0e4fcb6d802.udd" 4553
"C:/Users/minls/AppData/Local/UnrealEngine/Common/DerivedDataCache/Buckets/BulkDataList/48/cf/53594387a757a7ba200449d9f28fe369ee4a.udd" 4554
"C:/Users/minls/AppData/Local/UnrealEngine/Common/DerivedDataCache/Buckets/LegacyTEXTURE/67/88/d65df3fe6a1d17766d356db6cd7ece5569bc.udd" 4555
"E:/Workspace_ISECONVI/ISECONVI/Content/3DTeamAsset/ProceduralBiomes/Textures/T_Rock_004_Bc.uasset" 4556
"C:/Users/minls/AppData/Local/UnrealEngine/Common/DerivedDataCache/Buckets/LegacyTEXTURE/10/85/9aa467d9eabb8007e1c7e86f0ba3e5645fad.udd" 4557
"C:/Users/minls/AppData/Local/UnrealEngine/Common/DerivedDataCache/Buckets/BulkDataList/98/43/516d20539c3b1e376a8e5e8d75f97003fe12.udd" 4558
"C:/Users/minls/AppData/Local/UnrealEngine/Common/DerivedDataCache/Buckets/LegacyTEXTURE/0d/1e/5519df8d9edd7619cfdc4c63f3f353286fdd.udd" 4559
"E:/Workspace_ISECONVI/ISECONVI/Content/3DTeamAsset/ProceduralBiomes/Textures/T_Rock_004_N.uasset" 4560
"C:/Users/minls/AppData/Local/UnrealEngine/Common/DerivedDataCache/Buckets/LegacyTEXTURE/50/1b/ec683f10c28284f4f1a6ca6f7482863e5fc1.udd" 4561
"C:/Users/minls/AppData/Local/UnrealEngine/Common/DerivedDataCache/Buckets/LegacyTEXTURE/88/7b/cf0421246f7ed576ca9bad29db44e1209ca5.udd" 4562
"C:/Users/minls/AppData/Local/UnrealEngine/Common/DerivedDataCache/Buckets/BulkDataList/6a/71/2f8d2c17fa4da652dc69f4acd5d249d0d6d7.udd" 4563
"E:/Workspace_ISECONVI/ISECONVI/Content/3DTeamAsset/ProceduralBiomes/Textures/T_Rock_004_RAOS.uasset" 4564
"C:/Users/minls/AppData/Local/UnrealEngine/Common/DerivedDataCache/Buckets/BulkDataList/1f/fd/24046c908baee81aabd8b04abfc7dfe9e061.udd" 4565
"E:/Workspace_ISECONVI/ISECONVI/Content/3DTeamAsset/ProceduralBiomes/Textures/T_Rock_007_Bc.uasset" 4566
"C:/Users/minls/AppData/Local/UnrealEngine/Common/DerivedDataCache/Buckets/BulkDataList/32/fb/372c53121815982cbe330a3aa2815429bf75.udd" 4567
"E:/Workspace_ISECONVI/ISECONVI/Content/3DTeamAsset/ProceduralBiomes/Textures/T_Rock_007_N.uasset" 4568
"C:/Users/minls/AppData/Local/UnrealEngine/Common/DerivedDataCache/Buckets/BulkDataList/92/12/805fa425621c065a1d070a2feefa08f65f81.udd" 4569
"E:/Workspace_ISECONVI/ISECONVI/Content/3DTeamAsset/ProceduralBiomes/Textures/T_Rock_007_RAOS.uasset" 4570
"C:/Users/minls/AppData/Local/UnrealEngine/Common/DerivedDataCache/Buckets/BulkDataList/96/59/06662533bfdc444ce4dd12c7996c4c15a2a2.udd" 4571
"E:/Workspace_ISECONVI/ISECONVI/Content/3DTeamAsset/ProceduralBiomes/Textures/T_VegAtlas_01_Bc.uasset" 4572
"C:/Users/minls/AppData/Local/UnrealEngine/Common/DerivedDataCache/Buckets/BulkDataList/0f/ac/8eeb5bce018d019574eebdf6fe13f6469844.udd" 4573
"E:/Workspace_ISECONVI/ISECONVI/Content/3DTeamAsset/ProceduralBiomes/Textures/T_VegAtlas_01_N.uasset" 4574
"E:/Workspace_ISECONVI/ISECONVI/Content/3DTeamAsset/ProceduralBiomes/Textures/T_VegAtlas_01_O.uasset" 4575
"E:/Workspace_ISECONVI/ISECONVI/Content/3DTeamAsset/ProceduralBiomes/Textures/T_VegAtlas_01_RAOSSS.uasset" 4576
"C:/Users/minls/AppData/Local/UnrealEngine/Common/DerivedDataCache/Content/88/36/7b99ed566f1d6ce96c75d849351becbfad4e.udd" 4577
"C:/Users/minls/AppData/Local/UnrealEngine/Common/DerivedDataCache/Buckets/LegacyTEXTURE/b9/5f/92b940aba6a68fff1a38f4fe9d61ca0386d9.udd" 4578
"C:/Users/minls/AppData/Local/UnrealEngine/Common/DerivedDataCache/Content/5a/f4/5b48c1bd97903a6eb4822211446f9e16b3da.udd" 4579
"C:/Users/minls/AppData/Local/UnrealEngine/Common/DerivedDataCache/Buckets/BulkDataList/1a/2c/98d823048ee70865b2d91e59c0f0d622b3b7.udd" 4580
"E:/Workspace_ISECONVI/ISECONVI/Content/3DTeamAsset/ProceduralBiomes/Textures/T_VegAtlas_02_Bc.uasset" 4581
"C:/Users/minls/AppData/Local/UnrealEngine/Common/DerivedDataCache/Buckets/BulkDataList/0a/36/1de0ed71f6cb26f3cbd274b21f3c9b2d4369.udd" 4582
"E:/Workspace_ISECONVI/ISECONVI/Content/3DTeamAsset/ProceduralBiomes/Textures/T_VegAtlas_02_N.uasset" 4583
"C:/Users/minls/AppData/Local/UnrealEngine/Common/DerivedDataCache/Buckets/BulkDataList/52/c4/7864e4a788910d173f7d0335c48460ee13d0.udd" 4584
"C:/Users/minls/AppData/Local/UnrealEngine/Common/DerivedDataCache/Buckets/LegacyTEXTURE/44/15/2aa2351dfa854388d2836eba3b12931f996f.udd" 4585
"E:/Workspace_ISECONVI/ISECONVI/Content/3DTeamAsset/ProceduralBiomes/Textures/T_VegAtlas_02_O.uasset" 4586
"C:/Users/minls/AppData/Local/UnrealEngine/Common/DerivedDataCache/Buckets/LegacyTEXTURE/13/6b/33c2624b888178b7b7741fe54aa203518ca0.udd" 4587
"C:/Users/minls/AppData/Local/UnrealEngine/Common/DerivedDataCache/Buckets/BulkDataList/83/c0/603e2a61ce4259a6cfc5337c1f37f7ff8248.udd" 4588
"C:/Users/minls/AppData/Local/UnrealEngine/Common/DerivedDataCache/Buckets/LegacyTEXTURE/7b/02/0cea97e30cb1074c8e3100a3444b68e9fd49.udd" 4589
"C:/Users/minls/AppData/Local/UnrealEngine/Common/DerivedDataCache/Buckets/LegacyTEXTURE/0e/1c/acba14bfd9cc708888c053e1dc1a06fb2ebb.udd" 4590
"E:/Workspace_ISECONVI/ISECONVI/Content/3DTeamAsset/ProceduralBiomes/Textures/T_VegAtlas_02_RAOSSS.uasset" 4591
"C:/Users/minls/AppData/Local/UnrealEngine/Common/DerivedDataCache/Buckets/LegacyTEXTURE/2d/64/12206466f22e28e5afc98cec39c8ad627c93.udd" 4592
"C:/Users/minls/AppData/Local/UnrealEngine/Common/DerivedDataCache/Buckets/LegacyTEXTURE/19/1c/881b5d97e831cd0d3b3c5b2b607f62bbc15d.udd" 4593
"C:/Users/minls/AppData/Local/UnrealEngine/Common/DerivedDataCache/Buckets/BulkDataList/70/88/dfb2d0adedcad6ac5823268949e04839c301.udd" 4594
"E:/Workspace_ISECONVI/ISECONVI/Content/3DTeamAsset/ProceduralBiomes/Textures/T_VegAtlas_03_Bc.uasset" 4595
"C:/Users/minls/AppData/Local/UnrealEngine/Common/DerivedDataCache/Buckets/BulkDataList/ac/d6/21c36608ddc4e111a7278aefff031f7869a3.udd" 4596
"C:/Users/minls/AppData/Local/UnrealEngine/Common/DerivedDataCache/Content/44/f1/1694dfbfaa0aefd62ce9072275e3dd4b31fe.udd" 4597
"C:/Users/minls/AppData/Local/UnrealEngine/Common/DerivedDataCache/Content/ec/ff/e2f0c369605c5e9fee5ad03badf31e85558c.udd" 4598
"C:/Users/minls/AppData/Local/UnrealEngine/Common/DerivedDataCache/Buckets/BulkDataList/f9/8b/eacf621698228981f60d1fcf9391dfaec2f9.udd" 4599
"E:/Workspace_ISECONVI/ISECONVI/Content/3DTeamAsset/ProceduralBiomes/Textures/T_VegAtlas_03_N.uasset" 4600
"C:/Users/minls/AppData/Local/UnrealEngine/Common/DerivedDataCache/Content/c9/e3/c61b88d462f3961f96237bd5d99611a810fb.udd" 4601
"E:/Workspace_ISECONVI/ISECONVI/Content/3DTeamAsset/ProceduralBiomes/Textures/T_VegAtlas_03_O.uasset" 4602
"C:/Users/minls/AppData/Local/UnrealEngine/Common/DerivedDataCache/Buckets/LegacyTEXTURE/dd/6a/10ea9729c757f8cb2ed533fccec210def0cf.udd" 4603
"C:/Users/minls/AppData/Local/UnrealEngine/Common/DerivedDataCache/Buckets/BulkDataList/34/5b/4c7cd4749a1cbc2eac0a262ed24ed752d42b.udd" 4604
"E:/Workspace_ISECONVI/ISECONVI/Content/3DTeamAsset/ProceduralBiomes/Textures/T_VegAtlas_03_RAOSSS.uasset" 4605
"C:/Users/minls/AppData/Local/UnrealEngine/Common/DerivedDataCache/Buckets/LegacyTEXTURE/f9/28/77b3ecbd32369dfb5add2680b599f3125e09.udd" 4606
"C:/Users/minls/AppData/Local/UnrealEngine/Common/DerivedDataCache/Buckets/BulkDataList/0f/45/efba6e3cb8d06f0df5c4f5c5fd8f30b1d6b1.udd" 4607
"C:/Users/minls/AppData/Local/UnrealEngine/Common/DerivedDataCache/Buckets/LegacyTEXTURE/2e/68/ec9a1c87dd3640d7d69554c1954b817ef566.udd" 4608
"E:/Workspace_ISECONVI/ISECONVI/Content/3DTeamAsset/ProceduralBiomes/Textures/T_VegAtlas_04_Bc.uasset" 4609
"C:/Users/minls/AppData/Local/UnrealEngine/Common/DerivedDataCache/Buckets/LegacyTEXTURE/fa/8b/1ded742814e24adce66bbc9d4b34cd595960.udd" 4610
"C:/Users/minls/AppData/Local/UnrealEngine/Common/DerivedDataCache/Buckets/BulkDataList/18/60/df11fdec35785f417b3704db9f21c9a2b32c.udd" 4611
"C:/Users/minls/AppData/Local/UnrealEngine/Common/DerivedDataCache/Buckets/LegacyTEXTURE/cb/bf/4bbc79b986092fbaafac1227485d787cdc8f.udd" 4612
"E:/Workspace_ISECONVI/ISECONVI/Content/3DTeamAsset/ProceduralBiomes/Textures/T_VegAtlas_04_N.uasset" 4613
"C:/Users/minls/AppData/Local/UnrealEngine/Common/DerivedDataCache/Buckets/BulkDataList/8a/32/a8c22804518866d24b36b1d5a32b089b4cc3.udd" 4614
"E:/Workspace_ISECONVI/ISECONVI/Content/3DTeamAsset/ProceduralBiomes/Textures/T_VegAtlas_04_O.uasset" 4615
"C:/Users/minls/AppData/Local/UnrealEngine/Common/DerivedDataCache/Buckets/BulkDataList/b9/56/51873b99a40d1fc5a8f36d3bfefc3457e6a4.udd" 4616
"E:/Workspace_ISECONVI/ISECONVI/Content/3DTeamAsset/ProceduralBiomes/Textures/T_VegAtlas_04_RAOSSS.uasset" 4617
"C:/Users/minls/AppData/Local/UnrealEngine/Common/DerivedDataCache/Buckets/LegacyTEXTURE/8c/f2/4fde80df27d82647166b5fcf6c6a53fcecd9.udd" 4618
"C:/Users/minls/AppData/Local/UnrealEngine/Common/DerivedDataCache/Buckets/BulkDataList/3d/1e/c601da6c11dbebdcd2171f26e8abef78c3d8.udd" 4619
"E:/Workspace_ISECONVI/ISECONVI/Content/3DTeamAsset/ProceduralBiomes/Textures/T_BushBark_02_Bc.uasset" 4620
"C:/Users/minls/AppData/Local/UnrealEngine/Common/DerivedDataCache/Buckets/LegacyTEXTURE/22/7d/cc891332c9852395a79a53fd6cc5ff282094.udd" 4621
"C:/Users/minls/AppData/Local/UnrealEngine/Common/DerivedDataCache/Buckets/BulkDataList/65/94/58b4df1be82a60c4ff6444366886e6b37c74.udd" 4622
"E:/Workspace_ISECONVI/ISECONVI/Content/3DTeamAsset/ProceduralBiomes/Textures/T_BushBark_02_N.uasset" 4623
"C:/Users/minls/AppData/Local/UnrealEngine/Common/DerivedDataCache/Buckets/BulkDataList/11/05/adcbd749060e36d354bf93aa1e1e865bdc5c.udd" 4624
"E:/Workspace_ISECONVI/ISECONVI/Content/3DTeamAsset/ProceduralBiomes/Textures/T_BushBark_02_RAOS.uasset" 4625
"C:/Users/minls/AppData/Local/UnrealEngine/Common/DerivedDataCache/Buckets/LegacyTEXTURE/4b/56/b4ff479d4a3fc747af1ab5471c657c60bc4d.udd" 4626
"C:/Users/minls/AppData/Local/UnrealEngine/Common/DerivedDataCache/Buckets/BulkDataList/18/78/a48ea05a27f26ac7b83471d71a67a7e1d01d.udd" 4627
"E:/Workspace_ISECONVI/ISECONVI/Content/3DTeamAsset/ProceduralBiomes/Textures/T_VegAtlas_09_Bc.uasset" 4628
"C:/Users/minls/AppData/Local/UnrealEngine/Common/DerivedDataCache/Buckets/LegacyTEXTURE/cb/e1/bd9dfb36df9fddffc530b1aa0df8948cf6f5.udd" 4629
"C:/Users/minls/AppData/Local/UnrealEngine/Common/DerivedDataCache/Buckets/LegacyTEXTURE/a4/01/1ae564873c6705c845238c8e7e59dfa61068.udd" 4630
"C:/Users/minls/AppData/Local/UnrealEngine/Common/DerivedDataCache/Buckets/BulkDataList/06/3c/a61a84aa205d6bfd60c1e37ce0c522213f5c.udd" 4631
"E:/Workspace_ISECONVI/ISECONVI/Content/3DTeamAsset/ProceduralBiomes/Textures/T_VegAtlas_09_N.uasset" 4632
"C:/Users/minls/AppData/Local/UnrealEngine/Common/DerivedDataCache/Buckets/BulkDataList/0e/83/8bd59bf274cb72833284e9d11131191437a2.udd" 4633
"C:/Users/minls/AppData/Local/UnrealEngine/Common/DerivedDataCache/Buckets/LegacyTEXTURE/d0/f8/eaf478ec93fcbf6975c37f23c069a1934f9a.udd" 4634
"E:/Workspace_ISECONVI/ISECONVI/Content/3DTeamAsset/ProceduralBiomes/Textures/T_VegAtlas_09_Opacity.uasset" 4635
"C:/Users/minls/AppData/Local/UnrealEngine/Common/DerivedDataCache/Buckets/BulkDataList/0f/52/7ca3feb0255a8c3e863034697d4f24656a70.udd" 4636
"C:/Users/minls/AppData/Local/UnrealEngine/Common/DerivedDataCache/Buckets/LegacyTEXTURE/bf/5b/32f4b68b15bb7aa681f1dcf4629a726e5cd6.udd" 4637
"E:/Workspace_ISECONVI/ISECONVI/Content/3DTeamAsset/ProceduralBiomes/Textures/T_VegAtlas_09_RAOSS.uasset" 4638
"C:/Users/minls/AppData/Local/UnrealEngine/Common/DerivedDataCache/Buckets/LegacyTEXTURE/1a/12/fd58b4dcbb2ee64f4dc6a3e159de2bba23a4.udd" 4639
"C:/Users/minls/AppData/Local/UnrealEngine/Common/DerivedDataCache/Buckets/BulkDataList/42/ca/d4a54162f0e8f12d7b9840e4787f81d15c6c.udd" 4640
"C:/Users/minls/AppData/Local/UnrealEngine/Common/DerivedDataCache/Buckets/LegacyTEXTURE/2c/28/95c5ff53f8a151a9c7835b77d6160a15691a.udd" 4641
"E:/Workspace_ISECONVI/ISECONVI/Content/3DTeamAsset/Vehicle_Truck/Texture/istockphoto-1017270544-170667a.uasset" 4642
"C:/Users/minls/AppData/Local/UnrealEngine/Common/DerivedDataCache/Buckets/LegacyTEXTURE/eb/80/5e05c302d41d271f9e26e1585874d8849a0a.udd" 4643
"C:/Users/minls/AppData/Local/UnrealEngine/Common/DerivedDataCache/Buckets/BulkDataList/4f/0b/39b72f2c5e1db695073a79bca060b3f3967f.udd" 4644
"C:/Users/minls/AppData/Local/UnrealEngine/Common/DerivedDataCache/Buckets/LegacyTEXTURE/3c/f7/4dfbb4aec585c2239b7cd164207ea832d8d5.udd" 4645
"E:/Workspace_ISECONVI/ISECONVI/Content/3DTeamAsset/Vehicle_Truck/Texture/BackLight.uasset" 4646
"C:/Users/minls/AppData/Local/UnrealEngine/Common/DerivedDataCache/Buckets/LegacyTEXTURE/47/19/17acd09b097fc36a79cf532a2f79d74a8fe8.udd" 4647
"C:/Users/minls/AppData/Local/UnrealEngine/Common/DerivedDataCache/Content/0e/64/06802ad145009cc4018e0a7ae373e34599d5.udd" 4648
"C:/Users/minls/AppData/Local/UnrealEngine/Common/DerivedDataCache/Buckets/BulkDataList/e4/ed/cce40437d31c38430557c840435b74943c89.udd" 4649
"C:/Users/minls/AppData/Local/UnrealEngine/Common/DerivedDataCache/Buckets/LegacyTEXTURE/d4/76/989fd9a34d55f421881ec354641bdaaf8a11.udd" 4650
"C:/Users/minls/AppData/Local/UnrealEngine/Common/DerivedDataCache/Buckets/LegacyTEXTURE/0b/08/720fbb1d4e792a755a0368bd2192617021aa.udd" 4651
"C:/Users/minls/AppData/Local/UnrealEngine/Common/DerivedDataCache/Buckets/LegacyTEXTURE/7c/16/69c0b2774347ec35b33d07cc325077bb7cb1.udd" 4652
"C:/Users/minls/AppData/Local/UnrealEngine/Common/DerivedDataCache/Buckets/LegacyTEXTURE/e2/28/7ffff6365f53043b8f3f918339c476046946.udd" 4653
"C:/Users/minls/AppData/Local/UnrealEngine/Common/DerivedDataCache/Buckets/LegacyTEXTURE/c7/33/8d475448e645670dac07cb1d740a131b56c5.udd" 4654
"C:/Users/minls/AppData/Local/UnrealEngine/Common/DerivedDataCache/Content/22/38/89038e2892fbd44b606b73333fb7bd6ef172.udd" 4655
"C:/Users/minls/AppData/Local/UnrealEngine/Common/DerivedDataCache/Buckets/LegacyTEXTURE/d1/91/93b2820f6eed4dfc55e9296473802180e6de.udd" 4656
"C:/Users/minls/AppData/Local/UnrealEngine/Common/DerivedDataCache/Buckets/LegacyTEXTURE/ad/d9/250e3b6253b60158537bb674d8c16f9699b5.udd" 4657
"C:/Users/minls/AppData/Local/UnrealEngine/Common/DerivedDataCache/Buckets/LegacyTEXTURE/9d/c8/ddbc82d4f406d18513083da1ddd2e4917874.udd" 4658
"C:/Users/minls/AppData/Local/UnrealEngine/Common/DerivedDataCache/Buckets/LegacyTEXTURE/d3/32/a276fcf776c7c34e444b7f04950d394a85db.udd" 4659
"C:/Users/minls/AppData/Local/UnrealEngine/Common/DerivedDataCache/Buckets/LegacyTEXTURE/56/02/dcea394868079c6a5cd4fae7cbbdcab94e5b.udd" 4660
"C:/Users/minls/AppData/Local/UnrealEngine/Common/DerivedDataCache/Content/cb/0e/096c1c75f0c62e0536050f26efbcbd29c4df.udd" 4661
"C:/Users/minls/AppData/Local/UnrealEngine/Common/DerivedDataCache/Buckets/LegacyTEXTURE/62/2a/f487e0533b5f679074f26353c04813c40c3d.udd" 4662
"C:/Users/minls/AppData/Local/UnrealEngine/Common/DerivedDataCache/Buckets/LegacyTEXTURE/e2/c7/e5595f16a1fc3fe50b6c40943c94262bb78e.udd" 4663
"C:/Users/minls/AppData/Local/UnrealEngine/Common/DerivedDataCache/Buckets/LegacyTEXTURE/ac/ea/63e306853f31632feccae7c829b0275a3c82.udd" 4664
"C:/Users/minls/AppData/Local/UnrealEngine/Common/DerivedDataCache/Buckets/LegacyTEXTURE/9a/ff/4ad4c879994dec72c86e5007e83facd4c451.udd" 4665
"C:/Users/minls/AppData/Local/UnrealEngine/Common/DerivedDataCache/Buckets/LegacyTEXTURE/01/03/743d1d5c46d9c38e6b4b722811bbe705b166.udd" 4666
"C:/Users/minls/AppData/Local/UnrealEngine/Common/DerivedDataCache/Buckets/LegacyTEXTURE/2a/4b/36cd351a58672f0f56f9611e93ad062601e0.udd" 4667
"C:/Users/minls/AppData/Local/UnrealEngine/Common/DerivedDataCache/Content/65/c4/d8c3c046453633e763a9f9f00a3918ed8dbf.udd" 4668
"C:/Users/minls/AppData/Local/UnrealEngine/Common/DerivedDataCache/Buckets/LegacyTEXTURE/66/d1/d5575eb9e1fd6ad6571dfde13ebfc694d30f.udd" 4669
"C:/Users/minls/AppData/Local/UnrealEngine/Common/DerivedDataCache/Content/07/80/4faeee9f5370e2dd3e984d3cacd6dd90cc89.udd" 4670
"C:/Users/minls/AppData/Local/UnrealEngine/Common/DerivedDataCache/Buckets/LegacyTEXTURE/05/77/fccffb95327494fe84265e1e0d0b6ec23f4e.udd" 4671
"C:/Users/minls/AppData/Local/UnrealEngine/Common/DerivedDataCache/Content/7e/00/42dc6c8211d7985a39637f7839f00cfdaa89.udd" 4672
"C:/Users/minls/AppData/Local/UnrealEngine/Common/DerivedDataCache/Buckets/LegacyTEXTURE/34/83/738ee8acce4ffcc0a1f3ea1dbde666881d17.udd" 4673
"C:/Users/minls/AppData/Local/UnrealEngine/Common/DerivedDataCache/Buckets/LegacyTEXTURE/5b/fe/0619bb57eff398eb240a270999c880a7867d.udd" 4674
"C:/Users/minls/AppData/Local/UnrealEngine/Common/DerivedDataCache/Buckets/LegacyTEXTURE/90/1c/06797ffaa2a938ea6c54df73844f06c97bb5.udd" 4675
"C:/Users/minls/AppData/Local/UnrealEngine/Common/DerivedDataCache/Buckets/LegacyTEXTURE/7b/44/c1670084dbf10871b3acd35d51f40dcf09e9.udd" 4676
"C:/Users/minls/AppData/Local/UnrealEngine/Common/DerivedDataCache/Buckets/LegacyTEXTURE/f1/85/af8829c6dc5346ef082f576fc827f1d05dec.udd" 4677
"C:/Users/minls/AppData/Local/UnrealEngine/Common/DerivedDataCache/Buckets/LegacyTEXTURE/a9/6a/8b74623cc5f90a9142ff08eedc39f5d75ee3.udd" 4678
"C:/Users/minls/AppData/Local/UnrealEngine/Common/DerivedDataCache/Buckets/LegacyTEXTURE/ec/a6/eed46902a1bef1cff55586e521e866e9949a.udd" 4679
"C:/Users/minls/AppData/Local/UnrealEngine/Common/DerivedDataCache/Buckets/LegacyTEXTURE/58/eb/d4afe9da2e7714bf6bfdaf0b958a41a3a8e3.udd" 4680
"C:/Users/minls/AppData/Local/UnrealEngine/Common/DerivedDataCache/Content/46/dd/da4b93a5896486d2de9af9a78ddb470177c4.udd" 4681
"C:/Users/minls/AppData/Local/UnrealEngine/Common/DerivedDataCache/Content/19/b8/247d523f7c98f38bd5ae16fb57afa1b88376.udd" 4682
"E:/Workspace_ISECONVI/ISECONVI/Content/3DTeamAsset/Vehicle_Truck/Texture/BaCK.uasset" 4683
"C:/Users/minls/AppData/Local/UnrealEngine/Common/DerivedDataCache/Buckets/LegacyTEXTURE/06/f1/0fade2e57221427fbf47636963d5dc8685a9.udd" 4684
"C:/Users/minls/AppData/Local/UnrealEngine/Common/DerivedDataCache/Content/5d/b6/bc24f0f011cf7053d1f8c7cb508c8f65e58d.udd" 4685
"C:/Users/minls/AppData/Local/UnrealEngine/Common/DerivedDataCache/Buckets/BulkDataList/15/1b/6e7fb3ae398d5b774ca18e8bc05cf0fdc1b0.udd" 4686
"E:/Workspace_ISECONVI/ISECONVI/Content/3DTeamAsset/Vehicle_Truck/Texture/Side_2.uasset" 4687
"C:/Users/minls/AppData/Local/UnrealEngine/Common/DerivedDataCache/Content/9d/b2/f54a5134704624cedb3b003775afe2ba0482.udd" 4688
"C:/Users/minls/AppData/Local/UnrealEngine/Common/DerivedDataCache/Buckets/BulkDataList/fe/90/05c1bf53e8251ed98790a3d934b9ff9c8284.udd" 4689
"E:/Workspace_ISECONVI/ISECONVI/Content/3DTeamAsset/Vehicle_Truck/Texture/Side.uasset" 4690
"C:/Users/minls/AppData/Local/UnrealEngine/Common/DerivedDataCache/Buckets/LegacyTEXTURE/df/47/c6fdd0aa2354790217b11a8ffe96966759ce.udd" 4691
"C:/Users/minls/AppData/Local/UnrealEngine/Common/DerivedDataCache/Buckets/BulkDataList/20/2a/6d30aac910f33421cfd77d5f1d01ed9b7c2f.udd" 4692
"C:/Users/minls/AppData/Local/UnrealEngine/Common/DerivedDataCache/Buckets/LegacyTEXTURE/27/2f/b298bfbb0034be1d65bba5a9f607fe4fc8a1.udd" 4693
"E:/Workspace_ISECONVI/ISECONVI/Content/3DTeamAsset/Vehicle_Truck/Texture/HeadLight.uasset" 4694
"C:/Users/minls/AppData/Local/UnrealEngine/Common/DerivedDataCache/Buckets/LegacyTEXTURE/09/1f/4f1eae7e2dc87ced693d585fd22738d94dcc.udd" 4695
"C:/Users/minls/AppData/Local/UnrealEngine/Common/DerivedDataCache/Buckets/LegacyTEXTURE/34/88/02e9bcea360e9f552e451bd9f9687d36c477.udd" 4696
"C:/Users/minls/AppData/Local/UnrealEngine/Common/DerivedDataCache/Buckets/LegacyTEXTURE/57/b3/f16516fdbbf18291f96326d916b1226bf12b.udd" 4697
"C:/Users/minls/AppData/Local/UnrealEngine/Common/DerivedDataCache/Buckets/BulkDataList/a5/6f/33e749a13adb13f7a4a09593bece2cb43e08.udd" 4698
"E:/Workspace_ISECONVI/ISECONVI/Content/3DTeamAsset/Vehicle_Truck/Texture/123_DefaultMaterial_BaseColor.uasset" 4699
"C:/Users/minls/AppData/Local/UnrealEngine/Common/DerivedDataCache/Buckets/LegacyTEXTURE/b2/46/46b030cacc462a3da3a3c55ff32b0bec776e.udd" 4700
"C:/Users/minls/AppData/Local/UnrealEngine/Common/DerivedDataCache/Buckets/LegacyTEXTURE/b9/8b/07de313e9b003f6044223e52d7cc6304ec1d.udd" 4701
"C:/Users/minls/AppData/Local/UnrealEngine/Common/DerivedDataCache/Buckets/LegacyTEXTURE/7c/b4/1da407cd953879668d6d51cb2f1a9d27df2c.udd" 4702
"C:/Users/minls/AppData/Local/UnrealEngine/Common/DerivedDataCache/Buckets/BulkDataList/b1/99/e9ddc4e22af54e0858eabeed3af36e5c131d.udd" 4703
"E:/Workspace_ISECONVI/ISECONVI/Content/3DTeamAsset/Vehicle_Truck/Texture/1251_2.uasset" 4704
"C:/Users/minls/AppData/Local/UnrealEngine/Common/DerivedDataCache/Buckets/LegacyTEXTURE/17/bb/45bb9ed2d2d28b5383b13d5f7575ea0c3613.udd" 4705
"C:/Users/minls/AppData/Local/UnrealEngine/Common/DerivedDataCache/Buckets/LegacyTEXTURE/c7/fd/f6eed88a82aa72c1ebf1ce1f25236f871d73.udd" 4706
"C:/Users/minls/AppData/Local/UnrealEngine/Common/DerivedDataCache/Buckets/LegacyTEXTURE/82/8c/227d48ebdec58c3ad526b6f07f4770bac8ae.udd" 4707
"C:/Users/minls/AppData/Local/UnrealEngine/Common/DerivedDataCache/Buckets/BulkDataList/39/eb/e60156a0881f1c6092d0d70633b0aa32f467.udd" 4708
"C:/Users/minls/AppData/Local/UnrealEngine/Common/DerivedDataCache/Buckets/LegacyTEXTURE/ed/2d/ad1df80393f9eab06623f996c4ccfe1e94a7.udd" 4709
"E:/Workspace_ISECONVI/ISECONVI/Content/CartoonSkyShader/Materials/MaterialFunctions/Moon/MF_Moon.uasset" 4710
"C:/Users/minls/AppData/Local/UnrealEngine/Common/DerivedDataCache/Content/a5/25/3f322ef2fd924827861260aa99afb3120075.udd" 4711
"C:/Users/minls/AppData/Local/UnrealEngine/Common/DerivedDataCache/Buckets/LegacyTEXTURE/da/57/7e3a2ab00d88fddf095e015e9110b6ed053b.udd" 4712
"C:/Users/minls/AppData/Local/UnrealEngine/Common/DerivedDataCache/Buckets/LegacyTEXTURE/65/e6/b87364832eb8a20956e0289c293d9b5ea240.udd" 4713
"C:/Users/minls/AppData/Local/UnrealEngine/Common/DerivedDataCache/Content/f7/7d/a1034dfc1cfeb11f7cf50f535aa0eda85b85.udd" 4714
"C:/Users/minls/AppData/Local/UnrealEngine/Common/DerivedDataCache/Content/99/38/8c31d0759f41f83d606accded56da837fb0f.udd" 4715
"C:/Users/minls/AppData/Local/UnrealEngine/Common/DerivedDataCache/Buckets/LegacyTEXTURE/b4/1c/a837ef760d97e907a0661f6b18c5f63b806c.udd" 4716
"C:/Users/minls/AppData/Local/UnrealEngine/Common/DerivedDataCache/Buckets/BulkDataList/89/77/a2babeec6b418fe12c0a06f3cb18e95547c0.udd" 4717
"E:/Workspace_ISECONVI/ISECONVI/Content/CartoonSkyShader/Materials/MaterialFunctions/Sky/MF_Sky.uasset" 4718
"C:/Users/minls/AppData/Local/UnrealEngine/Common/DerivedDataCache/Buckets/LegacyTEXTURE/26/67/0c186e0b5fab6d9fe7b69f37578120627f5e.udd" 4719
"C:/Users/minls/AppData/Local/UnrealEngine/Common/DerivedDataCache/Buckets/LegacyTEXTURE/d8/e8/d50351f4cef5eced80196e0a670432731436.udd" 4720
"C:/Users/minls/AppData/Local/UnrealEngine/Common/DerivedDataCache/Content/0e/13/407264ad8852e05549bcdd48916ce205ca05.udd" 4721
"C:/Users/minls/AppData/Local/UnrealEngine/Common/DerivedDataCache/Buckets/LegacyTEXTURE/bf/45/117e5986d17d624073d3a497596eff474170.udd" 4722
"C:/Users/minls/AppData/Local/UnrealEngine/Common/DerivedDataCache/Buckets/BulkDataList/88/2e/af6bb9e67c3514008df1fe8e8cb71581c954.udd" 4723
"C:/Users/minls/AppData/Local/UnrealEngine/Common/DerivedDataCache/Buckets/LegacyTEXTURE/fb/ee/2c356bed0bafed74a19b2dc65b509ca37990.udd" 4724
"E:/Workspace_ISECONVI/ISECONVI/Content/CartoonSkyShader/Materials/MaterialFunctions/Stars/MF_Stars.uasset" 4725
"C:/Users/minls/AppData/Local/UnrealEngine/Common/DerivedDataCache/Buckets/BulkDataList/18/80/b38d2de2f055dd5808d3281b1a52078e8eeb.udd" 4726
"C:/Users/minls/AppData/Local/UnrealEngine/Common/DerivedDataCache/Content/9f/b2/c26f4111ee3a88ca911a4c7093182f474575.udd" 4727
"C:/Users/minls/AppData/Local/UnrealEngine/Common/DerivedDataCache/Buckets/LegacyTEXTURE/59/1b/3c3f6cb5075a255eaee9fbd6a1bdf91e4931.udd" 4728
"E:/Workspace_ISECONVI/ISECONVI/Content/CartoonSkyShader/Materials/MaterialFunctions/Sun/MF_Sun.uasset" 4729
"C:/Users/minls/AppData/Local/UnrealEngine/Common/DerivedDataCache/Buckets/BulkDataList/4d/ab/ac40c1962812002c741822cc0e23b94def77.udd" 4730
"E:/Workspace_ISECONVI/ISECONVI/Content/CartoonSkyShader/Materials/MaterialFunctions/Utility/MF_HSL.uasset" 4731
"C:/Users/minls/AppData/Local/UnrealEngine/Common/DerivedDataCache/Buckets/BulkDataList/2c/f6/254f87e348695f3dc120ade6d225eb60a069.udd" 4732
"E:/Workspace_ISECONVI/ISECONVI/Content/CartoonSkyShader/Materials/MaterialFunctions/Utility/MF_Position_Falloff.uasset" 4733
"C:/Users/minls/AppData/Local/UnrealEngine/Common/DerivedDataCache/Content/33/96/7d5b8f73c7008a272cf8e1dc0f4f28547ccd.udd" 4734
"C:/Users/minls/AppData/Local/UnrealEngine/Common/DerivedDataCache/Buckets/BulkDataList/73/41/610c961feb9ce7258b6c995ebb2213a9de51.udd" 4735
"E:/Workspace_ISECONVI/ISECONVI/Content/CartoonSkyShader/Textures/ColorCurves/MoonColor/MoonColor_Curve_01.uasset" 4736
"C:/Users/minls/AppData/Local/UnrealEngine/Common/DerivedDataCache/Buckets/BulkDataList/c3/51/96bc69f854f75ca50d99110bc1f2053e00c5.udd" 4737
"C:/Users/minls/AppData/Local/UnrealEngine/Common/DerivedDataCache/Buckets/LegacyTEXTURE/e2/1e/1e02e85f1472242ea7bd1d78947d581d1a13.udd" 4738
"C:/Users/minls/AppData/Local/UnrealEngine/Common/DerivedDataCache/Buckets/LegacyTEXTURE/cb/63/e0bb60a0f262428e298bca4318bb380c176f.udd" 4739
"E:/Workspace_ISECONVI/ISECONVI/Content/CartoonSkyShader/Textures/ColorCurves/SkyHorizonColor/SkyHorizonColor_Curve_01.uasset" 4740
"C:/Users/minls/AppData/Local/UnrealEngine/Common/DerivedDataCache/Buckets/BulkDataList/8c/96/263bd3100df33ade31ccbd58ade116634160.udd" 4741
"E:/Workspace_ISECONVI/ISECONVI/Content/CartoonSkyShader/Textures/ColorCurves/SkyZenithColor/SkyZenithColor_Curve_01.uasset" 4742
"C:/Users/minls/AppData/Local/UnrealEngine/Common/DerivedDataCache/Buckets/BulkDataList/ab/50/f40550f3ff240588c7dea2eee1c120ea60ee.udd" 4743
"C:/Users/minls/AppData/Local/UnrealEngine/Common/DerivedDataCache/Buckets/LegacyTEXTURE/7b/4e/8680456c3c5b5f60beabe1e80906d7691849.udd" 4744
"E:/Workspace_ISECONVI/ISECONVI/Content/CartoonSkyShader/Textures/ColorCurves/StarsColor/StarsColor_Curve_01.uasset" 4745
"C:/Users/minls/AppData/Local/UnrealEngine/Common/DerivedDataCache/Buckets/BulkDataList/c2/16/688bb27228055c0c38626438baeebc3b1fcc.udd" 4746
"C:/Users/minls/AppData/Local/UnrealEngine/Common/DerivedDataCache/Buckets/LegacyTEXTURE/37/ec/8dfcf528b79107d3b7215d307a07d2d0484c.udd" 4747
"C:/Users/minls/AppData/Local/UnrealEngine/Common/DerivedDataCache/Buckets/LegacyTEXTURE/d6/16/da33a9004e0baa1d7fb4206bc7fc51b49f2a.udd" 4748
"C:/Users/minls/AppData/Local/UnrealEngine/Common/DerivedDataCache/Buckets/LegacyTEXTURE/0e/9e/d4d4a4ecb35a300b388d871ba85f7cf1bb4b.udd" 4749
"C:/Users/minls/AppData/Local/UnrealEngine/Common/DerivedDataCache/Buckets/LegacyTEXTURE/22/3f/6516a22114ac57ebfe4861516c486f258749.udd" 4750
"C:/Users/minls/AppData/Local/UnrealEngine/Common/DerivedDataCache/Buckets/LegacyTEXTURE/5a/f0/efc3644acc8cfe455fa2bb5e8a13899adf1b.udd" 4751
"C:/Users/minls/AppData/Local/UnrealEngine/Common/DerivedDataCache/Buckets/LegacyTEXTURE/a4/a8/9cfaa38e58eb858c6bd5422e11e79e7a8eea.udd" 4752
"C:/Users/minls/AppData/Local/UnrealEngine/Common/DerivedDataCache/Buckets/LegacyTEXTURE/e4/75/c56cea735fa34351f76d8401ea841949a274.udd" 4753
"C:/Users/minls/AppData/Local/UnrealEngine/Common/DerivedDataCache/Buckets/LegacyTEXTURE/36/d5/01fcd64af4fff733724559d9771f963d182f.udd" 4754
"C:/Users/minls/AppData/Local/UnrealEngine/Common/DerivedDataCache/Content/d4/7b/bd440d1d9825609584b972ed94a9d5cb4078.udd" 4755
"C:/Users/minls/AppData/Local/UnrealEngine/Common/DerivedDataCache/Buckets/LegacyTEXTURE/19/32/da6df5cb597b367cd4b6cbb56cd173c04d6b.udd" 4756
"C:/Users/minls/AppData/Local/UnrealEngine/Common/DerivedDataCache/Buckets/LegacyTEXTURE/b5/fc/b4dce2843c560996089424a4d1801bcd8cd9.udd" 4757
"C:/Users/minls/AppData/Local/UnrealEngine/Common/DerivedDataCache/Content/f3/4b/d634e6360c9a569a7781851b9531d1a1ec2b.udd" 4758
"C:/Users/minls/AppData/Local/UnrealEngine/Common/DerivedDataCache/Buckets/LegacyTEXTURE/08/87/7fc37fb7e49b287b7f76f0c1403302220c9c.udd" 4759
"C:/Users/minls/AppData/Local/UnrealEngine/Common/DerivedDataCache/Buckets/LegacyTEXTURE/6b/95/f81819e5c3936c3e953fc7d7910f52801d59.udd" 4760
"C:/Users/minls/AppData/Local/UnrealEngine/Common/DerivedDataCache/Buckets/LegacyTEXTURE/d2/4b/44033d4a5635a8c7dacff00e5f7f3f1e44a3.udd" 4761
"C:/Users/minls/AppData/Local/UnrealEngine/Common/DerivedDataCache/Content/c7/86/2871484cfcbe9cb1088307b47e3bc3f9d832.udd" 4762
"C:/Users/minls/AppData/Local/UnrealEngine/Common/DerivedDataCache/Buckets/LegacyTEXTURE/3b/3a/dc771a8e303562eb77150ef1eb771faa101d.udd" 4763
"C:/Users/minls/AppData/Local/UnrealEngine/Common/DerivedDataCache/Buckets/LegacyTEXTURE/c8/4b/a97212a99ee667bd400d0ec5bb9630a06c11.udd" 4764
"C:/Users/minls/AppData/Local/UnrealEngine/Common/DerivedDataCache/Buckets/LegacyTEXTURE/19/b6/87880517b0e2e8d256f2fa72adbbe831c77a.udd" 4765
"C:/Users/minls/AppData/Local/UnrealEngine/Common/DerivedDataCache/Buckets/LegacyTEXTURE/ec/3d/995983e90d69956012da5b6ac9cf6ee28b86.udd" 4766
"C:/Users/minls/AppData/Local/UnrealEngine/Common/DerivedDataCache/Content/18/1c/cd969341b89b6a9a3633230efca4f36386cc.udd" 4767
"C:/Users/minls/AppData/Local/UnrealEngine/Common/DerivedDataCache/Buckets/LegacyTEXTURE/85/37/8218753f6c2da4236114c55cd7a223f90342.udd" 4768
"C:/Users/minls/AppData/Local/UnrealEngine/Common/DerivedDataCache/Buckets/LegacyTEXTURE/bf/8e/d614ec7e347958df8b4452cd3afadd616f54.udd" 4769
"C:/Users/minls/AppData/Local/UnrealEngine/Common/DerivedDataCache/Buckets/LegacyTEXTURE/ef/29/8814dded5e335eb56bd2be8c6c71c7356ed2.udd" 4770
"C:/Users/minls/AppData/Local/UnrealEngine/Common/DerivedDataCache/Buckets/LegacyTEXTURE/fc/3b/f2b5726ee19290130336a4cad9a7bc627e46.udd" 4771
"C:/Users/minls/AppData/Local/UnrealEngine/Common/DerivedDataCache/Buckets/LegacyTEXTURE/56/ce/977f2a1a6ff65489a91d2634b01310beb665.udd" 4772
"C:/Users/minls/AppData/Local/UnrealEngine/Common/DerivedDataCache/Buckets/LegacyTEXTURE/c3/ff/01281937884cf10d82eecdfb71a85f383640.udd" 4773
"C:/Users/minls/AppData/Local/UnrealEngine/Common/DerivedDataCache/Content/6a/a4/63d2c5a4c16b13f4023c2a4224c579e17b8e.udd" 4774
"C:/Users/minls/AppData/Local/UnrealEngine/Common/DerivedDataCache/Buckets/LegacyTEXTURE/ce/0d/8eee9519c57ee8876adb70e95f69f75de710.udd" 4775
"C:/Users/minls/AppData/Local/UnrealEngine/Common/DerivedDataCache/Buckets/LegacyTEXTURE/83/b7/ee30d85bb4fdc52c5943cbef33b74e33341a.udd" 4776
"C:/Users/minls/AppData/Local/UnrealEngine/Common/DerivedDataCache/Content/b4/77/46903077f7af2b25206cbafb58099bc99334.udd" 4777
"C:/Users/minls/AppData/Local/UnrealEngine/Common/DerivedDataCache/Buckets/LegacyTEXTURE/a0/28/df49bcb9ebdebba109d2da68df09b1ee550b.udd" 4778
"C:/Users/minls/AppData/Local/UnrealEngine/Common/DerivedDataCache/Buckets/LegacyTEXTURE/ff/5e/365673a5a115863a8fe758373df827ac0fa9.udd" 4779
"C:/Users/minls/AppData/Local/UnrealEngine/Common/DerivedDataCache/Buckets/LegacyTEXTURE/8c/18/c2ef0d49c3c389e5f831ab16f7bb2733e3e1.udd" 4780
"C:/Users/minls/AppData/Local/UnrealEngine/Common/DerivedDataCache/Buckets/LegacyTEXTURE/cb/a3/302a010202b5f8b0136b3c227d66a7acc2a9.udd" 4781
"C:/Users/minls/AppData/Local/UnrealEngine/Common/DerivedDataCache/Buckets/LegacyTEXTURE/d5/7d/11ffdfa5845a1ba509bfcb6b65f24b9df20c.udd" 4782
"C:/Users/minls/AppData/Local/UnrealEngine/Common/DerivedDataCache/Buckets/LegacyTEXTURE/82/b3/6a99c46553c4de1fcbd7cd6435f5e6ece0de.udd" 4783
"C:/Users/minls/AppData/Local/UnrealEngine/Common/DerivedDataCache/Content/74/51/8dd550554baf0a0bae879b24356209305304.udd" 4784
"C:/Users/minls/AppData/Local/UnrealEngine/Common/DerivedDataCache/Buckets/LegacyTEXTURE/42/ad/0400d9d9537413067bf907e1f81d69e35b93.udd" 4785
"C:/Users/minls/AppData/Local/UnrealEngine/Common/DerivedDataCache/Buckets/LegacyTEXTURE/0d/83/ca900663f46de27299efe79ea8bad6d5ef62.udd" 4786
"C:/Users/minls/AppData/Local/UnrealEngine/Common/DerivedDataCache/Buckets/LegacyTEXTURE/e1/9d/7cc376cb64a31aba82e3065a90b902e28a45.udd" 4787
"C:/Users/minls/AppData/Local/UnrealEngine/Common/DerivedDataCache/Buckets/LegacyTEXTURE/d9/7a/4f23293c87ff559d127ec382ba756363564a.udd" 4788
"C:/Users/minls/AppData/Local/UnrealEngine/Common/DerivedDataCache/Buckets/LegacyTEXTURE/b9/b5/8b9508544baf4143a40bd10155651532fc28.udd" 4789
"C:/Users/minls/AppData/Local/UnrealEngine/Common/DerivedDataCache/Buckets/LegacyTEXTURE/9d/ca/6743c72e447bc108d44b16b575d0067439e3.udd" 4790
"C:/Users/minls/AppData/Local/UnrealEngine/Common/DerivedDataCache/Content/05/b9/b0d2fd67a286d14227b96904fa25bf51a9c4.udd" 4791
"C:/Users/minls/AppData/Local/UnrealEngine/Common/DerivedDataCache/Content/55/48/9948593e9968cea70d02ca7d3177f2d4ea5a.udd" 4792
"C:/Users/minls/AppData/Local/UnrealEngine/Common/DerivedDataCache/Buckets/LegacyTEXTURE/20/4d/a9b498aa9e831a57c106af50388eb5b233d5.udd" 4793
"C:/Users/minls/AppData/Local/UnrealEngine/Common/DerivedDataCache/Content/ec/7e/ef6e191c49e459bccaf59babe1ab329ef30a.udd" 4794
"C:/Users/minls/AppData/Local/UnrealEngine/Common/DerivedDataCache/Buckets/LegacyTEXTURE/b6/49/b6013bf43cfdccd6f3420d85c0e6b29cdb42.udd" 4795
"C:/Users/minls/AppData/Local/UnrealEngine/Common/DerivedDataCache/Content/e7/ba/c6cbed227e4efa17eb79a89cf35889b8eb04.udd" 4796
"C:/Users/minls/AppData/Local/UnrealEngine/Common/DerivedDataCache/Buckets/LegacyTEXTURE/11/6e/a27bed42d30ebeee493a999decb25f0f9ba1.udd" 4797
"C:/Users/minls/AppData/Local/UnrealEngine/Common/DerivedDataCache/Buckets/LegacyTEXTURE/2c/ba/74a3a63ef683a90c2db8698f508b6f802852.udd" 4798
"C:/Users/minls/AppData/Local/UnrealEngine/Common/DerivedDataCache/Buckets/LegacyTEXTURE/94/1b/f282f1e14ad63a2110b55b1fc453ff6057e5.udd" 4799
"C:/Users/minls/AppData/Local/UnrealEngine/Common/DerivedDataCache/Buckets/LegacyTEXTURE/e9/83/93eba64741d6a295e7656288e8b0fce7b8ef.udd" 4800
"C:/Users/minls/AppData/Local/UnrealEngine/Common/DerivedDataCache/Buckets/LegacyTEXTURE/75/27/c235b3f52216357f2e1514a0daeb7efdaf4b.udd" 4801
"C:/Users/minls/AppData/Local/UnrealEngine/Common/DerivedDataCache/Buckets/LegacyTEXTURE/bf/78/a5743a729c66d9932c17bf798750b4741f64.udd" 4802
"C:/Users/minls/AppData/Local/UnrealEngine/Common/DerivedDataCache/Buckets/LegacyTEXTURE/a1/b1/63eab937647c8fdab2ed1550f7a0b22d2d32.udd" 4803
"C:/Users/minls/AppData/Local/UnrealEngine/Common/DerivedDataCache/Buckets/LegacyTEXTURE/b0/b5/b8427929ab32835fe49d613621c65fed6556.udd" 4804
"C:/Users/minls/AppData/Local/UnrealEngine/Common/DerivedDataCache/Buckets/LegacyTEXTURE/c8/7f/e6b9844dd462e7c3c3df2d1d703db8c14c4c.udd" 4805
"C:/Users/minls/AppData/Local/UnrealEngine/Common/DerivedDataCache/Buckets/LegacyTEXTURE/91/cf/3cb924d2f88779ecf53a335bc9287723b4de.udd" 4806
"C:/Users/minls/AppData/Local/UnrealEngine/Common/DerivedDataCache/Content/79/02/d92b075f6196373b46fabf62f8b486b01433.udd" 4807
"C:/Users/minls/AppData/Local/UnrealEngine/Common/DerivedDataCache/Buckets/LegacyTEXTURE/f8/d0/10e568ce86afeb3400389d7509d6ca4c1e0c.udd" 4808
"C:/Users/minls/AppData/Local/UnrealEngine/Common/DerivedDataCache/Buckets/LegacyTEXTURE/49/d9/a521e229df66e4e8fddbc097cf84fe5259db.udd" 4809
"C:/Users/minls/AppData/Local/UnrealEngine/Common/DerivedDataCache/Buckets/LegacyTEXTURE/76/fc/7201f6d30f859ce992b52325e81b2a40faa2.udd" 4810
"C:/Users/minls/AppData/Local/UnrealEngine/Common/DerivedDataCache/Content/d5/2d/21fb697cc9f8a0d126e446b93b8e924a00eb.udd" 4811
"C:/Users/minls/AppData/Local/UnrealEngine/Common/DerivedDataCache/Buckets/LegacyTEXTURE/ca/d1/a503c7df6170d7f5a425bd52586cc4217589.udd" 4812
"C:/Users/minls/AppData/Local/UnrealEngine/Common/DerivedDataCache/Buckets/LegacyTEXTURE/0f/97/1744a71150e5207c4b7ee12560e66aecf22c.udd" 4813
"C:/Users/minls/AppData/Local/UnrealEngine/Common/DerivedDataCache/Buckets/LegacyTEXTURE/0f/ef/3c2749653afd1cbd008bcc985887f5ec4656.udd" 4814
"C:/Users/minls/AppData/Local/UnrealEngine/Common/DerivedDataCache/Buckets/LegacyTEXTURE/41/e4/b6089462af3de504bfbb751e5d62d0544bf8.udd" 4815
"C:/Users/minls/AppData/Local/UnrealEngine/Common/DerivedDataCache/Buckets/LegacyTEXTURE/f2/79/4e7f75ee109ef9abd0954d447913222eecef.udd" 4816
"C:/Users/minls/AppData/Local/UnrealEngine/Common/DerivedDataCache/Buckets/LegacyTEXTURE/0c/9a/20e5a2e26cc82e4eca009fd303c32c6c90b7.udd" 4817
"C:/Users/minls/AppData/Local/UnrealEngine/Common/DerivedDataCache/Buckets/LegacyTEXTURE/dd/d1/95cf4f978f0dc37b8bbec894d2252197ac95.udd" 4818
"C:/Users/minls/AppData/Local/UnrealEngine/Common/DerivedDataCache/Buckets/LegacyTEXTURE/68/6d/302137394092d642b3975449bc7b463bea50.udd" 4819
"C:/Users/minls/AppData/Local/UnrealEngine/Common/DerivedDataCache/Buckets/LegacyTEXTURE/bc/f0/88e2f4caac874057a040b9b15c62efa2908c.udd" 4820
"C:/Users/minls/AppData/Local/UnrealEngine/Common/DerivedDataCache/Content/14/1a/5af81910e5a13a618e8cec373cbe6369cee6.udd" 4821
"C:/Users/minls/AppData/Local/UnrealEngine/Common/DerivedDataCache/Buckets/LegacyTEXTURE/53/2d/83b5bdc410a35e8e525376a79af46fa8eaa3.udd" 4822
"C:/Users/minls/AppData/Local/UnrealEngine/Common/DerivedDataCache/Buckets/LegacyTEXTURE/45/77/1c9c3c9a92b57ad5dd1c7a1191c32f83017f.udd" 4823
"C:/Users/minls/AppData/Local/UnrealEngine/Common/DerivedDataCache/Buckets/LegacyTEXTURE/b4/fb/97a4d986e3ca6aad620839a26344d351c34a.udd" 4824
"C:/Users/minls/AppData/Local/UnrealEngine/Common/DerivedDataCache/Content/0f/a3/2e9086408fdaac95d5112fc1c25bb348f8e2.udd" 4825
"C:/Users/minls/AppData/Local/UnrealEngine/Common/DerivedDataCache/Content/4f/c6/ba07aa29e2570a792f0523984139d1025552.udd" 4826
"C:/Users/minls/AppData/Local/UnrealEngine/Common/DerivedDataCache/Buckets/LegacyTEXTURE/8c/70/50ea95d06c2a3126ebf520843d6b747f138d.udd" 4827
"C:/Users/minls/AppData/Local/UnrealEngine/Common/DerivedDataCache/Buckets/LegacyTEXTURE/95/61/3e648ebfc459ca8aad71eb0ca178dfbb74db.udd" 4828
"C:/Users/minls/AppData/Local/UnrealEngine/Common/DerivedDataCache/Content/3c/7c/a430c8d842658f9f061c2620fdc03e8a4524.udd" 4829
"C:/Users/minls/AppData/Local/UnrealEngine/Common/DerivedDataCache/Buckets/LegacyTEXTURE/ef/c8/8717849425ebd9d57acad8d8069ee25c5d8d.udd" 4830
"C:/Users/minls/AppData/Local/UnrealEngine/Common/DerivedDataCache/Buckets/LegacyTEXTURE/29/56/73e70cc408f317b379515ac9effaf83ef6cb.udd" 4831
"C:/Users/minls/AppData/Local/UnrealEngine/Common/DerivedDataCache/Buckets/LegacyTEXTURE/af/4c/b65e2e2780f82daee10526d09b42f8c6bd5c.udd" 4832
"C:/Users/minls/AppData/Local/UnrealEngine/Common/DerivedDataCache/Buckets/LegacyTEXTURE/b7/dd/13dd9c5ffa1e8fec24f2819f236ccff92513.udd" 4833
"C:/Users/minls/AppData/Local/UnrealEngine/Common/DerivedDataCache/Buckets/LegacyTEXTURE/41/d3/9dc414d36f7e30304bcb5f5d463f0d22c08e.udd" 4834
"C:/Users/minls/AppData/Local/UnrealEngine/Common/DerivedDataCache/Buckets/LegacyTEXTURE/ba/00/f8dff17101a7c1aa54428409a29302644246.udd" 4835
"C:/Users/minls/AppData/Local/UnrealEngine/Common/DerivedDataCache/Buckets/LegacyTEXTURE/cb/dc/855d5b6b6f5774554e1d567f75d3f491deb8.udd" 4836
"C:/Users/minls/AppData/Local/UnrealEngine/Common/DerivedDataCache/Buckets/LegacyTEXTURE/1f/2f/fbe843a521eee2413c42fa10bff065fe13ce.udd" 4837
"C:/Users/minls/AppData/Local/UnrealEngine/Common/DerivedDataCache/Buckets/LegacyTEXTURE/66/cd/27708ecf6de980b12f63362274c744e4e791.udd" 4838
"C:/Users/minls/AppData/Local/UnrealEngine/Common/DerivedDataCache/Buckets/LegacyTEXTURE/2e/dd/35b67858c060feb5a23ca43c1c00dd69bfca.udd" 4839
"C:/Users/minls/AppData/Local/UnrealEngine/Common/DerivedDataCache/Buckets/LegacyTEXTURE/0e/a0/bdcc1c1a3ca45402866e4a782cb457a41f29.udd" 4840
"C:/Users/minls/AppData/Local/UnrealEngine/Common/DerivedDataCache/Buckets/LegacyTEXTURE/57/3a/a0de59a82d91f46715533043414a1162f10d.udd" 4841
"C:/Users/minls/AppData/Local/UnrealEngine/Common/DerivedDataCache/Content/2d/af/3c679b41d6bf9e7709be755a15e679677e39.udd" 4842
"C:/Users/minls/AppData/Local/UnrealEngine/Common/DerivedDataCache/Buckets/LegacyTEXTURE/1e/c2/926076d124a76b1c59d509e294b0d920fe0c.udd" 4843
"C:/Users/minls/AppData/Local/UnrealEngine/Common/DerivedDataCache/Buckets/LegacyTEXTURE/45/9d/2cc64f7ba0ba821b403315ff5824718dba5b.udd" 4844
"C:/Users/minls/AppData/Local/UnrealEngine/Common/DerivedDataCache/Content/58/c8/7e7bc5c09755b3ae1da78f1fe464f1a460c2.udd" 4845
"C:/Users/minls/AppData/Local/UnrealEngine/Common/DerivedDataCache/Buckets/LegacyTEXTURE/d3/69/55a3d72c6e56ee3e5e667bfdd47b6d9c47ba.udd" 4846
"C:/Users/minls/AppData/Local/UnrealEngine/Common/DerivedDataCache/Buckets/LegacyTEXTURE/75/1d/0a823759c276c125bcf01bdc836770cc3fc4.udd" 4847
"C:/Users/minls/AppData/Local/UnrealEngine/Common/DerivedDataCache/Buckets/LegacyTEXTURE/35/a9/d33159c8972c9badd8cd7fc909add8ca2a32.udd" 4848
"C:/Users/minls/AppData/Local/UnrealEngine/Common/DerivedDataCache/Content/e7/82/524252ee699731030753d6bc8ab989508de1.udd" 4849
"C:/Users/minls/AppData/Local/UnrealEngine/Common/DerivedDataCache/Buckets/LegacyTEXTURE/6c/b2/d0370267162540e3d78e3305b17ffe0f8305.udd" 4850
"C:/Users/minls/AppData/Local/UnrealEngine/Common/DerivedDataCache/Buckets/LegacyTEXTURE/7c/27/b13f978b37dfc1a4c669fb2575d3b2f5b890.udd" 4851
"C:/Users/minls/AppData/Local/UnrealEngine/Common/DerivedDataCache/Content/37/16/c5550481d520c12662eb40eb9dc8d49bb36d.udd" 4852
"C:/Users/minls/AppData/Local/UnrealEngine/Common/DerivedDataCache/Buckets/LegacyTEXTURE/82/fd/98395a394ba9c466f8166cf989d5d6f0cc7d.udd" 4853
"C:/Users/minls/AppData/Local/UnrealEngine/Common/DerivedDataCache/Buckets/LegacyTEXTURE/9b/83/39b39c55a05f5fad83bf51749e5aa2c5ff9f.udd" 4854
"C:/Users/minls/AppData/Local/UnrealEngine/Common/DerivedDataCache/Buckets/LegacyTEXTURE/f0/84/ea69b83a93e477316300877f999ada3b942b.udd" 4855
"C:/Users/minls/AppData/Local/UnrealEngine/Common/DerivedDataCache/Buckets/LegacyTEXTURE/0d/2d/e44204bedd963e52364f242852a92da49c24.udd" 4856
"C:/Users/minls/AppData/Local/UnrealEngine/Common/DerivedDataCache/Buckets/LegacyTEXTURE/72/40/f65728acc4b3fd358add004dce21e5933677.udd" 4857
"C:/Users/minls/AppData/Local/UnrealEngine/Common/DerivedDataCache/Buckets/LegacyTEXTURE/80/24/5bca72d0ffaa60a4e05e67e96418e30400f6.udd" 4858
"C:/Users/minls/AppData/Local/UnrealEngine/Common/DerivedDataCache/Content/97/f2/da7fe3da96625cf3535770050ec28f5f81b0.udd" 4859
"C:/Users/minls/AppData/Local/UnrealEngine/Common/DerivedDataCache/Buckets/LegacyTEXTURE/75/b6/dadaab62edfaab5ce54765e8345a25cf3fb5.udd" 4860
"C:/Users/minls/AppData/Local/UnrealEngine/Common/DerivedDataCache/Buckets/LegacyTEXTURE/91/ad/f2704b676b9613ec871c04dafe832c5b6be4.udd" 4861
"C:/Users/minls/AppData/Local/UnrealEngine/Common/DerivedDataCache/Buckets/LegacyTEXTURE/a8/f2/fc3399b5c97a65c6a6717dc87f38bf1a6498.udd" 4862
"C:/Users/minls/AppData/Local/UnrealEngine/Common/DerivedDataCache/Buckets/LegacyTEXTURE/c0/44/03f185910cfc0ba9c1c53839d2e37b094039.udd" 4863
"C:/Users/minls/AppData/Local/UnrealEngine/Common/DerivedDataCache/Buckets/LegacyTEXTURE/65/29/38a3fa0f99cdd041d60ea72f82b232c43d52.udd" 4864
"C:/Users/minls/AppData/Local/UnrealEngine/Common/DerivedDataCache/Buckets/LegacyTEXTURE/1d/bf/a10f7bb5ded9569eba22249a009d7d411100.udd" 4865
"C:/Users/minls/AppData/Local/UnrealEngine/Common/DerivedDataCache/Buckets/LegacyTEXTURE/78/26/034dcb0bfaabec6baa5924f64eb28cbc07dc.udd" 4866
"C:/Users/minls/AppData/Local/UnrealEngine/Common/DerivedDataCache/Content/14/a1/772d93320cea9563d61a2201ee1ec9f2dc0f.udd" 4867
"C:/Users/minls/AppData/Local/UnrealEngine/Common/DerivedDataCache/Buckets/LegacyTEXTURE/db/b7/e2e36a0da9a359280f7c5776548ca275fc3b.udd" 4868
"C:/Users/minls/AppData/Local/UnrealEngine/Common/DerivedDataCache/Content/7b/84/17ecca974a66221c679f662225b4b02fa536.udd" 4869
"C:/Users/minls/AppData/Local/UnrealEngine/Common/DerivedDataCache/Buckets/LegacyTEXTURE/4d/12/9cbe2b68c316fb05c9a534634d486f7e2777.udd" 4870
"C:/Users/minls/AppData/Local/UnrealEngine/Common/DerivedDataCache/Buckets/LegacyTEXTURE/b3/ff/69e32d2e87b481af3555d1a010fffdb2e39c.udd" 4871
"C:/Users/minls/AppData/Local/UnrealEngine/Common/DerivedDataCache/Buckets/LegacyTEXTURE/42/83/0951d607a7e9eea974b107087417e95322c0.udd" 4872
"C:/Users/minls/AppData/Local/UnrealEngine/Common/DerivedDataCache/Buckets/LegacyTEXTURE/8d/a3/19cdc560ad870e94fd489a821ee37d9f8d22.udd" 4873
"C:/Users/minls/AppData/Local/UnrealEngine/Common/DerivedDataCache/Buckets/LegacyTEXTURE/aa/1c/58ac55b250ef71008e85a58c03155f5c755b.udd" 4874
"C:/Users/minls/AppData/Local/UnrealEngine/Common/DerivedDataCache/Buckets/LegacyTEXTURE/31/1a/b3340ef60292c1d91a6cf5d93ab71ef6166d.udd" 4875
"C:/Users/minls/AppData/Local/UnrealEngine/Common/DerivedDataCache/Buckets/LegacyTEXTURE/7d/64/9be53cbe5a6bc751b6079e4ec369fb228601.udd" 4876
"C:/Users/minls/AppData/Local/UnrealEngine/Common/DerivedDataCache/Buckets/LegacyTEXTURE/c4/49/f2611924829360556e01293bc73dc02550ac.udd" 4877
"C:/Users/minls/AppData/Local/UnrealEngine/Common/DerivedDataCache/Buckets/LegacyTEXTURE/76/3b/c6102d8d264e4d8758f3956fd881a3261b9e.udd" 4878
"C:/Users/minls/AppData/Local/UnrealEngine/Common/DerivedDataCache/Buckets/LegacyTEXTURE/e0/33/690fdc3fb0dec247416ac72d1c99f2ecde79.udd" 4879
"C:/Users/minls/AppData/Local/UnrealEngine/Common/DerivedDataCache/Buckets/LegacyTEXTURE/ff/d3/8dd151c44c9a17bd6333bfc0eab2ede08ab1.udd" 4880
"C:/Users/minls/AppData/Local/UnrealEngine/Common/DerivedDataCache/Buckets/LegacyTEXTURE/1e/c0/b997f4546b0a1899e5ff705792ebf0784338.udd" 4881
"C:/Users/minls/AppData/Local/UnrealEngine/Common/DerivedDataCache/Buckets/LegacyTEXTURE/a1/09/95cf1769064299290ee4657ddb76a1a2ff6d.udd" 4882
"C:/Users/minls/AppData/Local/UnrealEngine/Common/DerivedDataCache/Buckets/LegacyTEXTURE/d3/33/b29584a879337095c9ea03960c58004672cb.udd" 4883
"C:/Users/minls/AppData/Local/UnrealEngine/Common/DerivedDataCache/Content/69/d4/f3add0ac51f0bf182c61e85e08f89d746ea3.udd" 4884
"C:/Users/minls/AppData/Local/UnrealEngine/Common/DerivedDataCache/Content/6a/c5/f9558b37d8bcf971e4ad84126ef89fc289ea.udd" 4885
"C:/Users/minls/AppData/Local/UnrealEngine/Common/DerivedDataCache/Buckets/LegacyTEXTURE/dd/98/827cf3d2e10fc58bae2346624ebb4f3d3b9a.udd" 4886
"C:/Users/minls/AppData/Local/UnrealEngine/Common/DerivedDataCache/Buckets/LegacyTEXTURE/cc/1f/8bc5c8aedeecf230b6b7a234107fd6bbc9e7.udd" 4887
"C:/Users/minls/AppData/Local/UnrealEngine/Common/DerivedDataCache/Content/3c/29/07ceb2e429938f1e1bafca3d80c2a580076a.udd" 4888
"C:/Users/minls/AppData/Local/UnrealEngine/Common/DerivedDataCache/Buckets/LegacyTEXTURE/4d/d5/63ce849460ef733011fe8001833698315cbe.udd" 4889
"C:/Users/minls/AppData/Local/UnrealEngine/Common/DerivedDataCache/Buckets/LegacyTEXTURE/da/3f/5fb58ef65d6d21dbe04850a3a9f4f57918e7.udd" 4890
"C:/Users/minls/AppData/Local/UnrealEngine/Common/DerivedDataCache/Buckets/LegacyTEXTURE/4c/a2/072fbfa6ed5611065a41fba58f0b4b891454.udd" 4891
"C:/Users/minls/AppData/Local/UnrealEngine/Common/DerivedDataCache/Buckets/LegacyTEXTURE/5a/f0/5149312a93d508d93bf1119fdbfb23bdd2ff.udd" 4892
"C:/Users/minls/AppData/Local/UnrealEngine/Common/DerivedDataCache/Buckets/LegacyTEXTURE/07/9d/110bb2c1a03c4f37e4f5e9821dcf9c164921.udd" 4893
"C:/Users/minls/AppData/Local/UnrealEngine/Common/DerivedDataCache/Content/76/90/fb56193cfa4f39b4cfd93c2265fa8c5423d2.udd" 4894
"C:/Users/minls/AppData/Local/UnrealEngine/Common/DerivedDataCache/Buckets/LegacyTEXTURE/51/82/74d6c0dd35711fc2459e60b73b8a308ee7c5.udd" 4895
"C:/Users/minls/AppData/Local/UnrealEngine/Common/DerivedDataCache/Buckets/LegacyTEXTURE/56/f9/1d7e070ecd442aa737a12968f7e895d618d5.udd" 4896
"C:/Users/minls/AppData/Local/UnrealEngine/Common/DerivedDataCache/Buckets/LegacyTEXTURE/a4/e4/97a9f95c5569b6dbda48bf508e6bd3bb74a6.udd" 4897
"C:/Users/minls/AppData/Local/UnrealEngine/Common/DerivedDataCache/Buckets/LegacyTEXTURE/dd/e7/41d45ec399e04aa950fb113e6fb9f1318bd0.udd" 4898
"C:/Users/minls/AppData/Local/UnrealEngine/Common/DerivedDataCache/Buckets/LegacyTEXTURE/43/f5/1acbf9115b29c9272ec9c55da62926b1f63c.udd" 4899
"C:/Users/minls/AppData/Local/UnrealEngine/Common/DerivedDataCache/Buckets/LegacyTEXTURE/20/c8/77881f037922c6bca5827d39563bc80fcde4.udd" 4900
"C:/Users/minls/AppData/Local/UnrealEngine/Common/DerivedDataCache/Buckets/LegacyTEXTURE/3a/44/53859ccf1c62025cebd99ca1ae2098fa931b.udd" 4901
"C:/Users/minls/AppData/Local/UnrealEngine/Common/DerivedDataCache/Buckets/LegacyTEXTURE/78/bb/34c6370152f13ab3adac841b1c6920d44370.udd" 4902
"C:/Users/minls/AppData/Local/UnrealEngine/Common/DerivedDataCache/Buckets/LegacyTEXTURE/88/32/9cb8dd9ee9391cdd18699a6636059a90a322.udd" 4903
"C:/Users/minls/AppData/Local/UnrealEngine/Common/DerivedDataCache/Buckets/LegacyTEXTURE/67/7c/4ea838729e0e1587fe16581b6c9cb9858742.udd" 4904
"C:/Users/minls/AppData/Local/UnrealEngine/Common/DerivedDataCache/Buckets/LegacyTEXTURE/22/16/91cadb87957e5ccfaf3629d88f03c3612e83.udd" 4905
"C:/Users/minls/AppData/Local/UnrealEngine/Common/DerivedDataCache/Buckets/LegacyTEXTURE/00/57/c033e8816fbb5b906fd9a46cc48ba5d63810.udd" 4906
"C:/Users/minls/AppData/Local/UnrealEngine/Common/DerivedDataCache/Buckets/LegacyTEXTURE/89/2e/11995d4ae9b8d3aef128b2ef825ff6dd5f0f.udd" 4907
"C:/Users/minls/AppData/Local/UnrealEngine/Common/DerivedDataCache/Buckets/LegacyTEXTURE/e5/97/1f05d74123f622f5b0fe5514da496b51ca30.udd" 4908
"C:/Users/minls/AppData/Local/UnrealEngine/Common/DerivedDataCache/Content/09/b2/af203620060e0acc565bbaca769364dec1cf.udd" 4909
"C:/Users/minls/AppData/Local/UnrealEngine/Common/DerivedDataCache/Buckets/LegacyTEXTURE/2f/31/c3366b3facc2274a1971a83316001b4273dd.udd" 4910
"C:/Users/minls/AppData/Local/UnrealEngine/Common/DerivedDataCache/Buckets/LegacyTEXTURE/f7/a8/7ff64c87c192155ddbda8c5f80fb626f203b.udd" 4911
"C:/Users/minls/AppData/Local/UnrealEngine/Common/DerivedDataCache/Buckets/LegacyTEXTURE/af/01/f4067d38da6827f974c9b7df27dfe0f9881d.udd" 4912
"C:/Users/minls/AppData/Local/UnrealEngine/Common/DerivedDataCache/Buckets/LegacyTEXTURE/a4/39/7adfca24512a6f4190c6768e367ee6d0523a.udd" 4913
"C:/Users/minls/AppData/Local/UnrealEngine/Common/DerivedDataCache/Buckets/LegacyTEXTURE/66/d8/80f47a15b3374a352f82d7aaff1796699aea.udd" 4914
"C:/Users/minls/AppData/Local/UnrealEngine/Common/DerivedDataCache/Content/d3/81/f9b4eb2c040e3ac3aa3188a3d984104aff47.udd" 4915
"C:/Users/minls/AppData/Local/UnrealEngine/Common/DerivedDataCache/Buckets/LegacyTEXTURE/d4/ea/85a3b12fc29d17a3a41579506a193fe8dc63.udd" 4916
"C:/Users/minls/AppData/Local/UnrealEngine/Common/DerivedDataCache/Buckets/LegacyTEXTURE/98/07/29d91b0ca89141b275f9403f2de0a844413d.udd" 4917
"C:/Users/minls/AppData/Local/UnrealEngine/Common/DerivedDataCache/Buckets/LegacyTEXTURE/3d/22/9354e3ed3b8ac4b80756a4ef9c6f9b4ced62.udd" 4918
"C:/Users/minls/AppData/Local/UnrealEngine/Common/DerivedDataCache/Buckets/LegacyTEXTURE/b2/f5/38c71df2c079da9dc63556acb7172b0baff6.udd" 4919
"C:/Users/minls/AppData/Local/UnrealEngine/Common/DerivedDataCache/Buckets/LegacyTEXTURE/05/5f/d62bb4fee81656064f840251d31f88163bae.udd" 4920
"C:/Users/minls/AppData/Local/UnrealEngine/Common/DerivedDataCache/Buckets/LegacyTEXTURE/07/c8/12342d2ff5149e4cc54ebd37f165af77b241.udd" 4921
"C:/Users/minls/AppData/Local/UnrealEngine/Common/DerivedDataCache/Buckets/LegacyTEXTURE/d8/8c/9aca9ce0c1aa81f6be1e4a81468fb0065ffe.udd" 4922
"C:/Users/minls/AppData/Local/UnrealEngine/Common/DerivedDataCache/Buckets/LegacyTEXTURE/11/0b/dade87792a90dbf7b5e915937db5a4b65585.udd" 4923
"C:/Users/minls/AppData/Local/UnrealEngine/Common/DerivedDataCache/Buckets/LegacyTEXTURE/8c/b6/551573f22953b612c942bb94a2900d1e6158.udd" 4924
"C:/Users/minls/AppData/Local/UnrealEngine/Common/DerivedDataCache/Buckets/LegacyTEXTURE/f9/d3/d5ee4f3337bb9da7a70e74ea9c7f8ef6c048.udd" 4925
"C:/Users/minls/AppData/Local/UnrealEngine/Common/DerivedDataCache/Content/74/1e/efd8d72fcd66dbfb7ac47ed9bd57e6964d1e.udd" 4926
"C:/Users/minls/AppData/Local/UnrealEngine/Common/DerivedDataCache/Buckets/LegacyTEXTURE/c8/e6/e0b528b3fb05d8eaa7d44df393b2d3a44e7f.udd" 4927
"C:/Users/minls/AppData/Local/UnrealEngine/Common/DerivedDataCache/Content/df/3c/0259206c40da7e71c8eff32b3ec817f63daa.udd" 4928
"C:/Users/minls/AppData/Local/UnrealEngine/Common/DerivedDataCache/Content/f6/d6/b69c368fc215af98fd36464a33cacf708ee7.udd" 4929
"C:/Users/minls/AppData/Local/UnrealEngine/Common/DerivedDataCache/Buckets/LegacyTEXTURE/58/d6/efc0f56fadf840d5f438434063639d8a8327.udd" 4930
"C:/Users/minls/AppData/Local/UnrealEngine/Common/DerivedDataCache/Buckets/LegacyTEXTURE/78/c6/d7b1e9935e0e94f7652367dbb98fc96d8d8a.udd" 4931
"C:/Users/minls/AppData/Local/UnrealEngine/Common/DerivedDataCache/Buckets/LegacyTEXTURE/d9/09/8dd5d10b3a81a178306d9ee02b879a87b0e9.udd" 4932
"C:/Users/minls/AppData/Local/UnrealEngine/Common/DerivedDataCache/Buckets/LegacyTEXTURE/5c/1f/5d74cbc68105d68c4dcc776dcdfdcda30cbd.udd" 4933
"C:/Users/minls/AppData/Local/UnrealEngine/Common/DerivedDataCache/Buckets/LegacyTEXTURE/e1/e0/00914c4e51d79e2b94d5423be4ad96524bd5.udd" 4934
"C:/Users/minls/AppData/Local/UnrealEngine/Common/DerivedDataCache/Buckets/LegacyTEXTURE/a8/54/9f3c7a6abbac30c6e0e8260334d8ec049541.udd" 4935
"C:/Users/minls/AppData/Local/UnrealEngine/Common/DerivedDataCache/Buckets/LegacyTEXTURE/1c/0d/7847005b54d4bf69a90fb83c8b730dbaca5e.udd" 4936
"C:/Users/minls/AppData/Local/UnrealEngine/Common/DerivedDataCache/Buckets/LegacyTEXTURE/37/d7/6c0f0dfd378ccbbaf46c55ad9e4161627d6d.udd" 4937
"C:/Users/minls/AppData/Local/UnrealEngine/Common/DerivedDataCache/Buckets/LegacyTEXTURE/f8/47/249fce4acaa57846c4dafc6f9cc7e1873308.udd" 4938
"C:/Users/minls/AppData/Local/UnrealEngine/Common/DerivedDataCache/Buckets/LegacyTEXTURE/69/c1/36dc4f06d95ce349e679f74ba90a92ada791.udd" 4939
"C:/Users/minls/AppData/Local/UnrealEngine/Common/DerivedDataCache/Buckets/LegacyTEXTURE/2b/bb/70167603f5a5f7da86f85c70f13f8f069299.udd" 4940
"C:/Users/minls/AppData/Local/UnrealEngine/Common/DerivedDataCache/Buckets/LegacyTEXTURE/07/8c/c3dbd655cbe9ed55741c42c37a18d09a4dfb.udd" 4941
"C:/Users/minls/AppData/Local/UnrealEngine/Common/DerivedDataCache/Buckets/LegacyTEXTURE/66/4f/299225ec2526ced37f6db117be0e7742fd67.udd" 4942
"C:/Users/minls/AppData/Local/UnrealEngine/Common/DerivedDataCache/Buckets/LegacyTEXTURE/89/3e/e8b8b65d3e7d8edbfd90ab03a03a10e12975.udd" 4943
"C:/Users/minls/AppData/Local/UnrealEngine/Common/DerivedDataCache/Buckets/LegacyTEXTURE/94/a1/65a3ac49e7b469496275d9221342e1cbfbf0.udd" 4944
"C:/Users/minls/AppData/Local/UnrealEngine/Common/DerivedDataCache/Buckets/LegacyTEXTURE/da/ac/82e4f7fd1c8a922274c98504ca608db7868d.udd" 4945
"C:/Users/minls/AppData/Local/UnrealEngine/Common/DerivedDataCache/Buckets/LegacyTEXTURE/cc/4b/b67b102c4215f3904c67432c4ba67272ad3d.udd" 4946
"C:/Users/minls/AppData/Local/UnrealEngine/Common/DerivedDataCache/Buckets/LegacyTEXTURE/c5/c2/2242f8f9cc247baea97c028d174769ad56a4.udd" 4947
"C:/Users/minls/AppData/Local/UnrealEngine/Common/DerivedDataCache/Buckets/LegacyTEXTURE/e8/31/2a9dc9803c44d2bbba079289df045e321465.udd" 4948
"C:/Users/minls/AppData/Local/UnrealEngine/Common/DerivedDataCache/Buckets/LegacyTEXTURE/9e/2c/77abc688b6e37be7b621b8bdef58725f5f00.udd" 4949
"C:/Users/minls/AppData/Local/UnrealEngine/Common/DerivedDataCache/Buckets/LegacyTEXTURE/24/b6/672a952c6f0e005ca8b6357cd2ff930b5ce1.udd" 4950
"C:/Users/minls/AppData/Local/UnrealEngine/Common/DerivedDataCache/Buckets/LegacyTEXTURE/1b/bf/1f5fb5c8f32129d8d4908c08568cd9b4447b.udd" 4951
"C:/Users/minls/AppData/Local/UnrealEngine/Common/DerivedDataCache/Buckets/LegacyTEXTURE/d4/36/56991b5e25fb44f8c662e650e10a0cb43529.udd" 4952
"C:/Users/minls/AppData/Local/UnrealEngine/Common/DerivedDataCache/Content/55/98/ed65ad38d9be03b1a957cb7405e1233275a1.udd" 4953
"C:/Users/minls/AppData/Local/UnrealEngine/Common/DerivedDataCache/Buckets/LegacyTEXTURE/44/7f/aaa90ee8c757f0567a258b7288543deeaaca.udd" 4954
"C:/Users/minls/AppData/Local/UnrealEngine/Common/DerivedDataCache/Buckets/LegacyTEXTURE/2d/95/fa2471674f9471e07fda7eb1a2919d9c7e42.udd" 4955
"C:/Users/minls/AppData/Local/UnrealEngine/Common/DerivedDataCache/Content/f0/fd/0b6a42454f56333be5d185014d1753390f28.udd" 4956
"C:/Users/minls/AppData/Local/UnrealEngine/Common/DerivedDataCache/Buckets/LegacyTEXTURE/a6/b9/a9776782f2e469ed80b5e7bf8f883893b4cd.udd" 4957
"C:/Users/minls/AppData/Local/UnrealEngine/Common/DerivedDataCache/Buckets/LegacyTEXTURE/21/16/fabf9df2d8dc402ac5dee1cf40a9a2bb010f.udd" 4958
"C:/Users/minls/AppData/Local/UnrealEngine/Common/DerivedDataCache/Buckets/LegacyTEXTURE/50/5c/113829d18a4f37138691c79b7f538b1d09e5.udd" 4959
"C:/Users/minls/AppData/Local/UnrealEngine/Common/DerivedDataCache/Buckets/LegacyTEXTURE/77/ea/15cb2045804fbf9ad5aae8ce45be6b2a3d3e.udd" 4960
"C:/Users/minls/AppData/Local/UnrealEngine/Common/DerivedDataCache/Buckets/LegacyTEXTURE/c2/45/d1e6bd4ad09d932614f76ae87dda78b41365.udd" 4961
"C:/Users/minls/AppData/Local/UnrealEngine/Common/DerivedDataCache/Buckets/LegacyTEXTURE/96/f9/7798a3bd948db00a4cb9bd1fb9a9d210ae32.udd" 4962
"C:/Users/minls/AppData/Local/UnrealEngine/Common/DerivedDataCache/Buckets/LegacyTEXTURE/f2/14/5aadde76a4cad940a15f904ac20794208035.udd" 4963
"C:/Users/minls/AppData/Local/UnrealEngine/Common/DerivedDataCache/Buckets/LegacyTEXTURE/59/00/a01446d9f9e940a125aa32e26e9c2f323cc7.udd" 4964
"C:/Users/minls/AppData/Local/UnrealEngine/Common/DerivedDataCache/Content/4f/54/67a5151b65fe238d5cc2098a360a576c6c96.udd" 4965
"C:/Users/minls/AppData/Local/UnrealEngine/Common/DerivedDataCache/Buckets/LegacyTEXTURE/a3/1e/59bc3fc60536276fab84052fe4967356e529.udd" 4966
"C:/Users/minls/AppData/Local/UnrealEngine/Common/DerivedDataCache/Buckets/LegacyTEXTURE/79/2e/5883c46549ad076aa6ec43579a081088aa6b.udd" 4967
"C:/Users/minls/AppData/Local/UnrealEngine/Common/DerivedDataCache/Buckets/LegacyTEXTURE/fe/d6/95e60ce471a763b5c7fb92944176ab5dd250.udd" 4968
"C:/Users/minls/AppData/Local/UnrealEngine/Common/DerivedDataCache/Buckets/LegacyTEXTURE/5d/c3/5ad20deb27e4321b21e25014a523b80aea48.udd" 4969
"C:/Users/minls/AppData/Local/UnrealEngine/Common/DerivedDataCache/Buckets/LegacyTEXTURE/f5/35/573182bcc6643122e3fa077c0ed26878121e.udd" 4970
"C:/Users/minls/AppData/Local/UnrealEngine/Common/DerivedDataCache/Buckets/LegacyTEXTURE/2e/7c/068f88acc12b34944b1d14a3d8c6941fadbe.udd" 4971
"C:/Users/minls/AppData/Local/UnrealEngine/Common/DerivedDataCache/Buckets/LegacyTEXTURE/34/93/88be3df8c17570a9fb048d0dbe23768470e1.udd" 4972
"C:/Users/minls/AppData/Local/UnrealEngine/Common/DerivedDataCache/Buckets/LegacyTEXTURE/e6/1f/ff3daf924afbdca1a8a283f81f80ed81115d.udd" 4973
"C:/Users/minls/AppData/Local/UnrealEngine/Common/DerivedDataCache/Buckets/LegacyTEXTURE/77/24/255ec482eac2c9fc229ff52c990cb7a97298.udd" 4974
"C:/Users/minls/AppData/Local/UnrealEngine/Common/DerivedDataCache/Buckets/LegacyTEXTURE/b0/e7/3a4973404a8c8490ce9077fd0428ee54ae0d.udd" 4975
"C:/Users/minls/AppData/Local/UnrealEngine/Common/DerivedDataCache/Buckets/LegacyTEXTURE/d3/d1/b376e57201f39c9ef9d394a874d239b28a1c.udd" 4976
"C:/Users/minls/AppData/Local/UnrealEngine/Common/DerivedDataCache/Buckets/LegacyTEXTURE/a2/4e/6190e27842e52657eee08e801a2554397314.udd" 4977
"C:/Users/minls/AppData/Local/UnrealEngine/Common/DerivedDataCache/Buckets/LegacyTEXTURE/1a/15/7afe5189664ba3ee69571ecc5a75abd78b0c.udd" 4978
"C:/Users/minls/AppData/Local/UnrealEngine/Common/DerivedDataCache/Buckets/LegacyTEXTURE/fa/b4/784a2a8555c74cdd33679165e928b854a233.udd" 4979
"C:/Users/minls/AppData/Local/UnrealEngine/Common/DerivedDataCache/Buckets/LegacyTEXTURE/be/e1/c50ba09738f8055f7c97fd135b9e05955185.udd" 4980
"C:/Users/minls/AppData/Local/UnrealEngine/Common/DerivedDataCache/Buckets/LegacyTEXTURE/ba/5f/2f7bdbb0a6887f9a2edd83ea9ba3145ef291.udd" 4981
"C:/Users/minls/AppData/Local/UnrealEngine/Common/DerivedDataCache/Buckets/LegacyTEXTURE/3d/9c/deeec030c9edb1549220331bdc1df3e3cc32.udd" 4982
"C:/Users/minls/AppData/Local/UnrealEngine/Common/DerivedDataCache/Buckets/LegacyTEXTURE/30/79/73b630adc8e9340b055acda7612f91ee74a8.udd" 4983
"C:/Users/minls/AppData/Local/UnrealEngine/Common/DerivedDataCache/Content/d0/56/89f8d74824b3a29d7308f3b3a8030e1e8ed8.udd" 4984
"C:/Users/minls/AppData/Local/UnrealEngine/Common/DerivedDataCache/Buckets/BulkDataList/88/b9/e12dcc137544603211e985b8540a4afeb965.udd" 4985
"C:/Users/minls/AppData/Local/UnrealEngine/Common/DerivedDataCache/Buckets/LegacyTEXTURE/eb/7b/b2a4b8da9d0dcb2a07e31ae8f23c3d773af1.udd" 4986
"C:/Users/minls/AppData/Local/UnrealEngine/Common/DerivedDataCache/Buckets/BulkDataList/6e/30/2e031bc6ab4f5160615cd4fb45396849ec33.udd" 4987
"C:/Users/minls/AppData/Local/UnrealEngine/Common/DerivedDataCache/Buckets/BulkDataList/1d/e0/bc08c175c290b6c97d17d80312dc4efd24c6.udd" 4988
"E:/Workspace_ISECONVI/ISECONVI/Content/CartoonSkyShader/Textures/Moon/T_Moon_01_M.uasset" 4989
"E:/Workspace_ISECONVI/ISECONVI/Content/CartoonSkyShader/Textures/ColorCurves/SunColor/SunColor_Curve_01.uasset" 4990
"E:/Workspace_ISECONVI/ISECONVI/Content/CartoonSkyShader/Textures/Stars/T_Stars_01_M.uasset" 4991
"E:/Workspace_ISECONVI/ISECONVI/Content/CartoonSkyShader/Textures/SunFlare/T_Sun_Glare_01_M.uasset" 4992
"C:/Users/minls/AppData/Local/UnrealEngine/Common/DerivedDataCache/Buckets/BulkDataList/4f/cd/8b9e2c2bf583839c59c87a4721ff2373f123.udd" 4993
"E:/Workspace_ISECONVI/ISECONVI/Content/CartoonSkyShader/Textures/SunFlare/T_Sun_Halo_01_M.uasset" 4994
"C:/Users/minls/AppData/Local/UnrealEngine/Common/DerivedDataCache/Buckets/BulkDataList/df/7c/3e3d661372dc493599de7d53ad722bf17b9b.udd" 4995
"C:/Users/minls/AppData/Local/UnrealEngine/Common/DerivedDataCache/Buckets/LegacyTEXTURE/01/b2/06d668de6429906436cf26379f3de3f12cf8.udd" 4996
"C:/Users/minls/AppData/Local/UnrealEngine/Common/DerivedDataCache/Buckets/LegacyTEXTURE/13/49/18d744c7d9aa1d684c3e71870f9ed7fb948d.udd" 4997
"C:/Users/minls/AppData/Local/UnrealEngine/Common/DerivedDataCache/Content/c3/0a/77157cf17a31251cb039a8687480cade2eb3.udd" 4998
"E:/Workspace_ISECONVI/ISECONVI/Content/CartoonSkyShader/Textures/SunFlare/T_Sun_Ray_01_M.uasset" 4999
"../../../../../Workspace_ISECONVI/ISECONVI/Content/CartoonSkyShader/Textures/Moon/T_Moon_01_M.uasset" 5000
"C:/Users/minls/AppData/Local/UnrealEngine/Common/DerivedDataCache/Buckets/LegacyTEXTURE/1a/65/c2da11bad4853fb90868e4922efbefb7d10c.udd" 5001
"C:/Users/minls/AppData/Local/UnrealEngine/Common/DerivedDataCache/Buckets/LegacyTEXTURE/e2/5d/55f7cc7bc64c519fb3ebb4f77ccc596ffde4.udd" 5002
"C:/Users/minls/AppData/Local/UnrealEngine/Common/DerivedDataCache/Buckets/LegacyTEXTURE/08/39/8ae040fc3cb7ec666e8760dc8b8efce8f283.udd" 5003
"C:/Users/minls/AppData/Local/UnrealEngine/Common/DerivedDataCache/Buckets/BulkDataList/b8/f1/e63ade7ba751e09255f378e73406fe93ad1c.udd" 5004
"C:/Users/minls/AppData/Local/UnrealEngine/Common/DerivedDataCache/Buckets/LegacyTEXTURE/91/61/a0876569ff7cc76096ad347e5769e128f3b7.udd" 5005
"E:/Workspace_ISECONVI/ISECONVI/Content/CartoonSkyShader/Textures/Noises/T_MaskMap_Birch_02_M.uasset" 5006
"../../../../../Workspace_ISECONVI/ISECONVI/Content/CartoonSkyShader/Materials/MaterialFunctions/Utility/MF_LightVector.uasset" 5007
"C:/Users/minls/AppData/Local/UnrealEngine/Common/DerivedDataCache/Buckets/LegacyTEXTURE/dc/41/9c2ecdda328748bffdda7eed3f9fd1071283.udd" 5008
"C:/Users/minls/AppData/Local/UnrealEngine/Common/DerivedDataCache/Buckets/LegacyTEXTURE/c0/6b/64aeb62522594e6d25a81ad29ee5c60431ba.udd" 5009
"C:/Users/minls/AppData/Local/UnrealEngine/Common/DerivedDataCache/Buckets/LegacyTEXTURE/10/b2/b81449f3e202e92e32705478536d7400d9fc.udd" 5010
"E:/Workspace_ISECONVI/ISECONVI/Content/G_MainSequence/MainTitleResorce/Buttons/Menu_Black_off/Black_Endgame_off.uasset" 5011
"../../../../../Workspace_ISECONVI/ISECONVI/Content/CartoonSkyShader/Materials/MaterialFunctions/Motion/MF_4Way_Motion_Cloud_LinearColor.uasset" 5012
"../../../../../Workspace_ISECONVI/ISECONVI/Content/CartoonSkyShader/Textures/Noises/T_Cloud_01_M.uasset" 5013
"../../../../../Workspace_ISECONVI/ISECONVI/Content/CartoonSkyShader/Materials/MaterialFunctions/Utility/MF_NoiseToGradient.uasset" 5014
"../../../Engine/Content/Functions/Engine_MaterialFunctions01/ImageAdjustment/CheapContrast.uasset" 5015
"../../../Engine/Content/Functions/Engine_MaterialFunctions01/Gradient/LinearGradient.uasset" 5016
"../../../../../Workspace_ISECONVI/ISECONVI/Content/CartoonSkyShader/Textures/Stars/T_Stars_01_M.uasset" 5017
"C:/Users/minls/AppData/Local/UnrealEngine/Common/DerivedDataCache/Buckets/BulkDataList/03/60/2472d2a81d5b8113c59be135ff00d5d9d63b.udd" 5018
"C:/Users/minls/AppData/Local/UnrealEngine/Common/DerivedDataCache/Buckets/BulkDataList/55/9e/317ca2f4ef8ac7c5431c662d9c02250ac549.udd" 5019
"E:/Workspace_ISECONVI/ISECONVI/Content/G_MainSequence/MainTitleResorce/Buttons/Menu_Black_off/Black_Loadgame_off.uasset" 5020
"../../../../../Workspace_ISECONVI/ISECONVI/Content/CartoonSkyShader/Materials/MaterialFunctions/Sun/MF_SunFlare.uasset" 5021
"../../../../../Workspace_ISECONVI/ISECONVI/Content/CartoonSkyShader/Textures/SunFlare/T_Sun_Ray_01_M.uasset" 5022
"../../../../../Workspace_ISECONVI/ISECONVI/Content/CartoonSkyShader/Textures/SunFlare/T_Sun_Glare_01_M.uasset" 5023
"../../../../../Workspace_ISECONVI/ISECONVI/Content/CartoonSkyShader/Textures/SunFlare/T_Sun_Halo_01_M.uasset" 5024
"C:/Users/minls/AppData/Local/UnrealEngine/Common/DerivedDataCache/Buckets/BulkDataList/1d/ee/d16df5f5b113039f87ee579c4f7f1c4d8086.udd" 5025
"C:/Users/minls/AppData/Local/UnrealEngine/Common/DerivedDataCache/Buckets/BulkDataList/2f/6d/6da1575902401e619cd31c2eac09c50c4730.udd" 5026
"C:/Users/minls/AppData/Local/UnrealEngine/Common/DerivedDataCache/Buckets/BulkDataList/3e/26/e9925709930a44ca24fbb3341e74efde793c.udd" 5027
"E:/Workspace_ISECONVI/ISECONVI/Content/G_MainSequence/MainTitleResorce/Buttons/Menu_Black_off/Black_Newgame_off.uasset" 5028
"../../../Engine/Content/Functions/Engine_MaterialFunctions02/HueShift.uasset" 5029
"E:/Workspace_ISECONVI/ISECONVI/Content/G_MainSequence/MainTitleResorce/Buttons/Menu_Black_on/Black_Endgame_on.uasset" 5030
"E:/Workspace_ISECONVI/ISECONVI/Content/G_MainSequence/MainTitleResorce/Buttons/Menu_Black_off/Black_Setting_off.uasset" 5031
"E:/Workspace_ISECONVI/ISECONVI/Content/G_MainSequence/MainTitleResorce/Buttons/Menu_Black_on/Black_Loadgame_on.uasset" 5032
"E:/Workspace_ISECONVI/ISECONVI/Content/G_MainSequence/MainTitleResorce/Buttons/Menu_Black_on/Black_Newgame_on.uasset" 5033
"E:/Workspace_ISECONVI/ISECONVI/Content/G_MainSequence/MainTitleResorce/Buttons/Menu_Black_on/Black_Setting_on.uasset" 5034
"E:/Workspace_ISECONVI/ISECONVI/Content/G_MainSequence/MainTitleResorce/Buttons/Menu_White_on/White_Endgame_On.uasset" 5035
"C:/Users/minls/AppData/Local/UnrealEngine/Common/DerivedDataCache/Buckets/LegacyTEXTURE/92/57/52f5b669e04d2e596543d60d8869ed83cae5.udd" 5036
"C:/Users/minls/AppData/Local/UnrealEngine/Common/DerivedDataCache/Buckets/LegacyTEXTURE/b8/9e/00f7eafa9613e4fe46a96eaebdb481176444.udd" 5037
"C:/Users/minls/AppData/Local/UnrealEngine/Common/DerivedDataCache/Buckets/LegacyTEXTURE/5c/cf/d0c1a592522993b050b7a2130d0141dbbe9a.udd" 5038
"C:/Users/minls/AppData/Local/UnrealEngine/Common/DerivedDataCache/Buckets/LegacyTEXTURE/29/b2/d5a95f14059791450f6e91148ebeae0de6ef.udd" 5039
"C:/Users/minls/AppData/Local/UnrealEngine/Common/DerivedDataCache/Buckets/LegacyTEXTURE/dc/ae/09d181e6ba1d6446aac3c3e7961bd605cfad.udd" 5040
"C:/Users/minls/AppData/Local/UnrealEngine/Common/DerivedDataCache/Buckets/LegacyTEXTURE/67/64/6a4d06b0f4d09f13d974f36784e8098c767c.udd" 5041
"C:/Users/minls/AppData/Local/UnrealEngine/Common/DerivedDataCache/Buckets/LegacyTEXTURE/8d/0b/db9b69f5826d03120a3ffb8cb86dd5408a39.udd" 5042
"C:/Users/minls/AppData/Local/UnrealEngine/Common/DerivedDataCache/Buckets/LegacyTEXTURE/2d/bc/c1831232c4577fcb19c5d33a923a98817407.udd" 5043
"C:/Users/minls/AppData/Local/UnrealEngine/Common/DerivedDataCache/Buckets/LegacyTEXTURE/0a/7c/a64f5e1c8efced819223e86b0c915f46f7e6.udd" 5044
"C:/Users/minls/AppData/Local/UnrealEngine/Common/DerivedDataCache/Buckets/LegacyTEXTURE/ba/ef/692ce42c044d5521076f0c67aeaa87ea22d6.udd" 5045
"C:/Users/minls/AppData/Local/UnrealEngine/Common/DerivedDataCache/Buckets/LegacyTEXTURE/ee/5a/35e3af0ebbf40498d26c73292f59cc48d3df.udd" 5046
"C:/Users/minls/AppData/Local/UnrealEngine/Common/DerivedDataCache/Buckets/LegacyTEXTURE/49/19/92448911bc03738db28ff917f2613fc31d94.udd" 5047
"C:/Users/minls/AppData/Local/UnrealEngine/Common/DerivedDataCache/Buckets/LegacyTEXTURE/a0/63/4fe6876e80d8fe31bafb8d527191d995f870.udd" 5048
"E:/Workspace_ISECONVI/ISECONVI/Content/G_MainSequence/MainTitleResorce/MainLogo_Common.uasset" 5049
"E:/Workspace_ISECONVI/ISECONVI/Content/G_MainSequence/MainTitleResorce/Buttons/Menu_White_on/White_Load_on.uasset" 5050
"E:/Workspace_ISECONVI/ISECONVI/Content/G_MainSequence/MainTitleResorce/Buttons/Menu_White_on/White_Setting_On.uasset" 5051
"E:/Workspace_ISECONVI/ISECONVI/Content/G_MainSequence/MainTitleResorce/Buttons/Menu_White_on/White_Newgame_On.uasset" 5052
"E:/Workspace_ISECONVI/ISECONVI/Content/G_MainSequence/MainTitleResorce/Buttons/Menu_White_off/White_Endgame_off.uasset" 5053
"E:/Workspace_ISECONVI/ISECONVI/Content/G_MainSequence/MainTitleResorce/Buttons/Menu_White_off/White_Loadgame_off.uasset" 5054
"C:/Users/minls/AppData/Local/UnrealEngine/Common/DerivedDataCache/Buckets/BulkDataList/8d/95/cd12786e7f2c07f614e4de32a5400741c50b.udd" 5055
"E:/Workspace_ISECONVI/ISECONVI/Content/G_MainSequence/MainTitleResorce/Buttons/Menu_White_off/White_Newgame_off.uasset" 5056
"C:/Users/minls/AppData/Local/UnrealEngine/Common/DerivedDataCache/Buckets/BulkDataList/43/de/0d8d85c604c8fb7e2ef53bc6e2edda122ffc.udd" 5057
"E:/Workspace_ISECONVI/ISECONVI/Content/G_MainSequence/MainTitleResorce/Buttons/Menu_White_off/White_Setting_off.uasset" 5058
"C:/Users/minls/AppData/Local/UnrealEngine/Common/DerivedDataCache/Buckets/BulkDataList/8b/c5/3dc91332623f24ce29caee48d450919834ae.udd" 5059
"E:/Workspace_ISECONVI/ISECONVI/Content/G_MainSequence/MainTitleResorce/MainLogo_bright.uasset" 5060
"C:/Users/minls/AppData/Local/UnrealEngine/Common/DerivedDataCache/Buckets/BulkDataList/70/59/15367ace2e2ef6fc4fda48af780aec5fa4e1.udd" 5061
"E:/Workspace_ISECONVI/ISECONVI/Content/G_MainSequence/MainTitleResorce/MainLogo_Shin.uasset" 5062
"C:/Users/minls/AppData/Local/UnrealEngine/Common/DerivedDataCache/Buckets/BulkDataList/71/f7/63f7cc0e20eecc7c518514a460ca975522e9.udd" 5063
"../../../Engine/Plugins/Bridge/Content/MSPresets/M_MS_Glass_Material/Functions/MF_Refraction.uasset" 5064
"C:/Users/minls/AppData/Local/UnrealEngine/Common/DerivedDataCache/Buckets/BulkDataList/43/dc/96a85622a6788799945857eb069f7d074d12.udd" 5065
"../../../Engine/Plugins/Bridge/Content/MSPresets/MSTextures/Black.uasset" 5066
"C:/Users/minls/AppData/Local/UnrealEngine/Common/DerivedDataCache/Buckets/BulkDataList/86/db/7a89bd95726837e06607ffaab3abd9e7a3d6.udd" 5067
"E:/Workspace_ISECONVI/ISECONVI/Content/3DTeamAsset/Environment_DreamscapeSeries/DreamscapeTower/Textures/Trees/Billboards/T_Tree_D_02_BB_C.uasset" 5068
"C:/Users/minls/AppData/Local/UnrealEngine/Common/DerivedDataCache/Buckets/BulkDataList/9d/dc/50669b1d6603d620ad5c9eb6dd20c5c8c02b.udd" 5069
"C:/Users/minls/AppData/Local/UnrealEngine/Common/DerivedDataCache/Buckets/BulkDataList/d8/ac/8d449000bb67f92bb1f403495bb2b5345272.udd" 5070
"E:/Workspace_ISECONVI/ISECONVI/Content/3DTeamAsset/Environment_DreamscapeSeries/DreamscapeTower/Textures/Trees/Billboards/T_Tree_F_01_BB_C.uasset" 5071
"E:/Workspace_ISECONVI/ISECONVI/Content/3DTeamAsset/PN_MeadowFlowers/Textures/FlowerTextures/PivPainterTextures/flower_02_01_PIV.uasset" 5072
"C:/Users/minls/AppData/Local/UnrealEngine/Common/DerivedDataCache/Buckets/BulkDataList/e4/e2/52f1fc28e81adf508f777e0661a53e280fd2.udd" 5073
"E:/Workspace_ISECONVI/ISECONVI/Content/3DTeamAsset/PN_MeadowFlowers/Textures/FlowerTextures/PivPainterTextures/flower_02_01_VEC.uasset" 5074
"C:/Users/minls/AppData/Local/UnrealEngine/Common/DerivedDataCache/Buckets/BulkDataList/22/9c/208fd1b266b0cb5dbbec0617b5ed2a111ab2.udd" 5075
"C:/Users/minls/AppData/Local/UnrealEngine/Common/DerivedDataCache/Buckets/LegacyTEXTURE/60/d6/9d0dd202637d7588795a48aa6ca7efd543a5.udd" 5076
"C:/Users/minls/AppData/Local/UnrealEngine/Common/DerivedDataCache/Buckets/LegacyTEXTURE/bc/c7/66e8eb4299a6e3d44f209d6261de43d154db.udd" 5077
"C:/Users/minls/AppData/Local/UnrealEngine/Common/DerivedDataCache/Content/9c/7c/b20180deb448f27ebd88cbbaf7c164f3fe8f.udd" 5078
"C:/Users/minls/AppData/Local/UnrealEngine/Common/DerivedDataCache/Buckets/LegacyTEXTURE/18/4b/e2b2e36822ee5a6a2c4ca5665bcfa3829d88.udd" 5079
"C:/Users/minls/AppData/Local/UnrealEngine/Common/DerivedDataCache/Buckets/LegacyTEXTURE/e2/6e/4e7552c108fe7711069f9ac3595e448a7c7f.udd" 5080
"C:/Users/minls/AppData/Local/UnrealEngine/Common/DerivedDataCache/Content/50/69/31755d4fb10e1f7e40f79b961b80bc7f8b48.udd" 5081
"C:/Users/minls/AppData/Local/UnrealEngine/Common/DerivedDataCache/Buckets/LegacyTEXTURE/63/e5/83129a2d62beabba15d06ad1765df8805dec.udd" 5082
"C:/Users/minls/AppData/Local/UnrealEngine/Common/DerivedDataCache/Buckets/LegacyTEXTURE/b3/87/de2af8372c0245b36ec8a149ac65a123e93f.udd" 5083
"C:/Users/minls/AppData/Local/UnrealEngine/Common/DerivedDataCache/Buckets/LegacyTEXTURE/9f/18/9dec64be7cee623bcddf9245796cdba98c5c.udd" 5084
"C:/Users/minls/AppData/Local/UnrealEngine/Common/DerivedDataCache/Buckets/LegacyTEXTURE/60/c8/1c9a428be673543ad543ff62b4da187e4cbc.udd" 5085
"C:/Users/minls/AppData/Local/UnrealEngine/Common/DerivedDataCache/Buckets/LegacyTEXTURE/07/1f/a352e7d379c2d3074c0df2f5c6e1c2ff61ef.udd" 5086
"E:/Workspace_ISECONVI/ISECONVI/Content/3DTeamAsset/ProceduralBiomes/Textures/T_Rock_003_Bc.uasset" 5087
"C:/Users/minls/AppData/Local/UnrealEngine/Common/DerivedDataCache/Buckets/LegacyTEXTURE/44/1a/c522566d52607c809462010c99a13ffe8ab3.udd" 5088
"C:/Users/minls/AppData/Local/UnrealEngine/Common/DerivedDataCache/Buckets/LegacyTEXTURE/ff/39/f979989add15b9660ad06e65dff4f3923a96.udd" 5089
"C:/Users/minls/AppData/Local/UnrealEngine/Common/DerivedDataCache/Buckets/LegacyTEXTURE/ff/eb/e2c226ba8dd8016ece9f46bb44298b227562.udd" 5090
"C:/Users/minls/AppData/Local/UnrealEngine/Common/DerivedDataCache/Buckets/LegacyTEXTURE/82/73/a950d976f63cfcfb10fa49fe8aa681254189.udd" 5091
"C:/Users/minls/AppData/Local/UnrealEngine/Common/DerivedDataCache/Buckets/LegacyTEXTURE/75/e0/a59e3971260dd4f4d04b3ee88fb361b8b7fb.udd" 5092
"C:/Users/minls/AppData/Local/UnrealEngine/Common/DerivedDataCache/Content/ba/8b/5a0338ac5543ceee5e439dceebed6f8a4250.udd" 5093
"C:/Users/minls/AppData/Local/UnrealEngine/Common/DerivedDataCache/Buckets/LegacyTEXTURE/7d/5c/e2afabcc14c75d465af3dbc23e97d9c23f72.udd" 5094
"C:/Users/minls/AppData/Local/UnrealEngine/Common/DerivedDataCache/Buckets/BulkDataList/28/c2/5053b519d0b676bcdf1df6ac4ea43dbb5a81.udd" 5095
"C:/Users/minls/AppData/Local/UnrealEngine/Common/DerivedDataCache/Buckets/LegacyTEXTURE/fd/01/494bc17eb6f12a71ef2988ea7e7ab6232194.udd" 5096
"E:/Workspace_ISECONVI/ISECONVI/Content/3DTeamAsset/ProceduralBiomes/Textures/T_Rock_003_N.uasset" 5097
"C:/Users/minls/AppData/Local/UnrealEngine/Common/DerivedDataCache/Buckets/LegacyTEXTURE/60/6a/ce38264ab450fdc94f7212c0253c252a93f6.udd" 5098
"C:/Users/minls/AppData/Local/UnrealEngine/Common/DerivedDataCache/Buckets/LegacyTEXTURE/ce/e6/1e56c07208b1affc28a635fcb85d57149c0e.udd" 5099
"C:/Users/minls/AppData/Local/UnrealEngine/Common/DerivedDataCache/Buckets/LegacyTEXTURE/6f/20/239dddf8b312a14a382bba0270eea6c0bc14.udd" 5100
"C:/Users/minls/AppData/Local/UnrealEngine/Common/DerivedDataCache/Buckets/LegacyTEXTURE/69/00/3e93085ba918d130166d7bdb3738866aa6cf.udd" 5101
"C:/Users/minls/AppData/Local/UnrealEngine/Common/DerivedDataCache/Buckets/BulkDataList/17/9d/d470a60482c27ba2c28060b310ed70376476.udd" 5102
"C:/Users/minls/AppData/Local/UnrealEngine/Common/DerivedDataCache/Buckets/LegacyTEXTURE/44/1d/24ae6651fc461dadcccdf0cbc06c6a5fae9c.udd" 5103
"E:/Workspace_ISECONVI/ISECONVI/Content/3DTeamAsset/ProceduralBiomes/Textures/T_Rock_003_RAOS.uasset" 5104
"C:/Users/minls/AppData/Local/UnrealEngine/Common/DerivedDataCache/Buckets/LegacyTEXTURE/2c/52/1874afe2b197ffdfc554538e42f7bdc9f5a0.udd" 5105
"C:/Users/minls/AppData/Local/UnrealEngine/Common/DerivedDataCache/Buckets/LegacyTEXTURE/dc/e6/f02c817b69a548e91733dc058ba9d5e5bcef.udd" 5106
"C:/Users/minls/AppData/Local/UnrealEngine/Common/DerivedDataCache/Buckets/LegacyTEXTURE/fc/c7/de0374d78a1776186f37cacc8465154c7465.udd" 5107
"C:/Users/minls/AppData/Local/UnrealEngine/Common/DerivedDataCache/Buckets/LegacyTEXTURE/fa/c0/9b4a04abaf0eeb250168a5c5adbe08d40801.udd" 5108
"C:/Users/minls/AppData/Local/UnrealEngine/Common/DerivedDataCache/Buckets/LegacyTEXTURE/2c/81/d1a61f4d9c9ecb20bebaf61f760137f2d668.udd" 5109
"C:/Users/minls/AppData/Local/UnrealEngine/Common/DerivedDataCache/Buckets/BulkDataList/af/ce/65d8ea75b04a6c3799d3a81da6df0a344eda.udd" 5110
"E:/Workspace_ISECONVI/ISECONVI/Content/3DTeamAsset/ProceduralBiomes/Textures/T_Rock_005_Bc.uasset" 5111
"C:/Users/minls/AppData/Local/UnrealEngine/Common/DerivedDataCache/Buckets/BulkDataList/ba/c8/55840b45c7565174a33dd6c4e7126d72cb1e.udd" 5112
"E:/Workspace_ISECONVI/ISECONVI/Content/3DTeamAsset/ProceduralBiomes/Textures/T_Rock_005_N.uasset" 5113
"C:/Users/minls/AppData/Local/UnrealEngine/Common/DerivedDataCache/Buckets/BulkDataList/ea/77/54149259a34850bfb1c25c2bdd8e66f151d4.udd" 5114
"E:/Workspace_ISECONVI/ISECONVI/Content/3DTeamAsset/ProceduralBiomes/Textures/T_Rock_005_RAOS.uasset" 5115
"C:/Users/minls/AppData/Local/UnrealEngine/Common/DerivedDataCache/Buckets/LegacyTEXTURE/31/f2/ec0d89cb341b2b4ee0555e2b9d17ba767776.udd" 5116
"C:/Users/minls/AppData/Local/UnrealEngine/Common/DerivedDataCache/Buckets/BulkDataList/78/36/5ed2254ddacf05343f8abdbdb26e1122e040.udd" 5117
"E:/Workspace_ISECONVI/ISECONVI/Content/BattleSequence/TurnLogic/EMoveType.uasset" 5118
"C:/Users/minls/AppData/Local/UnrealEngine/Common/DerivedDataCache/Buckets/LegacyTEXTURE/a4/ce/411d5fc85cfa34a7636557c84ea8480956b6.udd" 5119
"C:/Users/minls/AppData/Local/UnrealEngine/Common/DerivedDataCache/Buckets/BulkDataList/93/a5/ad4a5e88e4588c58721ad3e5cf4f98a63c1d.udd" 5120
"E:/Workspace_ISECONVI/ISECONVI/Content/BattleSequence/UI/WBP_UnitStatus.uasset" 5121
"C:/Users/minls/AppData/Local/UnrealEngine/Common/DerivedDataCache/Buckets/LegacyTEXTURE/f6/8d/4ed9f53516a29f111de037c25041d0e55727.udd" 5122
"C:/Users/minls/AppData/Local/UnrealEngine/Common/DerivedDataCache/Buckets/LegacyTEXTURE/d6/42/9587e093d833e5fa8f9f19cfa2a197aed924.udd" 5123
"C:/Users/minls/AppData/Local/UnrealEngine/Common/DerivedDataCache/Buckets/BulkDataList/61/e4/9222c9d710d006bbcc7e7f913a8f8d724c97.udd" 5124
"C:/Users/minls/AppData/Local/UnrealEngine/Common/DerivedDataCache/Buckets/LegacyTEXTURE/be/fb/3610ef7f6733244fb4c778a12484ba5af1c8.udd" 5125
"E:/Workspace_ISECONVI/ISECONVI/Content/BattleSequence/UI/Resource/Resource/ResultBackground.uasset" 5126
"C:/Users/minls/AppData/Local/UnrealEngine/Common/DerivedDataCache/Buckets/BulkDataList/7d/b9/82fda1d350bf062b3791c03271dcec279d26.udd" 5127
"E:/Workspace_ISECONVI/ISECONVI/Content/BattleSequence/UI/Resource/BattleUI/chain_bar_active.uasset" 5128
"E:/Workspace_ISECONVI/ISECONVI/Content/BattleSequence/UI/Resource/BattleUI/chain_bar_deactivate.uasset" 5129
"C:/Users/minls/AppData/Local/UnrealEngine/Common/DerivedDataCache/Buckets/BulkDataList/4b/64/da3710c962236bb980db891698b2d3265d7f.udd" 5130
"E:/Workspace_ISECONVI/ISECONVI/Content/BattleSequence/UI/Resource/BattleUI/Diamond_Icon/chain_1.uasset" 5131
"C:/Users/minls/AppData/Local/UnrealEngine/Common/DerivedDataCache/Buckets/BulkDataList/ab/3f/68ccea09788fbd99d5546002c9aa4c759d09.udd" 5132
"E:/Workspace_ISECONVI/ISECONVI/Content/BattleSequence/UI/Resource/BattleUI/Diamond_Icon/chain_2.uasset" 5133
"C:/Users/minls/AppData/Local/UnrealEngine/Common/DerivedDataCache/Buckets/BulkDataList/e0/27/d2b5ab29f7433af23992a642a8f6cfa6bbd1.udd" 5134
"E:/Workspace_ISECONVI/ISECONVI/Content/BattleSequence/UI/Resource/BattleUI/Diamond_Icon/chain_3.uasset" 5135
"C:/Users/minls/AppData/Local/UnrealEngine/Common/DerivedDataCache/Buckets/BulkDataList/1e/18/b8aa3804fd7974082f9b0a0cb3a1ef567d2f.udd" 5136
"E:/Workspace_ISECONVI/ISECONVI/Content/BattleSequence/UI/Resource/BattleUI/Diamond_Icon/chain_go.uasset" 5137
"C:/Users/minls/AppData/Local/UnrealEngine/Common/DerivedDataCache/Buckets/BulkDataList/5b/71/123898e92d0111e6ec0a172e319827f0012d.udd" 5138
"E:/Workspace_ISECONVI/ISECONVI/Content/BattleSequence/UI/WBP_DefaultUI.uasset" 5139
"C:/Users/minls/AppData/Local/UnrealEngine/Common/DerivedDataCache/Buckets/BulkDataList/02/0d/bf1cde8dca99c3f2e097b7e602c3360cf981.udd" 5140
"C:/Users/minls/AppData/Local/UnrealEngine/Common/DerivedDataCache/Buckets/LegacyTEXTURE/19/67/a8ca68b8acd28b87f4bb9f99d9db74bed3b3.udd" 5141
"C:/Users/minls/AppData/Local/UnrealEngine/Common/DerivedDataCache/Buckets/LegacyTEXTURE/49/9e/ae7dbefd6a896ef79a264866e4881b6fe202.udd" 5142
"C:/Users/minls/AppData/Local/UnrealEngine/Common/DerivedDataCache/Buckets/LegacyTEXTURE/42/77/58c027887d5fd49b5672ecaa565f559dc87b.udd" 5143
"C:/Users/minls/AppData/Local/UnrealEngine/Common/DerivedDataCache/Buckets/LegacyTEXTURE/52/16/1dda3e4a0bd80700fd8fc8a559d9dae4a919.udd" 5144
"C:/Users/minls/AppData/Local/UnrealEngine/Common/DerivedDataCache/Buckets/LegacyTEXTURE/7a/81/9c05f2ddb0a84b05602eb824bddbecba878e.udd" 5145
"C:/Users/minls/AppData/Local/UnrealEngine/Common/DerivedDataCache/Buckets/LegacyTEXTURE/55/1c/a0b29dab7307cd2411b32ab9f60180be621f.udd" 5146
"C:/Users/minls/AppData/Local/UnrealEngine/Common/DerivedDataCache/Buckets/LegacyTEXTURE/70/41/844045a0bae8f6767922aae5db04ff4e0666.udd" 5147
"C:/Users/minls/AppData/Local/UnrealEngine/Common/DerivedDataCache/Buckets/LegacyTEXTURE/1a/99/0227e0b30c2c8eb5418d19d6954b0e9b92f1.udd" 5148
"C:/Users/minls/AppData/Local/UnrealEngine/Common/DerivedDataCache/Buckets/LegacyTEXTURE/bd/dc/1c4a09ba946795ca3f6d1aafa838842fee71.udd" 5149
"C:/Users/minls/AppData/Local/UnrealEngine/Common/DerivedDataCache/Buckets/LegacyTEXTURE/ec/77/4c3e359acf9c84fbe03ab38be8254884b0dd.udd" 5150
"C:/Users/minls/AppData/Local/UnrealEngine/Common/DerivedDataCache/Buckets/LegacyTEXTURE/b8/0e/c8e4616eb003293338b05bd022bbb5d335df.udd" 5151
"C:/Users/minls/AppData/Local/UnrealEngine/Common/DerivedDataCache/Buckets/LegacyTEXTURE/8a/77/78af0eb621ee97a0f6b8efb2077ba6435b12.udd" 5152
"E:/Workspace_ISECONVI/ISECONVI/Content/StarterContent/Audio/Explosion02.uasset" 5153
"C:/Users/minls/AppData/Local/UnrealEngine/Common/DerivedDataCache/Buckets/LegacyTEXTURE/46/7c/2c57d220a95c4280d1a629ab6a4be5472e5b.udd" 5154
"C:/Users/minls/AppData/Local/UnrealEngine/Common/DerivedDataCache/Buckets/LegacyTEXTURE/03/cb/050b637f9889c81c4f80818722fb4a21b826.udd" 5155
"C:/Users/minls/AppData/Local/UnrealEngine/Common/DerivedDataCache/Buckets/LegacyTEXTURE/63/da/f168d5b9fb3fb77193544c2fb31b160a8155.udd" 5156
"C:/Users/minls/AppData/Local/UnrealEngine/Common/DerivedDataCache/Content/b8/aa/106f6fcd54cfe694811a291674f3218331a3.udd" 5157
"C:/Users/minls/AppData/Local/UnrealEngine/Common/DerivedDataCache/Buckets/BulkDataList/bd/12/a4c05d7c33f2bc5ab8b30eabf9b9c7e3bd3b.udd" 5158
"E:/Workspace_ISECONVI/ISECONVI/Content/BattleSequence/Enemy/Mesh/Textures/yuusya_BT_PT.uasset" 5159
"C:/Users/minls/AppData/Local/UnrealEngine/Common/DerivedDataCache/Buckets/BulkDataList/3f/f4/2d0ae51136d04043730b5f2ff70cc03e6b5f.udd" 5160
"../../../Engine/Content/MapTemplates/Materials/BasicAsset04.uasset" 5161
"C:/Users/minls/AppData/Local/UnrealEngine/Common/DerivedDataCache/Buckets/BulkDataList/dc/c3/92daacd7d321a7a034b6dc839ed486ccd1ed.udd" 5162
"C:/Users/minls/AppData/Local/UnrealEngine/Common/DerivedDataCache/Buckets/BulkDataList/de/1c/f33d7199a8db10087a100da18a77e04b6b93.udd" 5163
"E:/Workspace_ISECONVI/ISECONVI/Content/3DTeamAsset/Architecture_PyeonUIJeom/Stylised_wood.uasset" 5164
"C:/Users/minls/AppData/Local/UnrealEngine/Common/DerivedDataCache/Buckets/LegacyTEXTURE/0f/08/760824a750dfb065fe68cbb50022144d7031.udd" 5165
"C:/Users/minls/AppData/Local/UnrealEngine/Common/DerivedDataCache/Buckets/BulkDataList/41/46/1df8decce0ead89ebdbe0f8814af2bba98f5.udd" 5166
"C:/Users/minls/AppData/Local/UnrealEngine/Common/DerivedDataCache/Content/19/fc/2e2da645352fd7c6a50b14e91239356e3ac0.udd" 5167
"E:/Workspace_ISECONVI/ISECONVI/Content/DreamscapeSeries/DreamscapeTower/Textures/Trees/Billboards/T_Tree_A_03_BB_C.uasset" 5168
"E:/Workspace_ISECONVI/ISECONVI/Content/DreamscapeSeries/DreamscapeTower/Textures/Trees/T_Bark_Autumn_01_C.uasset" 5169
"C:/Users/minls/AppData/Local/UnrealEngine/Common/DerivedDataCache/Buckets/LegacyTEXTURE/b9/ae/403446e988b174f017d834cf476f85bb2fe9.udd" 5170
"C:/Users/minls/AppData/Local/UnrealEngine/Common/DerivedDataCache/Content/97/f2/87c6c76ddb76539f1dfe7cb5f954c1c84b24.udd" 5171
"E:/Workspace_ISECONVI/ISECONVI/Content/DreamscapeSeries/DreamscapeTower/Textures/Trees/T_Bark_Autumn_01_N.uasset" 5172
"C:/Users/minls/AppData/Local/UnrealEngine/Common/DerivedDataCache/Buckets/LegacyTEXTURE/13/96/805aae6200c0b856ff2faeb25fb1ce83f6e9.udd" 5173
"C:/Users/minls/AppData/Local/UnrealEngine/Common/DerivedDataCache/Buckets/BulkDataList/23/a2/844ba332f195532ad664926f58d51493c3b9.udd" 5174
"E:/Workspace_ISECONVI/ISECONVI/Content/DreamscapeSeries/DreamscapeTower/Textures/Trees/T_Bark_Autumn_01_ORM.uasset" 5175
"C:/Users/minls/AppData/Local/UnrealEngine/Common/DerivedDataCache/Buckets/LegacyTEXTURE/75/d3/04839f778279c2f373aeff516669894468cc.udd" 5176
"C:/Users/minls/AppData/Local/UnrealEngine/Common/DerivedDataCache/Buckets/LegacyTEXTURE/f4/e1/e06cbc86e6a158aa7a72a71e8a1ab6f17e61.udd" 5177
"C:/Users/minls/AppData/Local/UnrealEngine/Common/DerivedDataCache/Content/e1/d4/886fcd37a49812cd641f81703c5b6b27906d.udd" 5178
"C:/Users/minls/AppData/Local/UnrealEngine/Common/DerivedDataCache/Buckets/LegacyTEXTURE/28/29/b8c91b4ed0c679b1022d4e5c634c11d6d0a4.udd" 5179
"C:/Users/minls/AppData/Local/UnrealEngine/Common/DerivedDataCache/Buckets/BulkDataList/4e/0d/f30c6fc48491291beb04120d14b3f3ed790a.udd" 5180
"C:/Users/minls/AppData/Local/UnrealEngine/Common/DerivedDataCache/Buckets/LegacyTEXTURE/b9/ed/4318d86d0b431d594b321f9c3ac21447c52b.udd" 5181
"E:/Workspace_ISECONVI/ISECONVI/Content/DreamscapeSeries/DreamscapeTower/Textures/Trees/T_Leaves_Round_01_C.uasset" 5182
"C:/Users/minls/AppData/Local/UnrealEngine/Common/DerivedDataCache/Buckets/LegacyTEXTURE/e3/5f/917b52c4f37b2f88f28a6e97b0f39a50b098.udd" 5183
"C:/Users/minls/AppData/Local/UnrealEngine/Common/DerivedDataCache/Buckets/LegacyTEXTURE/bd/c1/d65e5cdd3ce329f4b9cd5d14545ac5a14036.udd" 5184
"C:/Users/minls/AppData/Local/UnrealEngine/Common/DerivedDataCache/Buckets/BulkDataList/96/33/e2f69684243f2ac30cd803098350f595facb.udd" 5185
"C:/Users/minls/AppData/Local/UnrealEngine/Common/DerivedDataCache/Buckets/LegacyTEXTURE/5a/e2/91a5680f3aeb0f94ca202e82418bb93e4a60.udd" 5186
"E:/Workspace_ISECONVI/ISECONVI/Content/3DTeamAsset/AssetsvilleTown/Textures/Tiled/T_planks_01.uasset" 5187
"C:/Users/minls/AppData/Local/UnrealEngine/Common/DerivedDataCache/Buckets/LegacyTEXTURE/75/81/08ffcbc7ab420eac116772029bfbfc162f0a.udd" 5188
"C:/Users/minls/AppData/Local/UnrealEngine/Common/DerivedDataCache/Buckets/BulkDataList/25/e9/d4d5fb3400b1470ed91fd4b6f5a6cd3258a6.udd" 5189
"E:/Workspace_ISECONVI/ISECONVI/Content/3DTeamAsset/Environment_DreamscapeSeries/SharedResources/Materials/Terrain/RVT_Landscape.uasset" 5190
"C:/Users/minls/AppData/Local/UnrealEngine/Common/DerivedDataCache/Buckets/LegacyTEXTURE/50/d3/71c8bc5a18f33af1f3ee7b75b06952cabdb3.udd" 5191
"C:/Users/minls/AppData/Local/UnrealEngine/Common/DerivedDataCache/Buckets/BulkDataList/12/77/b75ddef7968ae255156dca3b133de8b9e9f6.udd" 5192
"C:/Users/minls/AppData/Local/UnrealEngine/Common/DerivedDataCache/Buckets/LegacyTEXTURE/f8/6a/a04846120cdb4978e8de333db7127b6fb960.udd" 5193
"E:/Workspace_ISECONVI/ISECONVI/Content/3DTeamAsset/Environment_DreamscapeSeries/SharedResources/Textures/Utility/T_White.uasset" 5194
"C:/Users/minls/AppData/Local/UnrealEngine/Common/DerivedDataCache/Buckets/BulkDataList/3e/51/c9ad00d19e674fc185e39f8e216a0f3a7246.udd" 5195
"E:/Workspace_ISECONVI/ISECONVI/Content/3DTeamAsset/Environment_DreamscapeSeries/SharedResources/Textures/Utility/T_WhiteLinear.uasset" 5196
"C:/Users/minls/AppData/Local/UnrealEngine/Common/DerivedDataCache/Buckets/BulkDataList/6e/56/c92fb0e6d6de8d9b6854215e18a480a18726.udd" 5197
"E:/Workspace_ISECONVI/ISECONVI/Content/3DTeamAsset/Environment_DreamscapeSeries/SharedResources/Textures/Utility/T_FlatNormal.uasset" 5198
"E:/Workspace_ISECONVI/ISECONVI/Content/DreamscapeSeries/SharedResources/Textures/Utility/T_White.uasset" 5199
"C:/Users/minls/AppData/Local/UnrealEngine/Common/DerivedDataCache/Buckets/BulkDataList/68/57/e548f384d873ed820829a0b8434ceb9b96ab.udd" 5200
"C:/Users/minls/AppData/Local/UnrealEngine/Common/DerivedDataCache/Buckets/LegacyTEXTURE/11/39/58a9ea73cc6de2ea8cadac4fdbe7c0e7dfe0.udd" 5201
"C:/Users/minls/AppData/Local/UnrealEngine/Common/DerivedDataCache/Buckets/LegacyTEXTURE/45/10/555d27a8aa2c983a7dc42af4689f61e4319f.udd" 5202
"C:/Users/minls/AppData/Local/UnrealEngine/Common/DerivedDataCache/Buckets/LegacyTEXTURE/d1/02/95b6a4fb8a95338e52bd713aa145f9def033.udd" 5203
"C:/Users/minls/AppData/Local/UnrealEngine/Common/DerivedDataCache/Buckets/LegacyTEXTURE/75/99/a2675b6d39e8e440633572f51c5294d3b25f.udd" 5204
"C:/Users/minls/AppData/Local/UnrealEngine/Common/DerivedDataCache/Buckets/LegacyTEXTURE/94/16/9eb4ad66815e1690d7cf3be9b479a1abfc2f.udd" 5205
"C:/Users/minls/AppData/Local/UnrealEngine/Common/DerivedDataCache/Buckets/LegacyTEXTURE/e0/d9/a0c0e3a5379263c40edae59e180568597729.udd" 5206
"C:/Users/minls/AppData/Local/UnrealEngine/Common/DerivedDataCache/Buckets/LegacyTEXTURE/44/b7/9bc968671a4e829b3e87fa1cf54f6a700e0f.udd" 5207
"C:/Users/minls/AppData/Local/UnrealEngine/Common/DerivedDataCache/Buckets/LegacyTEXTURE/79/04/72d6a8d0b703cd867c0ec91292a2bb547baf.udd" 5208
"C:/Users/minls/AppData/Local/UnrealEngine/Common/DerivedDataCache/Buckets/LegacyTEXTURE/1a/7d/74dcf711b8df64a7628cd929387cde9ba5ce.udd" 5209
"C:/Users/minls/AppData/Local/UnrealEngine/Common/DerivedDataCache/Buckets/LegacyTEXTURE/26/6d/7372126abcc5bf796ae84610cc32171eb730.udd" 5210
"C:/Users/minls/AppData/Local/UnrealEngine/Common/DerivedDataCache/Content/32/6f/4f63747470c592486fce5aaa4a70203806cc.udd" 5211
"C:/Users/minls/AppData/Local/UnrealEngine/Common/DerivedDataCache/Buckets/LegacyAudio/1c/22/a652a525460946d3621bab587364bfe9ce39.udd" 5212
"E:/Workspace_ISECONVI/ISECONVI/Content/3DTeamAsset/Fantastic_Village_Pack/textures/T_leather.uasset" 5213
"C:/Users/minls/AppData/Local/UnrealEngine/Common/DerivedDataCache/Buckets/LegacyTEXTURE/16/90/6136e9e334dda0c1f5423e4eb8b8cd7aa5c8.udd" 5214
"C:/Users/minls/AppData/Local/UnrealEngine/Common/DerivedDataCache/Buckets/LegacyTEXTURE/b8/1c/8a384f8bd626f839b3a05a32e7b9c5a2aa32.udd" 5215
"C:/Users/minls/AppData/Local/UnrealEngine/Common/DerivedDataCache/Buckets/LegacyTEXTURE/4a/1b/1fd73968a9056a8a7d1a2d21191ac8d6a6b7.udd" 5216
"C:/Users/minls/AppData/Local/UnrealEngine/Common/DerivedDataCache/Buckets/BulkDataList/a9/96/767aa29528e364e22269cc27ef49d4bf9e1a.udd" 5217
"C:/Users/minls/AppData/Local/UnrealEngine/Common/DerivedDataCache/Buckets/LegacyTEXTURE/9b/96/48074a472fc4a96e8622e1e2eb70d274be67.udd" 5218
"E:/Workspace_ISECONVI/ISECONVI/Content/3DTeamAsset/Fantastic_Village_Pack/textures/T_PROP_potplants.uasset" 5219
"C:/Users/minls/AppData/Local/UnrealEngine/Common/DerivedDataCache/Buckets/LegacyTEXTURE/3c/c0/b671acf592d5caa7b20185b151e4f2353102.udd" 5220
"C:/Users/minls/AppData/Local/UnrealEngine/Common/DerivedDataCache/Buckets/LegacyTEXTURE/86/c4/14e7a23929eb4b6d73b9d4cb8084b4b7b4e3.udd" 5221
"E:/Workspace_ISECONVI/ISECONVI/Content/3DTeamAsset/Fantastic_Village_Pack/textures/T_ember_BC.uasset" 5222
"C:/Users/minls/AppData/Local/UnrealEngine/Common/DerivedDataCache/Buckets/LegacyTEXTURE/89/b7/a0f79f4063acf5b8a8c78bd249fd8ec3cdb1.udd" 5223
"C:/Users/minls/AppData/Local/UnrealEngine/Common/DerivedDataCache/Buckets/LegacyTEXTURE/3f/39/0e196787186c7ef87db0062137825518a44d.udd" 5224
"E:/Workspace_ISECONVI/ISECONVI/Content/3DTeamAsset/Fantastic_Village_Pack/textures/T_ember_E.uasset" 5225
"C:/Users/minls/AppData/Local/UnrealEngine/Common/DerivedDataCache/Buckets/LegacyTEXTURE/82/e1/c33d22aeaac20a562290b203be1fb9e8f850.udd" 5226
"E:/Workspace_ISECONVI/ISECONVI/Content/3DTeamAsset/PN_MeadowFlowers/Textures/FlowerTextures/PivPainterTextures/flower_01_03_PIV.uasset" 5227
"C:/Users/minls/AppData/Local/UnrealEngine/Common/DerivedDataCache/Buckets/BulkDataList/fa/b4/ec26e7e18c39a0264df748f86523d9a48543.udd" 5228
"E:/Workspace_ISECONVI/ISECONVI/Content/3DTeamAsset/PN_MeadowFlowers/Textures/FlowerTextures/PivPainterTextures/flower_01_03_VEC.uasset" 5229
"C:/Users/minls/AppData/Local/UnrealEngine/Common/DerivedDataCache/Buckets/BulkDataList/46/7d/a143709ca3154ac9bbe1a5cccb8514cbb893.udd" 5230
"E:/Workspace_ISECONVI/ISECONVI/Content/3DTeamAsset/PN_MeadowFlowers/Textures/FlowerTextures/PivPainterTextures/flower_01_04_PIV.uasset" 5231
"C:/Users/minls/AppData/Local/UnrealEngine/Common/DerivedDataCache/Buckets/BulkDataList/a6/67/8cb782a93dca68aeceee9a97d49022a037ba.udd" 5232
"E:/Workspace_ISECONVI/ISECONVI/Content/3DTeamAsset/PN_MeadowFlowers/Textures/FlowerTextures/PivPainterTextures/flower_01_04_VEC.uasset" 5233
"C:/Users/minls/AppData/Local/UnrealEngine/Common/DerivedDataCache/Buckets/BulkDataList/1e/5c/6918c22e6e11a847fa3f0437b2e6b5fce9ec.udd" 5234
"C:/Users/minls/AppData/Local/UnrealEngine/Common/DerivedDataCache/Buckets/LegacyTEXTURE/af/a2/88be3f28f73662873d95484b53718eb6a469.udd" 5235
"C:/Users/minls/AppData/Local/UnrealEngine/Common/DerivedDataCache/Buckets/LegacyTEXTURE/bc/56/7d5784946a8a668e64a0cbcaa5a3ef0c767c.udd" 5236
"../../../Engine/Content/Functions/Engine_MaterialFunctions01/SpeedTree/SpeedTreeColorVariation.uasset" 5237
"C:/Users/minls/AppData/Local/UnrealEngine/Common/DerivedDataCache/Buckets/BulkDataList/70/7c/033e962d1f68c6e698a06aa1d237abb45344.udd" 5238
"E:/Workspace_ISECONVI/ISECONVI/Content/3DTeamAsset/PN_MeadowFlowers/Textures/FlowerTextures/MasterTextures/Combined_Flowers_A.uasset" 5239
"C:/Users/minls/AppData/Local/UnrealEngine/Common/DerivedDataCache/Buckets/BulkDataList/82/c4/b009ed57e937025ef190527c19b59c4b2408.udd" 5240
"E:/Workspace_ISECONVI/ISECONVI/Content/3DTeamAsset/PN_MeadowFlowers/Textures/FlowerTextures/MasterTextures/Combined_Flowers_N.uasset" 5241
"E:/Workspace_ISECONVI/ISECONVI/Content/3DTeamAsset/PN_MeadowFlowers/Textures/FlowerTextures/MasterTextures/Combined_Flowers_O.uasset" 5242
"C:/Users/minls/AppData/Local/UnrealEngine/Common/DerivedDataCache/Buckets/BulkDataList/df/ee/c62cbb174d37ccf79f5e72729a0a3dbaa614.udd" 5243
"E:/Workspace_ISECONVI/ISECONVI/Content/3DTeamAsset/ProceduralBiomes/Textures/T_Dummy_Bc.uasset" 5244
"C:/Users/minls/AppData/Local/UnrealEngine/Common/DerivedDataCache/Buckets/BulkDataList/40/7b/7c55ef5b6866bbaef67dcc5bca81627efb90.udd" 5245
"E:/Workspace_ISECONVI/ISECONVI/Content/3DTeamAsset/ProceduralBiomes/Textures/T_Dummy_N.uasset" 5246
"C:/Users/minls/AppData/Local/UnrealEngine/Common/DerivedDataCache/Buckets/BulkDataList/a9/db/e3a38d883e6a4ff75f05b9aa83399cf456eb.udd" 5247
"../../../Engine/Content/Functions/Engine_MaterialFunctions02/Utility/BlendAngleCorrectedNormals.uasset" 5248
"C:/Users/minls/AppData/Local/UnrealEngine/Common/DerivedDataCache/Buckets/BulkDataList/c1/2c/32125acfb54f49c66576312a9c4801512c29.udd" 5249
"../../../Engine/Content/Functions/MaterialLayerFunctions/MatLayerBlend_Standard.uasset" 5250
"E:/Workspace_ISECONVI/ISECONVI/Content/3DTeamAsset/ProceduralBiomes/Textures/Landscape_Textures/T_MGrass_A_N.uasset" 5251
"E:/Workspace_ISECONVI/ISECONVI/Content/3DTeamAsset/ProceduralBiomes/Textures/T_Dummy_RAOSS.uasset" 5252
"E:/Workspace_ISECONVI/ISECONVI/Content/3DTeamAsset/ProceduralBiomes/Textures/T_Dummy_O.uasset" 5253
"E:/Workspace_ISECONVI/ISECONVI/Content/3DTeamAsset/ProceduralBiomes/Textures/T_Conifer02_Bill_Bc.uasset" 5254
"E:/Workspace_ISECONVI/ISECONVI/Content/3DTeamAsset/ProceduralBiomes/Textures/T_Conifer02_Bill_N.uasset" 5255
"E:/Workspace_ISECONVI/ISECONVI/Content/3DTeamAsset/ProceduralBiomes/Textures/T_Conifer02_Bill_SSMask.uasset" 5256
"E:/Workspace_ISECONVI/ISECONVI/Content/3DTeamAsset/ProceduralBiomes/Textures/T_ConiferLeafs_Bc.uasset" 5257
"E:/Workspace_ISECONVI/ISECONVI/Content/3DTeamAsset/ProceduralBiomes/Textures/T_ConiferLeafs_N.uasset" 5258
"E:/Workspace_ISECONVI/ISECONVI/Content/3DTeamAsset/ProceduralBiomes/Textures/T_ConiferLeafs_Opacity.uasset" 5259
"E:/Workspace_ISECONVI/ISECONVI/Content/3DTeamAsset/ProceduralBiomes/Textures/T_ConiferLeafs_RAOSS.uasset" 5260
"E:/Workspace_ISECONVI/ISECONVI/Content/CartoonSkyShader/Materials/MaterialFunctions/Clouds/MF_Cloud.uasset" 5261
"C:/Users/minls/AppData/Local/UnrealEngine/Common/DerivedDataCache/Buckets/MaterialShaderMap/d9/5f/007116c94695655260fb58994080a26e6e3b.udd" 5262
"C:/Users/minls/AppData/Local/UnrealEngine/Common/DerivedDataCache/Buckets/BulkDataList/03/45/b5fafb3b22c348aa54baadbbcec1a32989e6.udd" 5263
"E:/Workspace_ISECONVI/ISECONVI/Content/CartoonSkyShader/Materials/MaterialFunctions/Clouds/MF_Cloud_UV.uasset" 5264
"C:/Users/minls/AppData/Local/UnrealEngine/Common/DerivedDataCache/Buckets/BulkDataList/5c/a5/3b6bd4ddcf9b84d41f9469a4852a7ae420f3.udd" 5265
"C:/Users/minls/AppData/Local/UnrealEngine/Common/DerivedDataCache/Buckets/BulkDataList/e7/40/c302e1eca97fddec7171c1744f73e852e2e2.udd" 5266
"E:/Workspace_ISECONVI/ISECONVI/Content/CartoonSkyShader/Materials/MaterialFunctions/Clouds/MF_CloudMask.uasset" 5267
"C:/Users/minls/AppData/Local/UnrealEngine/Common/DerivedDataCache/Buckets/BulkDataList/1c/bd/e4b9c1c2aa26f0b7adff2227a096fa1d4e87.udd" 5268
"E:/Workspace_ISECONVI/ISECONVI/Content/CartoonSkyShader/Materials/MaterialFunctions/Clouds/MF_CloudWind.uasset" 5269
"C:/Users/minls/AppData/Local/UnrealEngine/Common/DerivedDataCache/Buckets/BulkDataList/52/d3/7405675b5b13429c33f82406919cb6646a6f.udd" 5270
"C:/Users/minls/AppData/Local/UnrealEngine/Common/DerivedDataCache/Buckets/BulkDataList/96/bb/492b7d3a8612dd19f0a00bf08ee271e045b0.udd" 5271
"C:/Users/minls/AppData/Local/UnrealEngine/Common/DerivedDataCache/Buckets/BulkDataList/ca/2d/b621c8e295632fa0045156aa880a0162314d.udd" 5272
"E:/Workspace_ISECONVI/ISECONVI/Content/CartoonSkyShader/Materials/MaterialFunctions/Utility/MF_ChannelBlends.uasset" 5273
"C:/Users/minls/AppData/Local/UnrealEngine/Common/DerivedDataCache/Buckets/BulkDataList/05/3e/de2cba0b55f781841e3c0cd9b39844599bcb.udd" 5274
"C:/Users/minls/AppData/Local/UnrealEngine/Common/DerivedDataCache/Buckets/BulkDataList/38/0a/03e8bdc93d153d89bf497932a09c6b5a56d2.udd" 5275
"C:/Users/minls/AppData/Local/UnrealEngine/Common/DerivedDataCache/Buckets/BulkDataList/38/41/db28601e42b94749eea21f5d5e90b0c50c88.udd" 5276
"C:/Users/minls/AppData/Local/UnrealEngine/Common/DerivedDataCache/Buckets/BulkDataList/53/73/931c7cb2f1c2fc18fcd65084597e0e9517f5.udd" 5277
"C:/Users/minls/AppData/Local/UnrealEngine/Common/DerivedDataCache/Buckets/BulkDataList/77/48/e54ff6e0f30fa383ae5adae998904c0f5c70.udd" 5278
"C:/Users/minls/AppData/Local/UnrealEngine/Common/DerivedDataCache/Buckets/BulkDataList/03/b6/9d3198b8877d4bbbb287c6cad0415b4d69c0.udd" 5279
"E:/Workspace_ISECONVI/ISECONVI/Content/CartoonSkyShader/Textures/ColorCurves/CloudDarkColor/CloudColor_Dark_Curve_01.uasset" 5280
"C:/Users/minls/AppData/Local/UnrealEngine/Common/DerivedDataCache/Buckets/BulkDataList/b4/d1/a470c28b7024ab64436c138e90e1a8add60f.udd" 5281
"E:/Workspace_ISECONVI/ISECONVI/Content/CartoonSkyShader/Textures/ColorCurves/CloudLightColor/CloudColor_Light_Curve_01.uasset" 5282
"C:/Users/minls/AppData/Local/UnrealEngine/Common/DerivedDataCache/Buckets/BulkDataList/12/07/f2a8b184fc085a0837c36208744164463347.udd" 5283
"C:/Users/minls/AppData/Local/UnrealEngine/Common/DerivedDataCache/Buckets/MaterialShaderMap/d9/51/8473220dc552b2e7ce843fb66e9acfd0a99c.udd" 5284
"C:/Users/minls/AppData/Local/UnrealEngine/Common/DerivedDataCache/Buckets/BulkDataList/fb/7c/2dc1c13bc977f1a432237976eaab3c3ee546.udd" 5285
"E:/Workspace_ISECONVI/ISECONVI/Content/CartoonSkyShader/Textures/Noises/T_Cloud_Mask_01_M.uasset" 5286
"E:/Workspace_ISECONVI/ISECONVI/Content/CartoonSkyShader/Textures/ColorCurves/MoonColor/MoonColor_Curve_02.uasset" 5287
"C:/Users/minls/AppData/Local/UnrealEngine/Common/DerivedDataCache/Buckets/BulkDataList/6b/26/428683a52663236d392f9cea6edffdf87567.udd" 5288
"E:/Workspace_ISECONVI/ISECONVI/Content/CartoonSkyShader/Textures/ColorCurves/MoonColor/MoonColor_Curve_03.uasset" 5289
"C:/Users/minls/AppData/Local/UnrealEngine/Common/DerivedDataCache/Content/4f/71/229cf3d67d8658aed79056bbe56316d845a5.udd" 5290
"C:/Users/minls/AppData/Local/UnrealEngine/Common/DerivedDataCache/Content/d8/63/d78a9a63a465b3255775f9db65614075af09.udd" 5291
"C:/Users/minls/AppData/Local/UnrealEngine/Common/DerivedDataCache/Buckets/MaterialShaderMap/0c/62/d6cc4f30c26b7febd2ed6cfeccd13b4ddde5.udd" 5292
"C:/Users/minls/AppData/Local/UnrealEngine/Common/DerivedDataCache/Buckets/BulkDataList/39/ad/e6f98a8cb2920a6231b7d972020509e14ae8.udd" 5293
"E:/Workspace_ISECONVI/ISECONVI/Content/CartoonSkyShader/Textures/ColorCurves/MoonColor/MoonColor_Curve_04.uasset" 5294
"C:/Users/minls/AppData/Local/UnrealEngine/Common/DerivedDataCache/Buckets/BulkDataList/06/01/43970ddbd1cb2025bf3f2ba424f58529736a.udd" 5295
"E:/Workspace_ISECONVI/ISECONVI/Content/CartoonSkyShader/Textures/ColorCurves/MoonColor/MoonColor_Curve_05.uasset" 5296
"C:/Users/minls/AppData/Local/UnrealEngine/Common/DerivedDataCache/Buckets/BulkDataList/59/e1/6dfba0eb4ac785555f4a6a427a1d1ea4ebd0.udd" 5297
"E:/Workspace_ISECONVI/ISECONVI/Content/CartoonSkyShader/Textures/ColorCurves/SkyHorizonColor/SkyHorizonColor_Curve_02.uasset" 5298
"C:/Users/minls/AppData/Local/UnrealEngine/Common/DerivedDataCache/Buckets/BulkDataList/a6/8c/760614049bab78e4b14b088fcb42c856d705.udd" 5299
"E:/Workspace_ISECONVI/ISECONVI/Content/CartoonSkyShader/Textures/ColorCurves/SkyHorizonColor/SkyHorizonColor_Curve_03.uasset" 5300
"C:/Users/minls/AppData/Local/UnrealEngine/Common/DerivedDataCache/Buckets/LegacyTEXTURE/a4/b1/f4499403575dd58e33281950b904c579805f.udd" 5301
"C:/Users/minls/AppData/Local/UnrealEngine/Common/DerivedDataCache/Buckets/BulkDataList/9c/66/9ea2d6a3b46db9245919d0f39b11f2ab7c43.udd" 5302
"E:/Workspace_ISECONVI/ISECONVI/Content/CartoonSkyShader/Textures/ColorCurves/SkyHorizonColor/SkyHorizonColor_Curve_04.uasset" 5303
"C:/Users/minls/AppData/Local/UnrealEngine/Common/DerivedDataCache/Buckets/BulkDataList/de/a3/3590ddac63e23ad92bed3641d074c0b07d75.udd" 5304
"E:/Workspace_ISECONVI/ISECONVI/Content/CartoonSkyShader/Textures/ColorCurves/SkyZenithColor/SkyZenithColor_Curve_02.uasset" 5305
"../../../../../Workspace_ISECONVI/ISECONVI/Content/CartoonSkyShader/Materials/MaterialFunctions/Utility/MF_CloudOffset.uasset" 5306
"../../../../../Workspace_ISECONVI/ISECONVI/Content/CartoonSkyShader/Materials/MaterialFunctions/Utility/MF_CloudOffset_UV.uasset" 5307
"C:/Users/minls/AppData/Local/UnrealEngine/Common/DerivedDataCache/Buckets/LegacyTEXTURE/b9/f7/8e7c8747e6fb647e3c6ccfc12a6378850e16.udd" 5308
"../../../../../Workspace_ISECONVI/ISECONVI/Content/CartoonSkyShader/Materials/MaterialFunctions/Utility/MF_Detail_Map.uasset" 5309
"C:/Users/minls/AppData/Local/UnrealEngine/Common/DerivedDataCache/Buckets/LegacyTEXTURE/8e/e5/2bc611d41e085710b0d688e16a6cdbf85447.udd" 5310
"C:/Users/minls/AppData/Local/UnrealEngine/Common/DerivedDataCache/Buckets/LegacyTEXTURE/de/26/e71dbdfa00b3bd6f5afe1e32aab322b783d0.udd" 5311
"C:/Users/minls/AppData/Local/UnrealEngine/Common/DerivedDataCache/Buckets/LegacyTEXTURE/f1/86/6e340cc43e82eeabff5afc97ba3922066770.udd" 5312
"C:/Users/minls/AppData/Local/UnrealEngine/Common/DerivedDataCache/Content/00/c7/c2e0bcd7b05e2c19c4b45bd35da8bb79de3d.udd" 5313
"../../../../../Workspace_ISECONVI/ISECONVI/Content/CartoonSkyShader/Materials/MaterialFunctions/Utility/MF_Position_Falloff_with_VariableFalloff_by_mask.uasset" 5314
"C:/Users/minls/AppData/Local/UnrealEngine/Common/DerivedDataCache/Buckets/LegacyTEXTURE/1d/4a/2d30cee2c060fe397c8b1a1047a94726feeb.udd" 5315
"C:/Users/minls/AppData/Local/UnrealEngine/Common/DerivedDataCache/Buckets/LegacyTEXTURE/ba/f6/55cfba2a17732253c6ab6eab794b993f06f2.udd" 5316
"C:/Users/minls/AppData/Local/UnrealEngine/Common/DerivedDataCache/Buckets/LegacyTEXTURE/47/69/fda23623900210d6b0a4fbcaf4ad3fb633a0.udd" 5317
"C:/Users/minls/AppData/Local/UnrealEngine/Common/DerivedDataCache/Buckets/LegacyTEXTURE/38/49/4785f2e856cd8e8ef1336fc8bd7eb15796df.udd" 5318
"C:/Users/minls/AppData/Local/UnrealEngine/Common/DerivedDataCache/Buckets/LegacySTREAMEDAUDIO/1c/b2/b2421f989c2cdf4d235058e3f409b31139c3.udd" 5319
"C:/Users/minls/AppData/Local/UnrealEngine/Common/DerivedDataCache/Buckets/LegacySTREAMEDAUDIO/39/ec/3f94075a73760f08e927cf0c6880d6cf7613.udd" 5320
"C:/Users/minls/AppData/Local/UnrealEngine/Common/DerivedDataCache/Buckets/LegacySTREAMEDAUDIO/46/d2/211a598d6b4202e2cbc38e414e6b7ab8c09b.udd" 5321
"C:/Users/minls/AppData/Local/UnrealEngine/Common/DerivedDataCache/Buckets/LegacyTEXTURE/a2/d0/e68a7b02ed8ff7ce22327d41aec96d199201.udd" 5322
"C:/Users/minls/AppData/Local/UnrealEngine/Common/DerivedDataCache/Buckets/LegacyTEXTURE/ef/fc/0d81a284559b5a2bc68d8d58860be1db71d7.udd" 5323
"C:/Users/minls/AppData/Local/UnrealEngine/Common/DerivedDataCache/Buckets/LegacyTEXTURE/0b/2c/b439066b8cf9cd2a46ed0f1ae0986eb329b2.udd" 5324
"C:/Users/minls/AppData/Local/UnrealEngine/Common/DerivedDataCache/Buckets/LegacyTEXTURE/d8/42/a663578bd9918c16ce36154f96814c69afe8.udd" 5325
"C:/Users/minls/AppData/Local/UnrealEngine/Common/DerivedDataCache/Buckets/LegacyTEXTURE/51/15/fefd176ea69bbae9599e48435e5539050ae7.udd" 5326
"C:/Users/minls/AppData/Local/UnrealEngine/Common/DerivedDataCache/Buckets/LegacyTEXTURE/20/e6/5c57199e61b212bd8fd582ed0c60991ab75f.udd" 5327
"C:/Users/minls/AppData/Local/UnrealEngine/Common/DerivedDataCache/Buckets/LegacyTEXTURE/61/d0/4ef327f25db2d9036ec969de494406ab4f7b.udd" 5328
"C:/Users/minls/AppData/Local/UnrealEngine/Common/DerivedDataCache/Buckets/LegacyTEXTURE/14/e3/0dd15e27587a36997b92666830e4bb09c1b9.udd" 5329
"C:/Users/minls/AppData/Local/UnrealEngine/Common/DerivedDataCache/Buckets/LegacyTEXTURE/91/4a/a9aa61d753cc7b15bb4f29992c6aa682170e.udd" 5330
"C:/Users/minls/AppData/Local/UnrealEngine/Common/DerivedDataCache/Buckets/LegacyTEXTURE/5e/26/0c2abcddaa318024f864ba202c45fb6c8116.udd" 5331
"C:/Users/minls/AppData/Local/UnrealEngine/Common/DerivedDataCache/Buckets/LegacyTEXTURE/d8/0c/e45b23c2f9f70f9f3b333a888cc8e0a00c88.udd" 5332
"C:/Users/minls/AppData/Local/UnrealEngine/Common/DerivedDataCache/Buckets/LegacyTEXTURE/fb/35/5699b0b026b8c9b6922f60b0444f2d4da090.udd" 5333
"C:/Users/minls/AppData/Local/UnrealEngine/Common/DerivedDataCache/Buckets/LegacyTEXTURE/ea/49/d4d35b5d45954348e34f158761297b2500e7.udd" 5334
"C:/Users/minls/AppData/Local/UnrealEngine/Common/DerivedDataCache/Buckets/LegacyTEXTURE/48/fb/63e02982e5c5a9934569f222c5fead6c54d4.udd" 5335
"C:/Users/minls/AppData/Local/UnrealEngine/Common/DerivedDataCache/Buckets/LegacyTEXTURE/7b/8d/778b5eb024e3147f3044f9e0600d8b15278f.udd" 5336
"C:/Users/minls/AppData/Local/UnrealEngine/Common/DerivedDataCache/Buckets/LegacyTEXTURE/38/8b/f6b0fa4a0753ce0b50b28266bc02d79e1540.udd" 5337
"C:/Users/minls/AppData/Local/UnrealEngine/Common/DerivedDataCache/Buckets/LegacyTEXTURE/77/bc/fb09114e8c114b2d4e576e6adf407da0045b.udd" 5338
"C:/Users/minls/AppData/Local/UnrealEngine/Common/DerivedDataCache/Buckets/LegacyTEXTURE/82/fd/448001f019545789b2b9859681a77188992b.udd" 5339
"C:/Users/minls/AppData/Local/UnrealEngine/Common/DerivedDataCache/Buckets/LegacyTEXTURE/42/f3/a03eebcabb72f3687c3f45e6c08a67651b14.udd" 5340
"C:/Users/minls/AppData/Local/UnrealEngine/Common/DerivedDataCache/Buckets/LegacyTEXTURE/b9/a6/ecd46e9f07b081b5afdce8111880390e86c3.udd" 5341
"C:/Users/minls/AppData/Local/UnrealEngine/Common/DerivedDataCache/Buckets/LegacyTEXTURE/ef/6c/3cc357b5d098abf5018fc7eff4040def35f3.udd" 5342
"C:/Users/minls/AppData/Local/UnrealEngine/Common/DerivedDataCache/Buckets/LegacyTEXTURE/4a/66/44f1073ba45f0dad99e1b54c8b51063d979f.udd" 5343
"C:/Users/minls/AppData/Local/UnrealEngine/Common/DerivedDataCache/Buckets/LegacyTEXTURE/9e/b6/2d6f81aeabb8dabc2414611fc2ee460390e2.udd" 5344
"C:/Users/minls/AppData/Local/UnrealEngine/Common/DerivedDataCache/Buckets/LegacyTEXTURE/63/75/9e074914dd979250c7a014fd0030eabdaca6.udd" 5345
"C:/Users/minls/AppData/Local/UnrealEngine/Common/DerivedDataCache/Buckets/LegacyTEXTURE/3e/af/a257e1d3afd144a54c435ff446c286e26078.udd" 5346
"C:/Users/minls/AppData/Local/UnrealEngine/Common/DerivedDataCache/Buckets/LegacyTEXTURE/f2/7a/a84f319db63bef7c262e17ff42e058f6f65a.udd" 5347
"C:/Users/minls/AppData/Local/UnrealEngine/Common/DerivedDataCache/Buckets/LegacyTEXTURE/64/05/b4f453442a414113fc65ece64b0a77f963dd.udd" 5348
"C:/Users/minls/AppData/Local/UnrealEngine/Common/DerivedDataCache/Buckets/LegacyTEXTURE/ce/99/eee6689edc88050608ac501507f5dda9ab4a.udd" 5349
"C:/Users/minls/AppData/Local/UnrealEngine/Common/DerivedDataCache/Buckets/LegacyTEXTURE/27/9b/2a6dddb176ab1b0feb56d4c279cc31a6b2c0.udd" 5350
"C:/Users/minls/AppData/Local/UnrealEngine/Common/DerivedDataCache/Buckets/LegacyTEXTURE/09/89/21be25ed46e7b0d654776328765df38b855e.udd" 5351
"C:/Users/minls/AppData/Local/UnrealEngine/Common/DerivedDataCache/Buckets/LegacyTEXTURE/e2/3c/d892d375a5588908d6a3adb70bc92b1222d6.udd" 5352
"C:/Users/minls/AppData/Local/UnrealEngine/Common/DerivedDataCache/Buckets/LegacyTEXTURE/c8/66/87981bdbed5eea5d07508c484149375858a5.udd" 5353
"C:/Users/minls/AppData/Local/UnrealEngine/Common/DerivedDataCache/Buckets/LegacyTEXTURE/60/5b/dc0cad79dd4cd0ce0aaaf5bbc1dad264bf63.udd" 5354
"C:/Users/minls/AppData/Local/UnrealEngine/Common/DerivedDataCache/Buckets/LegacyTEXTURE/23/2d/14bc5a45d699b0d7854340d88515a4090f7b.udd" 5355
"C:/Users/minls/AppData/Local/UnrealEngine/Common/DerivedDataCache/Buckets/LegacyTEXTURE/70/95/f53bec893d3c38e0ee4851df860c62c27525.udd" 5356
"C:/Users/minls/AppData/Local/UnrealEngine/Common/DerivedDataCache/Buckets/LegacyTEXTURE/97/32/fb74e05c57ad0c8e9ceeac0b137929ca835b.udd" 5357
"C:/Users/minls/AppData/Local/UnrealEngine/Common/DerivedDataCache/Buckets/LegacyTEXTURE/c0/d4/d4c6153a23bab756eb5860c49464f879275f.udd" 5358
"C:/Users/minls/AppData/Local/UnrealEngine/Common/DerivedDataCache/Buckets/LegacyTEXTURE/0c/32/a5572f808c7e527890a0ae1984eea26b26ba.udd" 5359
"C:/Users/minls/AppData/Local/UnrealEngine/Common/DerivedDataCache/Buckets/LegacyTEXTURE/90/f4/ec59ad79d13526a51417dbbaab44b77a1e88.udd" 5360
"C:/Users/minls/AppData/Local/UnrealEngine/Common/DerivedDataCache/Buckets/LegacyTEXTURE/b8/83/6d55866a565bcc3e8fddf7d096adc44647b0.udd" 5361
"C:/Users/minls/AppData/Local/UnrealEngine/Common/DerivedDataCache/Buckets/LegacyTEXTURE/91/f3/71993bd8d104b2c166fd0d1d1d47cee3c106.udd" 5362
"C:/Users/minls/AppData/Local/UnrealEngine/Common/DerivedDataCache/Buckets/LegacyTEXTURE/63/06/8eb58628e588591cd56edcc52fa7a0794c22.udd" 5363
"C:/Users/minls/AppData/Local/UnrealEngine/Common/DerivedDataCache/Buckets/LegacyTEXTURE/2f/28/627d6720ee7b94c61cd1f98225afd3026c71.udd" 5364
"C:/Users/minls/AppData/Local/UnrealEngine/Common/DerivedDataCache/Buckets/LegacyTEXTURE/46/71/fd57fe339c444cb88a19304ae4401637ca36.udd" 5365
"C:/Users/minls/AppData/Local/UnrealEngine/Common/DerivedDataCache/Buckets/LegacyTEXTURE/44/da/064633e5d89c3f947f608b0a9ae5ffa8880d.udd" 5366
"C:/Users/minls/AppData/Local/UnrealEngine/Common/DerivedDataCache/Buckets/LegacyTEXTURE/b8/fb/b31d311110fe61fdc611b7e5d5109d63484b.udd" 5367
"C:/Users/minls/AppData/Local/UnrealEngine/Common/DerivedDataCache/Buckets/LegacyTEXTURE/bc/0e/fb80cc2f825f4a63c2f2ff4be9970646c0c6.udd" 5368
"C:/Users/minls/AppData/Local/UnrealEngine/Common/DerivedDataCache/Buckets/LegacyTEXTURE/d9/0b/500fe79a6636838e1a5059e30762ec5e73ad.udd" 5369
"E:/Workspace_ISECONVI/ISECONVI/Content/CartoonSkyShader/Textures/ColorCurves/SkyZenithColor/SkyZenithColor_Curve_03.uasset" 5370
"C:/Users/minls/AppData/Local/UnrealEngine/Common/DerivedDataCache/Buckets/LegacyTEXTURE/ac/fc/7b1f92f86948d15a70dfa7a0f5cc6844970c.udd" 5371
"C:/Users/minls/AppData/Local/UnrealEngine/Common/DerivedDataCache/Buckets/LegacyTEXTURE/37/b8/b719df04fd97f7da382dd09c11989576da84.udd" 5372
"E:/Workspace_ISECONVI/ISECONVI/Content/CartoonSkyShader/Textures/ColorCurves/SkyZenithColor/SkyZenithColor_Curve_04.uasset" 5373
"C:/Users/minls/AppData/Local/UnrealEngine/Common/DerivedDataCache/Buckets/BulkDataList/b7/ad/39e7d893e01887ae7fcce7e6534f11e8ddf7.udd" 5374
"E:/Workspace_ISECONVI/ISECONVI/Content/CartoonSkyShader/Textures/ColorCurves/StarsColor/StarsColor_Curve_02.uasset" 5375
"E:/Workspace_ISECONVI/ISECONVI/Content/CartoonSkyShader/Textures/ColorCurves/StarsColor/StarsColor_Curve_03.uasset" 5376
"E:/Workspace_ISECONVI/ISECONVI/Content/CartoonSkyShader/Textures/ColorCurves/StarsColor/StarsColor_Curve_04.uasset" 5377
"C:/Users/minls/AppData/Local/UnrealEngine/Common/DerivedDataCache/Buckets/LegacyTEXTURE/a5/db/b4333f4be6c9912d165e91fcb34dc07ed22b.udd" 5378
"C:/Users/minls/AppData/Local/UnrealEngine/Common/DerivedDataCache/Buckets/LegacyTEXTURE/90/c3/fa6abbe98f232d2a0b77eb1c736884d733d4.udd" 5379
"C:/Users/minls/AppData/Local/UnrealEngine/Common/DerivedDataCache/Buckets/LegacyTEXTURE/ad/5a/9d039c9230fded5ef1d2c24d06613e7bb34f.udd" 5380
"C:/Users/minls/AppData/Local/UnrealEngine/Common/DerivedDataCache/Buckets/LegacyTEXTURE/ce/4a/e8e4cdd5df5f587a20c56869737500964801.udd" 5381
"C:/Users/minls/AppData/Local/UnrealEngine/Common/DerivedDataCache/Buckets/LegacyTEXTURE/9f/2d/94c41408a90cc137fbda34a8523161e7bcb5.udd" 5382
"C:/Users/minls/AppData/Local/UnrealEngine/Common/DerivedDataCache/Content/fc/dd/d0a01f16a62bffcfeee57eb9f69c49d4a104.udd" 5383
"E:/Workspace_ISECONVI/ISECONVI/Content/CartoonSkyShader/Textures/ColorCurves/StarsColor/StarsColor_Curve_05.uasset" 5384
"E:/Workspace_ISECONVI/ISECONVI/Content/CartoonSkyShader/Textures/ColorCurves/SunColor/SunColor_Curve_02.uasset" 5385
"E:/Workspace_ISECONVI/ISECONVI/Content/CartoonSkyShader/Textures/ColorCurves/SunColor/SunColor_Curve_03.uasset" 5386
"E:/Workspace_ISECONVI/ISECONVI/Content/CartoonSkyShader/Textures/ColorCurves/SunColor/SunColor_Curve_04.uasset" 5387
"C:/Users/minls/AppData/Local/UnrealEngine/Common/DerivedDataCache/Buckets/LegacyTEXTURE/64/42/d2582fe553e9de09c7e62849513d6c061fc4.udd" 5388
"E:/Workspace_ISECONVI/ISECONVI/Content/CartoonSkyShader/Textures/ColorCurves/SunColor/SunColor_Curve_05.uasset" 5389
"E:/Workspace_ISECONVI/ISECONVI/Content/TravelSequence/BP_Travel_PlayerController.uasset" 5390
"C:/Users/minls/AppData/Local/UnrealEngine/Common/DerivedDataCache/Buckets/MaterialShaderMap/98/e0/fb3b468ea74a34581d6659435ae8a719454f.udd" 5391
"C:/Users/minls/AppData/Local/UnrealEngine/Common/DerivedDataCache/Content/89/e0/b672bd3c4aa4a0707a634c6eaf64d5d00fe4.udd" 5392
"E:/Workspace_ISECONVI/ISECONVI/Content/3DTeamAsset/AssetsvilleTown/Meshes/Characters/PH_characterPhysicsAsset.uasset" 5393
"E:/Workspace_ISECONVI/ISECONVI/Content/3DTeamAsset/AssetsvilleTown/Meshes/Characters/SkeletonCharacter.uasset" 5394
"E:/Workspace_ISECONVI/ISECONVI/Content/StarterContent/Textures/T_Wood_Floor_Walnut_D.uasset" 5395
"E:/Workspace_ISECONVI/ISECONVI/Content/StarterContent/Textures/T_Wood_Floor_Walnut_M.uasset" 5396
"E:/Workspace_ISECONVI/ISECONVI/Content/StarterContent/Textures/T_Wood_Floor_Walnut_N.uasset" 5397
"../../../Engine/Content/Functions/Engine_MaterialFunctions01/Opacity/AlphaOffset.uasset" 5398
"E:/Workspace_ISECONVI/ISECONVI/Content/StarterContent/Textures/T_MacroVariation.uasset" 5399
"../../../Engine/Plugins/Bridge/Content/MSPresets/M_MS_Glass_Material/Functions/MF_TranslucencyMetallic.uasset" 5400
"C:/Users/minls/AppData/Local/UnrealEngine/Common/DerivedDataCache/Content/42/10/234dc661051196ed2bf9147b56017e42daa1.udd" 5401
"../../../Engine/Plugins/Bridge/Content/MSPresets/MSTextures/FlatNormal.uasset" 5402
"../../../Engine/Plugins/Bridge/Content/MSPresets/MSTextures/White.uasset" 5403
"E:/Workspace_ISECONVI/ISECONVI/Content/3DTeamAsset/Fantastic_Village_Pack/textures/T_cloth_01_BC.uasset" 5404
"E:/Workspace_ISECONVI/ISECONVI/Content/3DTeamAsset/Fantastic_Village_Pack/textures/T_cloth_01_N.uasset" 5405
"E:/Workspace_ISECONVI/ISECONVI/Content/BattleSequence/UI/Resource/BattleUI/HP_Gauge/UI_Gauge/moneybag.uasset" 5406
"E:/Workspace_ISECONVI/ISECONVI/Content/BattleSequence/UI/Resource/BattleUI/HP_Gauge/UI_Gauge/moneybag_onlybar.uasset" 5407
"E:/Workspace_ISECONVI/ISECONVI/Content/BattleSequence/UI/Resource/BattleUI/Diamond_Icon/attack_mono.uasset" 5408
"C:/Users/minls/AppData/Local/UnrealEngine/Common/DerivedDataCache/Buckets/LegacyTEXTURE/bd/ac/0d1d8766a855e5b7de2149790bade210423d.udd" 5409
"C:/Users/minls/AppData/Local/UnrealEngine/Common/DerivedDataCache/Buckets/LegacyTEXTURE/93/31/5dfb6fc6ccf7fd5d62b3339b9acde819d4c0.udd" 5410
"E:/Workspace_ISECONVI/ISECONVI/Content/BattleSequence/UI/Resource/BattleUI/Diamond_Icon/item_mono.uasset" 5411
"C:/Users/minls/AppData/Local/UnrealEngine/Common/DerivedDataCache/Buckets/LegacyTEXTURE/c8/22/db10e16d67583dd1782519feb667435ce840.udd" 5412
"C:/Users/minls/AppData/Local/UnrealEngine/Common/DerivedDataCache/Buckets/LegacyTEXTURE/01/31/795f72b605f10552fd15c63fe087b83ddbef.udd" 5413
"E:/Workspace_ISECONVI/ISECONVI/Content/BattleSequence/UI/Resource/BattleUI/Diamond_Icon/move_mono.uasset" 5414
"C:/Users/minls/AppData/Local/UnrealEngine/Common/DerivedDataCache/Buckets/LegacyTEXTURE/a5/4f/6292cfafc425f6c53fe3c410c595ada0f13c.udd" 5415
"E:/Workspace_ISECONVI/ISECONVI/Content/BattleSequence/UI/Resource/BattleUI/Diamond_Icon/move_original.uasset" 5416
"C:/Users/minls/AppData/Local/UnrealEngine/Common/DerivedDataCache/Content/40/e7/d9592e2b0381b1be8f3402c0eb9710166a5a.udd" 5417
"C:/Users/minls/AppData/Local/UnrealEngine/Common/DerivedDataCache/Buckets/BulkDataList/88/64/e1587e85064ab943c7c79561e3df551fa5f1.udd" 5418
"E:/Workspace_ISECONVI/ISECONVI/Content/StarterContent/Particles/Materials/m_flare_01.uasset" 5419
"C:/Users/minls/AppData/Local/UnrealEngine/Common/DerivedDataCache/Buckets/BulkDataList/d1/d5/d418e1eb2386998aa280f4a81dd3ed657d2f.udd" 5420
"E:/Workspace_ISECONVI/ISECONVI/Content/3DTeamAsset/Architecture_PyeonUIJeom/DiffuseAlpha_Convinience.uasset" 5421
"C:/Users/minls/AppData/Local/UnrealEngine/Common/DerivedDataCache/Buckets/BulkDataList/e1/e1/27cbc5ec5fc4e73b4ea54a8b5d635156a20a.udd" 5422
"E:/Workspace_ISECONVI/ISECONVI/Content/3DTeamAsset/Architecture_PyeonUIJeom/Emmision_Convinience.uasset" 5423
"E:/Workspace_ISECONVI/ISECONVI/Content/3DTeamAsset/Architecture_PyeonUIJeom/Glossy_Convinience.uasset" 5424
"C:/Users/minls/AppData/Local/UnrealEngine/Common/DerivedDataCache/Buckets/BulkDataList/99/a2/8f54753c91cd06ccd3c4422352bf70b8c73b.udd" 5425
"E:/Workspace_ISECONVI/ISECONVI/Content/3DTeamAsset/Architecture_PyeonUIJeom/Normal_Convinience.uasset" 5426
"C:/Users/minls/AppData/Local/UnrealEngine/Common/DerivedDataCache/Buckets/LegacyTEXTURE/33/e0/9ce7fe9f9b022a25352edcdf7fed7973c2c0.udd" 5427
"C:/Users/minls/AppData/Local/UnrealEngine/Common/DerivedDataCache/Content/96/ca/2bb44f600f532ee2dd3953aa356f0b4fd0a6.udd" 5428
"E:/Workspace_ISECONVI/ISECONVI/Content/3DTeamAsset/Architecture_PyeonUIJeom/Roughness_Convinience.uasset" 5429
"C:/Users/minls/AppData/Local/UnrealEngine/Common/DerivedDataCache/Buckets/BulkDataList/d7/02/abf867824626bd67d214b6f6970786392149.udd" 5430
"C:/Users/minls/AppData/Local/UnrealEngine/Common/DerivedDataCache/Buckets/LegacyTEXTURE/1a/af/13a30818d1a163b18629d5a0f9d4ed35f55f.udd" 5431
"C:/Users/minls/AppData/Local/UnrealEngine/Common/DerivedDataCache/Buckets/LegacyTEXTURE/54/00/963258e0e430f9a54099dd11c7c6e2f72015.udd" 5432
"C:/Users/minls/AppData/Local/UnrealEngine/Common/DerivedDataCache/Buckets/LegacyTEXTURE/15/ff/4ce4ac191a055843a01a9f29e131e6e73970.udd" 5433
"C:/Users/minls/AppData/Local/UnrealEngine/Common/DerivedDataCache/Buckets/LegacyTEXTURE/85/57/4ae420c91acc99ada9df8a5fc0dfd1ca8da2.udd" 5434
"E:/Workspace_ISECONVI/ISECONVI/Content/3DTeamAsset/Architecture_PyeonUIJeom/Transmission_Convinience.uasset" 5435
"C:/Users/minls/AppData/Local/UnrealEngine/Common/DerivedDataCache/Buckets/BulkDataList/48/1f/10102b540462109c8e22f54a770a35b2b2c5.udd" 5436
"../../../Engine/Content/Functions/Engine_MaterialFunctions02/WorldPositionOffset/ObjectPivotPoint.uasset" 5437
"C:/Users/minls/AppData/Local/UnrealEngine/Common/DerivedDataCache/Buckets/BulkDataList/87/e8/13599a90f3d089b57fca4771212173d4a9b6.udd" 5438
"E:/Workspace_ISECONVI/ISECONVI/Content/DreamscapeSeries/DreamscapeTower/Textures/Trees/Billboards/T_Tree_A_01_BB_C.uasset" 5439
"C:/Users/minls/AppData/Local/UnrealEngine/Common/DerivedDataCache/Buckets/BulkDataList/36/c7/ba82d52e17288290d12e7aab69bdacd7c1fe.udd" 5440
"../../../Engine/Content/Functions/Engine_MaterialFunctions01/WorldPositionOffset/SimpleGrassWind.uasset" 5441
"C:/Users/minls/AppData/Local/UnrealEngine/Common/DerivedDataCache/Buckets/BulkDataList/1d/70/aecf68783878326de9fedc2b2875164e13d2.udd" 5442
"../../../Engine/Content/Functions/Engine_MaterialFunctions02/Utility/AppendMany.uasset" 5443
"C:/Users/minls/AppData/Local/UnrealEngine/Common/DerivedDataCache/Buckets/BulkDataList/60/a2/9d907df8ebd079b08b09e78ac2fff142a7e9.udd" 5444
"E:/Workspace_ISECONVI/ISECONVI/Content/DreamscapeSeries/SharedResources/Materials/EnvironmentalSettings/Foliage_EnvironmentSettings.uasset" 5445
"C:/Users/minls/AppData/Local/UnrealEngine/Common/DerivedDataCache/Buckets/BulkDataList/ab/aa/eccf71759b942356d5bd99809a8a1d09b7e5.udd" 5446
"E:/Workspace_ISECONVI/ISECONVI/Content/DreamscapeSeries/SharedResources/Materials/MF/Common/MF_ORM_Unpack.uasset" 5447
"C:/Users/minls/AppData/Local/UnrealEngine/Common/DerivedDataCache/Buckets/BulkDataList/9d/78/b99f2a8dfbf50ffaad0138050723366a7120.udd" 5448
"E:/Workspace_ISECONVI/ISECONVI/Content/DreamscapeSeries/SharedResources/Textures/Utility/T_FlatNormal.uasset" 5449
"C:/Users/minls/AppData/Local/UnrealEngine/Common/DerivedDataCache/Buckets/BulkDataList/2e/e6/c8e2106f40697238195cb39e2fa77c76b542.udd" 5450
"E:/Workspace_ISECONVI/ISECONVI/Content/3DTeamAsset/Environment_DreamscapeSeries/SharedResources/Materials/EnvironmentalSettings/Foliage_EnvironmentSettings.uasset" 5451
"C:/Users/minls/AppData/Local/UnrealEngine/Common/DerivedDataCache/Buckets/BulkDataList/7c/72/efddc4c6e8bcb361787cd87667205bf2247d.udd" 5452
"E:/Workspace_ISECONVI/ISECONVI/Content/3DTeamAsset/Environment_DreamscapeSeries/SharedResources/Textures/Utility/T_Noise_Clouds_02.uasset" 5453
"E:/Workspace_ISECONVI/ISECONVI/Content/3DTeamAsset/Environment_DreamscapeSeries/DreamscapeTower/Textures/Terrain/T_Dirt_01_C.uasset" 5454
"C:/Users/minls/AppData/Local/UnrealEngine/Common/DerivedDataCache/Buckets/BulkDataList/27/59/fff18ca27d5cc3ff89a9f1ec0c8ec755f4a1.udd" 5455
"E:/Workspace_ISECONVI/ISECONVI/Content/3DTeamAsset/Environment_DreamscapeSeries/SharedResources/Materials/MF/Common/MF_ORM_Unpack.uasset" 5456
"C:/Users/minls/AppData/Local/UnrealEngine/Common/DerivedDataCache/Buckets/BulkDataList/41/9d/ccf8616efc3d46a9ff6042ecdf1f780566f1.udd" 5457
"E:/Workspace_ISECONVI/ISECONVI/Content/3DTeamAsset/Environment_DreamscapeSeries/SharedResources/Textures/Utility/T_BaseORM.uasset" 5458
"C:/Users/minls/AppData/Local/UnrealEngine/Common/DerivedDataCache/Buckets/BulkDataList/6b/fa/99258f58094c1eb0921e1e1ae98d0d739812.udd" 5459
"E:/Workspace_ISECONVI/ISECONVI/Content/3DTeamAsset/Environment_DreamscapeSeries/SharedResources/Textures/Utility/T_BlackLinear.uasset" 5460
"C:/Users/minls/AppData/Local/UnrealEngine/Common/DerivedDataCache/Buckets/BulkDataList/f7/4e/633e3cbf675c73b60f6b88a1ffe41b40fc43.udd" 5461
"../../../Engine/Content/Functions/Engine_MaterialFunctions02/ExampleContent/PivotPainter2/PP2_rgb_XVect_a_XExtent.uasset" 5462
"C:/Users/minls/AppData/Local/UnrealEngine/Common/DerivedDataCache/Buckets/BulkDataList/2d/8f/d2c8d58ba459a099a0ecb42bf09cd3c93076.udd" 5463
"../../../Engine/Content/Functions/Engine_MaterialFunctions02/ExampleContent/PivotPainter2/SimpExPivPos.uasset" 5464
"C:/Users/minls/AppData/Local/UnrealEngine/Common/DerivedDataCache/Buckets/BulkDataList/3f/78/4e7145183de0cb5ef81537b5e2f286dfd32c.udd" 5465
"C:/Users/minls/AppData/Local/UnrealEngine/Common/DerivedDataCache/Buckets/LegacyTEXTURE/91/a4/fcf1f832adb588c788d8f8aefbc406fcd16e.udd" 5466
"C:/Users/minls/AppData/Local/UnrealEngine/Common/DerivedDataCache/Buckets/LegacyTEXTURE/97/dc/491f69baf0076e3cc311067e97a364a6670c.udd" 5467
"C:/Users/minls/AppData/Local/UnrealEngine/Common/DerivedDataCache/Buckets/LegacyTEXTURE/ed/a5/3dfffd4e1ca8cb9e70fee0c6738613f3c2b9.udd" 5468
"C:/Users/minls/AppData/Local/UnrealEngine/Common/DerivedDataCache/Buckets/LegacyTEXTURE/0d/ea/ad217776b4b8964848550cef097568fc5d1e.udd" 5469
"C:/Users/minls/AppData/Local/UnrealEngine/Common/DerivedDataCache/Buckets/LegacyTEXTURE/e7/4b/db48e54952c0e1109884110019b320ddc776.udd" 5470
"C:/Users/minls/AppData/Local/UnrealEngine/Common/DerivedDataCache/Buckets/LegacyTEXTURE/1e/14/f141edc0f2ee86efd3457af0b8830af211ad.udd" 5471
"C:/Users/minls/AppData/Local/UnrealEngine/Common/DerivedDataCache/Buckets/LegacyTEXTURE/5e/e2/1e75d8de9ff07f933e5ff3cb94033de082ab.udd" 5472
"C:/Users/minls/AppData/Local/UnrealEngine/Common/DerivedDataCache/Buckets/LegacyTEXTURE/45/3a/7e5295805a43dc7ba3eadc7195f593b84a6d.udd" 5473
"C:/Users/minls/AppData/Local/UnrealEngine/Common/DerivedDataCache/Content/a3/76/1432f6326376334f2109a9a8082427313698.udd" 5474
"C:/Users/minls/AppData/Local/UnrealEngine/Common/DerivedDataCache/Buckets/MaterialShaderMap/63/c6/e92e8f3c6bd424b132cc981635bf2ecdb833.udd" 5475
"../../../Engine/Content/Functions/Engine_MaterialFunctions02/ExampleContent/PivotPainter2/test2_rgb_PivotPos_a_ParentIndexInt_UV_2.uasset" 5476
"../../../Engine/Content/Functions/Engine_MaterialFunctions02/ms_PivotPainter2_UnpackIntegerAsFloat.uasset" 5477
"C:/Users/minls/AppData/Local/UnrealEngine/Common/DerivedDataCache/Buckets/BulkDataList/f2/b8/e031bd91c86e3fbc2e26cffb56c4b43c5e64.udd" 5478
"E:/Workspace_ISECONVI/ISECONVI/Content/3DTeamAsset/PN_MeadowFlowers/Materials/MaterialFunctions/PN_BendingParameters.uasset" 5479
"C:/Users/minls/AppData/Local/UnrealEngine/Common/DerivedDataCache/Buckets/MaterialShaderMap/b4/26/2b80441fde0790bc3a16b75e6462f53050b6.udd" 5480
"E:/Workspace_ISECONVI/ISECONVI/Content/3DTeamAsset/PN_MeadowFlowers/Materials/PN_WindParameters.uasset" 5481
"E:/Workspace_ISECONVI/ISECONVI/Content/3DTeamAsset/ProceduralBiomes/Textures/T_Moss_Bc.uasset" 5482
"E:/Workspace_ISECONVI/ISECONVI/Content/3DTeamAsset/ProceduralBiomes/Textures/T_Moss_N.uasset" 5483
"E:/Workspace_ISECONVI/ISECONVI/Content/3DTeamAsset/ProceduralBiomes/Textures/T_Moss_RAOS.uasset" 5484
"C:/Users/minls/AppData/Local/UnrealEngine/Common/DerivedDataCache/Buckets/BulkDataList/01/e9/adca288f894c4ff7a06ef7fb43733cd34fdf.udd" 5485
"E:/Workspace_ISECONVI/ISECONVI/Content/3DTeamAsset/ProceduralBiomes/World/MPC_WorldGlobalWind.uasset" 5486
"E:/Workspace_ISECONVI/ISECONVI/Content/3DTeamAsset/ProceduralBiomes/Textures/T_Snow_Basecolor.uasset" 5487
"E:/Workspace_ISECONVI/ISECONVI/Content/3DTeamAsset/ProceduralBiomes/Textures/T_Snow_Normal.uasset" 5488
"C:/Users/minls/AppData/Local/UnrealEngine/Common/DerivedDataCache/Buckets/BulkDataList/01/89/4f88c15db5b1390fc0ef35494520ca038b7b.udd" 5489
"C:/Users/minls/AppData/Local/UnrealEngine/Common/DerivedDataCache/Buckets/BulkDataList/e3/3f/fc646548fd771677e23af987360827ad57de.udd" 5490
"E:/Workspace_ISECONVI/ISECONVI/Content/3DTeamAsset/ProceduralBiomes/Textures/T_Snow_SRAO.uasset" 5491
"E:/Workspace_ISECONVI/ISECONVI/Content/CartoonSkyShader/Textures/ColorCurves/CloudDarkColor/CloudColor_Dark_Curve_02.uasset" 5492
"C:/Users/minls/AppData/Local/UnrealEngine/Common/DerivedDataCache/Buckets/BulkDataList/38/8b/ac152999dba5f155ef2bfff2043aa3838b7a.udd" 5493
"E:/Workspace_ISECONVI/ISECONVI/Content/CartoonSkyShader/Textures/ColorCurves/CloudDarkColor/CloudColor_Dark_Curve_03.uasset" 5494
"C:/Users/minls/AppData/Local/UnrealEngine/Common/DerivedDataCache/Buckets/BulkDataList/3c/b9/54bde6557d5d2b308d59d022b51ca936e0bb.udd" 5495
"E:/Workspace_ISECONVI/ISECONVI/Content/CartoonSkyShader/Textures/ColorCurves/CloudDarkColor/CloudColor_Dark_Curve_04.uasset" 5496
"C:/Users/minls/AppData/Local/UnrealEngine/Common/DerivedDataCache/Buckets/BulkDataList/9e/1f/6fff5de4c20b1dfc5af3758e19f5dfdbf73b.udd" 5497
"E:/Workspace_ISECONVI/ISECONVI/Content/CartoonSkyShader/Textures/ColorCurves/CloudLightColor/CloudColor_Light_Curve_02.uasset" 5498
"C:/Users/minls/AppData/Local/UnrealEngine/Common/DerivedDataCache/Buckets/BulkDataList/2a/5e/b71ae67fd54e0fb851288cca7cb56e517595.udd" 5499
"E:/Workspace_ISECONVI/ISECONVI/Content/CartoonSkyShader/Textures/ColorCurves/CloudLightColor/CloudColor_Light_Curve_03.uasset" 5500
"C:/Users/minls/AppData/Local/UnrealEngine/Common/DerivedDataCache/Buckets/BulkDataList/0f/ba/4fd2577711366961a8050db08379845a27fd.udd" 5501
"E:/Workspace_ISECONVI/ISECONVI/Content/CartoonSkyShader/Textures/ColorCurves/CloudLightColor/CloudColor_Light_Curve_04.uasset" 5502
"E:/Workspace_ISECONVI/ISECONVI/Content/3DTeamAsset/Architecture_ModuleHouse/Texture/Module_Diffuse.uasset" 5503
"E:/Workspace_ISECONVI/ISECONVI/Content/3DTeamAsset/Architecture_ModuleHouse/Texture/Module_Normal.uasset" 5504
"E:/Workspace_ISECONVI/ISECONVI/Content/3DTeamAsset/Architecture_ModuleHouse/Texture/Module_Roughness.uasset" 5505
"C:/Users/minls/AppData/Local/UnrealEngine/Common/DerivedDataCache/Buckets/LegacyTEXTURE/ce/cc/6590ea03dfcd925e00620bb555ca3a12f9ec.udd" 5506
"C:/Users/minls/AppData/Local/UnrealEngine/Common/DerivedDataCache/Buckets/BulkDataList/e1/93/be5fd343c8608a3f98dc1606052820d1a7c0.udd" 5507
"E:/Workspace_ISECONVI/ISECONVI/Content/3DTeamAsset/Fantastic_Village_Pack/textures/T_metal_01_BC.uasset" 5508
"C:/Users/minls/AppData/Local/UnrealEngine/Common/DerivedDataCache/Content/77/71/20320ad04f6e87be7692ff201e2948cd3a48.udd" 5509
"C:/Users/minls/AppData/Local/UnrealEngine/Common/DerivedDataCache/Buckets/BulkDataList/0e/3f/9258d30dcdffee6b0415e9558b7a696aca44.udd" 5510
"E:/Workspace_ISECONVI/ISECONVI/Content/3DTeamAsset/Fantastic_Village_Pack/textures/T_PROP_paper.uasset" 5511
"C:/Users/minls/AppData/Local/UnrealEngine/Common/DerivedDataCache/Buckets/BulkDataList/23/37/4ad2e4dd80bd6da234d9b62f125e05d7aa3e.udd" 5512
"E:/Workspace_ISECONVI/ISECONVI/Content/3DTeamAsset/Fantastic_Village_Pack/textures/T_rope.uasset" 5513
"E:/Workspace_ISECONVI/ISECONVI/Content/3DTeamAsset/Fantastic_Village_Pack/textures/T_PROP_signs.uasset" 5514
"C:/Users/minls/AppData/Local/UnrealEngine/Common/DerivedDataCache/Buckets/BulkDataList/9d/2c/016bbe1b5e263e045faedb83bd51beac1179.udd" 5515
"E:/Workspace_ISECONVI/ISECONVI/Content/3DTeamAsset/Fantastic_Village_Pack/textures/T_wood_planks_02_BC.uasset" 5516
"C:/Users/minls/AppData/Local/UnrealEngine/Common/DerivedDataCache/Buckets/BulkDataList/79/e7/91b2e85fd8bfe32d286e6d5d2c1d37ffcc98.udd" 5517
"E:/Workspace_ISECONVI/ISECONVI/Content/StarterContent/Textures/T_Statue_M.uasset" 5518
"C:/Users/minls/AppData/Local/UnrealEngine/Common/DerivedDataCache/Buckets/BulkDataList/4a/71/1f9cf0ae7280b8de2d533769f9b4036e6e48.udd" 5519
"E:/Workspace_ISECONVI/ISECONVI/Content/StarterContent/Textures/T_Statue_N.uasset" 5520
"E:/Workspace_ISECONVI/ISECONVI/Content/BattleSequence/UI/Resource/BattleUI/Diamond_Icon/sampleSkillImage1.uasset" 5521
"E:/Workspace_ISECONVI/ISECONVI/Content/BattleSequence/UI/Resource/BattleUI/Diamond_Icon/sampleSkillImage2.uasset" 5522
"E:/Workspace_ISECONVI/ISECONVI/Content/BattleSequence/UI/Resource/BattleUI/skill_tag.uasset" 5523
"E:/Workspace_ISECONVI/ISECONVI/Content/G_MainSequence/GameDataStructures/ST_BattleItem.uasset" 5524
"E:/Workspace_ISECONVI/ISECONVI/Content/BattleSequence/UI/Resource/BattleUI/Diamond_Icon/arrow_down.uasset" 5525
"E:/Workspace_ISECONVI/ISECONVI/Content/BattleSequence/UI/Resource/BattleUI/Diamond_Icon/arrow_left.uasset" 5526
"C:/Users/minls/AppData/Local/UnrealEngine/Common/DerivedDataCache/Buckets/BulkDataList/25/00/61b81d666afc3f5a378d984af1039b0f52f6.udd" 5527
"E:/Workspace_ISECONVI/ISECONVI/Content/BattleSequence/UI/Resource/BattleUI/Diamond_Icon/arrow_right.uasset" 5528
"C:/Users/minls/AppData/Local/UnrealEngine/Common/DerivedDataCache/Buckets/BulkDataList/9d/4a/8e2152d30fecff70b79fb8bc4f9dd8d98b3b.udd" 5529
"C:/Users/minls/AppData/Local/UnrealEngine/Common/DerivedDataCache/Buckets/LegacyTEXTURE/79/e5/e9068c4aa5915f83aab7c09ec894baef6508.udd" 5530
"C:/Users/minls/AppData/Local/UnrealEngine/Common/DerivedDataCache/Content/b6/a3/c339cdbcd5580e3105368c6771658c3b1f4a.udd" 5531
"C:/Users/minls/AppData/Local/UnrealEngine/Common/DerivedDataCache/Buckets/LegacyTEXTURE/00/2f/9697e86854443a0010389fc78f866090e5a7.udd" 5532
"C:/Users/minls/AppData/Local/UnrealEngine/Common/DerivedDataCache/Buckets/LegacyTEXTURE/d4/ce/57d26c23c63a02846e4f0d39d7ade7cdf871.udd" 5533
"C:/Users/minls/AppData/Local/UnrealEngine/Common/DerivedDataCache/Buckets/LegacyTEXTURE/d6/f8/8b76089071ac14d4fab3a3093c9981a06821.udd" 5534
"C:/Users/minls/AppData/Local/UnrealEngine/Common/DerivedDataCache/Buckets/LegacyTEXTURE/7c/57/7f0d01039c4f99da59915cadddf843fa64a5.udd" 5535
"C:/Users/minls/AppData/Local/UnrealEngine/Common/DerivedDataCache/Buckets/LegacyTEXTURE/8e/79/5eed587d6182d9d718bb230a308b70ce7dd5.udd" 5536
"C:/Users/minls/AppData/Local/UnrealEngine/Common/DerivedDataCache/Buckets/LegacyTEXTURE/7a/b3/4cbe6b4d78a6d44bbed2ff1aa4ff134d02b4.udd" 5537
"C:/Users/minls/AppData/Local/UnrealEngine/Common/DerivedDataCache/Buckets/LegacyTEXTURE/7d/82/530e7999ec1fc760810107eed92bec39e114.udd" 5538
"C:/Users/minls/AppData/Local/UnrealEngine/Common/DerivedDataCache/Buckets/LegacyTEXTURE/26/9d/2bec08cf213c88e7182ed95b4f4ecb355166.udd" 5539
"C:/Users/minls/AppData/Local/UnrealEngine/Common/DerivedDataCache/Buckets/LegacyTEXTURE/0e/7c/18eb6e303fe489142516b8a6982636029ff2.udd" 5540
"C:/Users/minls/AppData/Local/UnrealEngine/Common/DerivedDataCache/Buckets/LegacyTEXTURE/5c/2a/5fabbc5019423efd009c819d8952ec620610.udd" 5541
"C:/Users/minls/AppData/Local/UnrealEngine/Common/DerivedDataCache/Buckets/LegacyTEXTURE/f1/3d/064f685417441848c2fd2f7864efd7f97af9.udd" 5542
"C:/Users/minls/AppData/Local/UnrealEngine/Common/DerivedDataCache/Buckets/LegacyTEXTURE/eb/db/dd67418e9071e8f17a077d726b3427080756.udd" 5543
"C:/Users/minls/AppData/Local/UnrealEngine/Common/DerivedDataCache/Content/b8/b2/0afb97b48aefc398748eaa8e67bc99e560d8.udd" 5544
"C:/Users/minls/AppData/Local/UnrealEngine/Common/DerivedDataCache/Buckets/LegacyTEXTURE/58/6b/ebf9c914e6b0d232c3f32feae6af121d277a.udd" 5545
"E:/Workspace_ISECONVI/ISECONVI/Content/BattleSequence/UI/Resource/BattleUI/Diamond_Icon/arrow_up.uasset" 5546
"C:/Users/minls/AppData/Local/UnrealEngine/Common/DerivedDataCache/Buckets/LegacyTEXTURE/a6/d0/16f4a2490533ca88868421d94e1f642d8fef.udd" 5547
"C:/Users/minls/AppData/Local/UnrealEngine/Common/DerivedDataCache/Content/ed/a3/104d893a3bdf4de5a5115b90fc77f7aa90e0.udd" 5548
"C:/Users/minls/AppData/Local/UnrealEngine/Common/DerivedDataCache/Buckets/LegacyTEXTURE/cf/c7/5c81ba8e42e38e1e3e6f7d2ecc7b9d707c96.udd" 5549
"C:/Users/minls/AppData/Local/UnrealEngine/Common/DerivedDataCache/Buckets/LegacyTEXTURE/a8/36/a3d25fb2a92400da92214c6a4a5ae99c6ca4.udd" 5550
"C:/Users/minls/AppData/Local/UnrealEngine/Common/DerivedDataCache/Buckets/LegacyTEXTURE/36/bd/89f937372625b569f6364036a03d6716794e.udd" 5551
"C:/Users/minls/AppData/Local/UnrealEngine/Common/DerivedDataCache/Buckets/BulkDataList/87/04/54f95e538521d209e74019f9b1818d6f0ec6.udd" 5552
"C:/Users/minls/AppData/Local/UnrealEngine/Common/DerivedDataCache/Buckets/BulkDataList/86/a4/f801918f202cb827c7e5f593b85c30b8202f.udd" 5553
"E:/Workspace_ISECONVI/ISECONVI/Content/StarterContent/Textures/T_Burst_M.uasset" 5554
"E:/Workspace_ISECONVI/ISECONVI/Content/StarterContent/Textures/T_Explosion_SubUV.uasset" 5555
"C:/Users/minls/AppData/Local/UnrealEngine/Common/DerivedDataCache/Buckets/BulkDataList/47/b0/f0221d708441f81b21d1793955c88998059f.udd" 5556
"C:/Users/minls/AppData/Local/UnrealEngine/Common/DerivedDataCache/Buckets/BulkDataList/3b/03/ff70d8bbb522625ad196daa1d4bf830af09a.udd" 5557
"../../../Engine/Content/Functions/Engine_MaterialFunctions01/Gradient/RadialGradient.uasset" 5558
"C:/Users/minls/AppData/Local/UnrealEngine/Common/DerivedDataCache/Buckets/BulkDataList/6a/16/e0a24d9ae4269ac05c2bf558b9cbfe6ab642.udd" 5559
"E:/Workspace_ISECONVI/ISECONVI/Content/StarterContent/Textures/T_Smoke_SubUV.uasset" 5560
"E:/Workspace_ISECONVI/ISECONVI/Content/BusinessSequence/UI/IBP_ShowcaseButtonGroup.uasset" 5561
"C:/Users/minls/AppData/Local/UnrealEngine/Common/DerivedDataCache/Buckets/BulkDataList/ba/f3/772032e5d0c8f0d9da18fe8b11e8067b4cbd.udd" 5562
"E:/Workspace_ISECONVI/ISECONVI/Content/BusinessSequence/UI/Resource/Business/business_box.uasset" 5563
"C:/Users/minls/AppData/Local/UnrealEngine/Common/DerivedDataCache/Buckets/BulkDataList/63/2c/7876c74c9f0d95877f561524b838bafbd3b4.udd" 5564
"E:/Workspace_ISECONVI/ISECONVI/Content/BusinessSequence/UI/Resource/Business/Business_exhi.uasset" 5565
"C:/Users/minls/AppData/Local/UnrealEngine/Common/DerivedDataCache/Buckets/BulkDataList/90/f5/0acf204851858031aad3e9b9ade83cb025c9.udd" 5566
"E:/Workspace_ISECONVI/ISECONVI/Content/BusinessSequence/UI/Resource/Business/Business_exhibi.uasset" 5567
"C:/Users/minls/AppData/Local/UnrealEngine/Common/DerivedDataCache/Buckets/BulkDataList/6d/9d/7b841ffaa5bdcef98dce9d82f8b522a62c4d.udd" 5568
"E:/Workspace_ISECONVI/ISECONVI/Content/DreamscapeSeries/DreamscapeTower/Textures/Terrain/T_Dirt_01_C.uasset" 5569
"C:/Users/minls/AppData/Local/UnrealEngine/Common/DerivedDataCache/Buckets/BulkDataList/42/27/46c7d2a7e2aee2b8dbc1ac768ed0877dbee6.udd" 5570
"E:/Workspace_ISECONVI/ISECONVI/Content/DreamscapeSeries/SharedResources/Textures/Utility/T_BaseORM.uasset" 5571
"E:/Workspace_ISECONVI/ISECONVI/Content/DreamscapeSeries/SharedResources/Textures/Utility/T_BlackLinear.uasset" 5572
"C:/Users/minls/AppData/Local/UnrealEngine/Common/DerivedDataCache/Buckets/BulkDataList/d8/da/202c7f76f864701c73bc67ad41a6485f9293.udd" 5573
"../../../Engine/Content/Functions/Engine_MaterialFunctions02/Math/TimeWithSpeedVariable.uasset" 5574
"C:/Users/minls/AppData/Local/UnrealEngine/Common/DerivedDataCache/Buckets/BulkDataList/81/6a/9af949c8b1964a5c6e96348beebbea7744a5.udd" 5575
"C:/Users/minls/AppData/Local/UnrealEngine/Common/DerivedDataCache/Buckets/BulkDataList/20/92/abf76acab6baaf0579474a4d1e476a20cf97.udd" 5576
"../../../Engine/Content/Functions/Engine_MaterialFunctions02/PivotPainter2/ms_PivotPainter2_Decode8BitAlphaAxisExtent.uasset" 5577
"../../../Engine/Content/Functions/Engine_MaterialFunctions02/PivotPainter2/ms_PivotPainter2_DecodeAxisVector.uasset" 5578
"C:/Users/minls/AppData/Local/UnrealEngine/Common/DerivedDataCache/Buckets/BulkDataList/eb/91/a0547f0df161a734ef89ba59496c39a59480.udd" 5579
"../../../Engine/Content/Functions/Engine_MaterialFunctions02/PivotPainter2/ms_PivotPainter2_DecodePostion.uasset" 5580
"C:/Users/minls/AppData/Local/UnrealEngine/Common/DerivedDataCache/Buckets/BulkDataList/44/5e/a52e3aa71ae6c78eed6d986ef426535f7a8e.udd" 5581
"C:/Users/minls/AppData/Local/UnrealEngine/Common/DerivedDataCache/Buckets/BulkDataList/7f/2f/5674b274c283ca4375d3b6680cf592a086fe.udd" 5582
"E:/Workspace_ISECONVI/ISECONVI/Content/3DTeamAsset/ProceduralBiomes/Textures/T_WindNoise.uasset" 5583
"../../../Engine/Content/EngineMaterials/DefaultNormal_Uncompressed.uasset" 5584
"C:/Users/minls/AppData/Local/UnrealEngine/Common/DerivedDataCache/Buckets/BulkDataList/64/34/1df5425a8df5541282945ea600449e37e9ed.udd" 5585
"E:/Workspace_ISECONVI/ISECONVI/Content/BattleSequence/UI/Resource/BattleUI/Diamond_Icon/sampleItemImage1.uasset" 5586
"../../../Engine/Content/EngineFonts/Faces/DroidSansMono.uasset" 5587
"C:/Users/minls/AppData/Local/UnrealEngine/Common/DerivedDataCache/Buckets/LegacyTEXTURE/a7/77/4248fcf6cc8cf9eaf5b7ad4b60b58d6af2bc.udd" 5588
"C:/Users/minls/AppData/Local/UnrealEngine/Common/DerivedDataCache/Buckets/BulkDataList/ee/00/3bd3ff2978644979f52d168dc99377fb2e02.udd" 5589
"C:/Users/minls/AppData/Local/UnrealEngine/Common/DerivedDataCache/Content/29/18/05a9dfecf07630970d0e00c607ac42ff5b2d.udd" 5590
"E:/Workspace_ISECONVI/ISECONVI/Content/BusinessSequence/UI/Resource/Business/business_start_3x.uasset" 5591
"E:/Workspace_ISECONVI/ISECONVI/Content/BusinessSequence/UI/Resource/Showcase_Sales/Showcase_Background.uasset" 5592
"C:/Users/minls/AppData/Local/UnrealEngine/Common/DerivedDataCache/Buckets/BulkDataList/a5/9a/a44eedfbf184855729adf41f5c2ab2859d0a.udd" 5593
"E:/Workspace_ISECONVI/ISECONVI/Content/BusinessSequence/UI/Resource/Showcase_Sales/Showcase_Border.uasset" 5594
"C:/Users/minls/AppData/Local/UnrealEngine/Common/DerivedDataCache/Buckets/BulkDataList/9e/2e/036f2036abd45f58c786232f23d7a6d42821.udd" 5595
"E:/Workspace_ISECONVI/ISECONVI/Content/BusinessSequence/UI/Resource/Showcase_Sales/Showcase_Border_South.uasset" 5596
"C:/Users/minls/AppData/Local/UnrealEngine/Common/DerivedDataCache/Buckets/BulkDataList/9b/7b/63b7b2f48585b4b70c35375c8203542f7277.udd" 5597
"E:/Workspace_ISECONVI/ISECONVI/Content/BusinessSequence/UI/Resource/Showcase_Sales/Showcase_Inventory.uasset" 5598
"C:/Users/minls/AppData/Local/UnrealEngine/Common/DerivedDataCache/Buckets/LegacyTEXTURE/ba/fa/c715f5a7a392d73f54dfd1a0f8749fed51cd.udd" 5599
"C:/Users/minls/AppData/Local/UnrealEngine/Common/DerivedDataCache/Content/de/c5/a5174ab264483e21e03205056f7524b5005c.udd" 5600
"C:/Users/minls/AppData/Local/UnrealEngine/Common/DerivedDataCache/Buckets/BulkDataList/9c/98/9f0191c1985c807029b20d64ad511c02c5a9.udd" 5601
"E:/Workspace_ISECONVI/ISECONVI/Content/BusinessSequence/UI/Resource/Showcase_Setting/Showcase_TypeCost.uasset" 5602
"C:/Users/minls/AppData/Local/UnrealEngine/Common/DerivedDataCache/Buckets/BulkDataList/d0/0e/40295aad5d4d47994cbcdaabf91c58ae1160.udd" 5603
"C:/Users/minls/AppData/Local/UnrealEngine/Common/DerivedDataCache/Buckets/LegacyTEXTURE/36/f1/f6eca6737857e1fb66f15440c07d9b057142.udd" 5604
"E:/Workspace_ISECONVI/ISECONVI/Content/BusinessSequence/UI/Resource/Business/Business_clock.uasset" 5605
"C:/Users/minls/AppData/Local/UnrealEngine/Common/DerivedDataCache/Buckets/BulkDataList/d4/af/2770dedba325bc38c2aacbfc35a0ccc1b020.udd" 5606
"C:/Users/minls/AppData/Local/UnrealEngine/Common/DerivedDataCache/Buckets/LegacyTEXTURE/46/27/0854fa0d59c667dbfcd753382908428995fa.udd" 5607
"E:/Workspace_ISECONVI/ISECONVI/Content/BusinessSequence/UI/Resource/Business/quest_small.uasset" 5608
"C:/Users/minls/AppData/Local/UnrealEngine/Common/DerivedDataCache/Buckets/LegacyTEXTURE/4e/7b/8115610db91fe123c2dc02a42ef24f6abc3a.udd" 5609
"E:/Workspace_ISECONVI/ISECONVI/Content/G_MainSequence/MainTitleResorce/Cafe24SsurroundAir-v1_1.uasset" 5610
"C:/Users/minls/AppData/Local/UnrealEngine/Common/DerivedDataCache/Buckets/LegacyTEXTURE/48/40/d72cd8928922bbe20050e5e44e700ead673b.udd" 5611
"E:/Workspace_ISECONVI/ISECONVI/Content/G_MainSequence/MainTitleResorce/EliceDigitalBaeumOTF_Bold.uasset" 5612
"C:/Users/minls/AppData/Local/UnrealEngine/Common/DerivedDataCache/Buckets/LegacyTEXTURE/9c/27/f4a3550a24f405f243c0927ae8e25216878d.udd" 5613
"C:/Users/minls/AppData/Local/UnrealEngine/Common/DerivedDataCache/Content/a1/7e/76b6d8dba573d469730f806429bd47d1de5c.udd" 5614
"C:/Users/minls/AppData/Local/UnrealEngine/Common/DerivedDataCache/Buckets/LegacyTEXTURE/6d/88/602eab1fb66f07ef2cf3d7a00fabdd36b8b9.udd" 5615
"C:/Users/minls/AppData/Local/UnrealEngine/Common/DerivedDataCache/Buckets/LegacyTEXTURE/58/e1/de45b5f8df003d5499a4bd9ca4de11d82d39.udd" 5616
"C:/Users/minls/AppData/Local/UnrealEngine/Common/DerivedDataCache/Buckets/LegacyTEXTURE/19/ed/ab180b961ad52f00dea20bfbeec9c9ad4876.udd" 5617
"C:/Users/minls/AppData/Local/UnrealEngine/Common/DerivedDataCache/Buckets/LegacyTEXTURE/f0/7f/4ebcf403b73ebfcc66bef3ea6987517fe8c6.udd" 5618
"C:/Users/minls/AppData/Local/UnrealEngine/Common/DerivedDataCache/Buckets/LegacyTEXTURE/ee/09/15e3c6d0ce8a978252eb013763784b5ba1f2.udd" 5619
"C:/Users/minls/AppData/Local/UnrealEngine/Common/DerivedDataCache/Buckets/LegacyTEXTURE/ad/23/4fab52b06de4284b26d56f9c4e32efd70a90.udd" 5620
"C:/Users/minls/AppData/Local/UnrealEngine/Common/DerivedDataCache/Buckets/LegacyTEXTURE/ab/24/5f723379fc28e42fe4da789d007d1aaf115b.udd" 5621
"C:/Users/minls/AppData/Local/UnrealEngine/Common/DerivedDataCache/Buckets/LegacyTEXTURE/46/20/2a26ad1c2b9228ce423d522505300a7f8961.udd" 5622
"C:/Users/minls/AppData/Local/UnrealEngine/Common/DerivedDataCache/Buckets/LegacyTEXTURE/67/85/f878b2cfa5fc7fb9b296d03384b1905998ca.udd" 5623
"C:/Users/minls/AppData/Local/UnrealEngine/Common/DerivedDataCache/Buckets/LegacyTEXTURE/e3/95/bd2884e7b819ac83df0e7e7c3dc357b5c12b.udd" 5624
"C:/Users/minls/AppData/Local/UnrealEngine/Common/DerivedDataCache/Buckets/LegacyTEXTURE/1e/4f/a78ada25cd81508b87893f387b211d46a3e6.udd" 5625
"C:/Users/minls/AppData/Local/UnrealEngine/Common/DerivedDataCache/Buckets/LegacyTEXTURE/c5/18/8c34ab697d4c217315eaf338c736a5b0bdde.udd" 5626
"C:/Users/minls/AppData/Local/UnrealEngine/Common/DerivedDataCache/Buckets/LegacyTEXTURE/98/cc/ae80f5f7fa4597cfafa6a3f418ced462c65b.udd" 5627
"C:/Users/minls/AppData/Local/UnrealEngine/Common/DerivedDataCache/Buckets/LegacyTEXTURE/43/26/e3280da52ff6ec60ef33bf2ba6c42efd3725.udd" 5628
"C:/Users/minls/AppData/Local/UnrealEngine/Common/DerivedDataCache/Buckets/LegacyTEXTURE/fc/57/11a76e88637307122d76f696ddc0000a8ea4.udd" 5629
"C:/Users/minls/AppData/Local/UnrealEngine/Common/DerivedDataCache/Buckets/LegacyTEXTURE/4e/b3/de0e3518b546459cc9aaa11b74f195582060.udd" 5630
"C:/Users/minls/AppData/Local/UnrealEngine/Common/DerivedDataCache/Buckets/LegacyTEXTURE/21/bd/a9d5d759f4f22bba30f72b2ba120f1f34619.udd" 5631
"C:/Users/minls/AppData/Local/UnrealEngine/Common/DerivedDataCache/Content/ac/da/58974966631ee0f2b62405b6af5c1919c194.udd" 5632
"C:/Users/minls/AppData/Local/UnrealEngine/Common/DerivedDataCache/Buckets/LegacyTEXTURE/4e/0f/695d07a9866e17fd70a3c4bb5ed619b5c7f5.udd" 5633
"C:/Users/minls/AppData/Local/UnrealEngine/Common/DerivedDataCache/Buckets/LegacyTEXTURE/86/ad/82b27c21eee68c531a09081fedf9abf81488.udd" 5634
"C:/Users/minls/AppData/Local/UnrealEngine/Common/DerivedDataCache/Buckets/LegacyTEXTURE/97/25/bcc5c3dfa0838b0b69e560a8b114157d0aa1.udd" 5635
"C:/Users/minls/AppData/Local/UnrealEngine/Common/DerivedDataCache/Buckets/LegacyTEXTURE/10/99/98942336a2ed540cf66509f1405c87c8a306.udd" 5636
"C:/Users/minls/AppData/Local/UnrealEngine/Common/DerivedDataCache/Buckets/LegacyTEXTURE/d4/92/02e79fbbd0d3076bcc7afc8a4408631f3fcd.udd" 5637
"C:/Users/minls/AppData/Local/UnrealEngine/Common/DerivedDataCache/Buckets/LegacyTEXTURE/82/19/2d4bb3c9f9a4f665b60c716ec496bc2405a7.udd" 5638
"C:/Users/minls/AppData/Local/UnrealEngine/Common/DerivedDataCache/Buckets/LegacyTEXTURE/d1/59/27677ccea38bb020152aafa4939192fa9f62.udd" 5639
"C:/Users/minls/AppData/Local/UnrealEngine/Common/DerivedDataCache/Buckets/LegacyTEXTURE/15/cb/5190e7b00774ec6f11056b5d8e99095cfbaa.udd" 5640
"C:/Users/minls/AppData/Local/UnrealEngine/Common/DerivedDataCache/Buckets/LegacyTEXTURE/ca/f2/ec008165e899eeef64be5556accbd4a87fcb.udd" 5641
"C:/Users/minls/AppData/Local/UnrealEngine/Common/DerivedDataCache/Buckets/LegacyTEXTURE/be/4b/d5eb1fb08a6f867173d6b57f8b8f56c5319a.udd" 5642
"C:/Users/minls/AppData/Local/UnrealEngine/Common/DerivedDataCache/Content/78/08/14f1dc84f723f996cb77af768075672ef028.udd" 5643
"C:/Users/minls/AppData/Local/UnrealEngine/Common/DerivedDataCache/Buckets/LegacyTEXTURE/84/85/4da7afcb42fcb743e6d7ac2b5e8d2df42498.udd" 5644
"C:/Users/minls/AppData/Local/UnrealEngine/Common/DerivedDataCache/Buckets/LegacyTEXTURE/4a/61/14e353e83fef1f278dd7b0e5885eb6f08edb.udd" 5645
"C:/Users/minls/AppData/Local/UnrealEngine/Common/DerivedDataCache/Buckets/LegacyTEXTURE/f2/c4/547e4847f094da7a25009cf14702e2d31ab6.udd" 5646
"C:/Users/minls/AppData/Local/UnrealEngine/Common/DerivedDataCache/Buckets/LegacyTEXTURE/e9/47/c01e2b5c383d1bebb5863a7c9580923d728e.udd" 5647
"C:/Users/minls/AppData/Local/UnrealEngine/Common/DerivedDataCache/Buckets/LegacyTEXTURE/04/b9/1d39c8e2e5eb8b99ca2cb110a1657d2c55c1.udd" 5648
"C:/Users/minls/AppData/Local/UnrealEngine/Common/DerivedDataCache/Buckets/LegacyTEXTURE/21/49/bb879dd0b413b2c46cf2be089003b86db0cd.udd" 5649
"C:/Users/minls/AppData/Local/UnrealEngine/Common/DerivedDataCache/Buckets/LegacyTEXTURE/2c/9b/5937937416217d2a072a463d235c0811377e.udd" 5650
"C:/Users/minls/AppData/Local/UnrealEngine/Common/DerivedDataCache/Buckets/LegacyTEXTURE/c3/60/53f9c19f7da9113cb53dfd0d77d639175e4a.udd" 5651
"C:/Users/minls/AppData/Local/UnrealEngine/Common/DerivedDataCache/Buckets/LegacyTEXTURE/72/3b/3e8c9ff8bad4999c053ebcb4777936ff9383.udd" 5652
"C:/Users/minls/AppData/Local/UnrealEngine/Common/DerivedDataCache/Buckets/LegacyTEXTURE/77/b6/3eed1b11d18640657e67ee275f40e6d0be90.udd" 5653
"C:/Users/minls/AppData/Local/UnrealEngine/Common/DerivedDataCache/Buckets/LegacyTEXTURE/b9/e2/39967c9ee6f7bda323acd71b90fbbd87c1cc.udd" 5654
"C:/Users/minls/AppData/Local/UnrealEngine/Common/DerivedDataCache/Buckets/LegacyTEXTURE/d3/d1/44558d8a43158d790d1b03eb9112a99bd328.udd" 5655
"C:/Users/minls/AppData/Local/UnrealEngine/Common/DerivedDataCache/Buckets/LegacyTEXTURE/e4/5c/c9308bc027d933ec860ebc7333c4f79cfd89.udd" 5656
"C:/Users/minls/AppData/Local/UnrealEngine/Common/DerivedDataCache/Buckets/LegacyTEXTURE/2c/70/3474320fb9714dfce6d1266271065274a2cf.udd" 5657
"C:/Users/minls/AppData/Local/UnrealEngine/Common/DerivedDataCache/Buckets/LegacyTEXTURE/21/5e/af591c229fcedadec1503886570330ad9e46.udd" 5658
"C:/Users/minls/AppData/Local/UnrealEngine/Common/DerivedDataCache/Content/85/e1/4bab6290f6f64e44226b03a831eeaa1583da.udd" 5659
"C:/Users/minls/AppData/Local/UnrealEngine/Common/DerivedDataCache/Buckets/LegacyTEXTURE/39/99/afa808b1cd78bf2988784f8cca31b27c0007.udd" 5660
"C:/Users/minls/AppData/Local/UnrealEngine/Common/DerivedDataCache/Buckets/LegacyTEXTURE/55/a0/864c6583d901f419a1788999c7ada028c14a.udd" 5661
"C:/Users/minls/AppData/Local/UnrealEngine/Common/DerivedDataCache/Content/4d/ef/9e85f5178a09c45e7514f6ec501972102c5b.udd" 5662
"C:/Users/minls/AppData/Local/UnrealEngine/Common/DerivedDataCache/Buckets/LegacyTEXTURE/bb/7a/6c2218e56ab11684b0405658e300b101eb48.udd" 5663
"C:/Users/minls/AppData/Local/UnrealEngine/Common/DerivedDataCache/Buckets/LegacyTEXTURE/9b/f2/972f96bc875289bb95e2893d02b342dbe195.udd" 5664
"C:/Users/minls/AppData/Local/UnrealEngine/Common/DerivedDataCache/Buckets/LegacyTEXTURE/0e/0d/03d9a8f61d8cf4b44c151f281eae3a825190.udd" 5665
"C:/Users/minls/AppData/Local/UnrealEngine/Common/DerivedDataCache/Buckets/LegacyTEXTURE/c6/4e/dce1a9fb206f996d7f1ff120976169277aa0.udd" 5666
"C:/Users/minls/AppData/Local/UnrealEngine/Common/DerivedDataCache/Buckets/LegacyTEXTURE/04/83/f5890639ccd2b305989b0698283608d5be54.udd" 5667
"C:/Users/minls/AppData/Local/UnrealEngine/Common/DerivedDataCache/Buckets/LegacyTEXTURE/bc/32/29ed9862b2cb49d50e06dbcf501dfa6f2ca1.udd" 5668
"C:/Users/minls/AppData/Local/UnrealEngine/Common/DerivedDataCache/Buckets/LegacyTEXTURE/d7/8d/3354a095017ecfa382160ef0fc4dae2c050f.udd" 5669
"C:/Users/minls/AppData/Local/UnrealEngine/Common/DerivedDataCache/Buckets/LegacyTEXTURE/b5/bc/d12d94fdfd9b68539558fe31f3ce649d79d5.udd" 5670
"C:/Users/minls/AppData/Local/UnrealEngine/Common/DerivedDataCache/Buckets/LegacyTEXTURE/4e/3a/79e8b97e6313ccbf5742f0483dbba9d6f19c.udd" 5671
"C:/Users/minls/AppData/Local/UnrealEngine/Common/DerivedDataCache/Buckets/LegacyTEXTURE/46/7c/cf2ee8a565a39b21b82bbd318c4dab9a5cd0.udd" 5672
"C:/Users/minls/AppData/Local/UnrealEngine/Common/DerivedDataCache/Buckets/LegacyTEXTURE/3d/69/3ba371b96f0413a3b1464dabb10506b2d1c4.udd" 5673
"C:/Users/minls/AppData/Local/UnrealEngine/Common/DerivedDataCache/Content/2e/cc/ad43d122d31894a5bab2421c5cfe3fe50e76.udd" 5674
"C:/Users/minls/AppData/Local/UnrealEngine/Common/DerivedDataCache/Buckets/LegacyTEXTURE/b5/db/1a8142716f740fe64b75b83b6ebaf6ca76d2.udd" 5675
"C:/Users/minls/AppData/Local/UnrealEngine/Common/DerivedDataCache/Buckets/LegacyTEXTURE/e5/e2/3fe87a90aace89b63dda5790ccd419a2c6b0.udd" 5676
"C:/Users/minls/AppData/Local/UnrealEngine/Common/DerivedDataCache/Buckets/LegacyTEXTURE/6a/fa/9c1f7f1bd7f86159effb058185d0cb628870.udd" 5677
"C:/Users/minls/AppData/Local/UnrealEngine/Common/DerivedDataCache/Buckets/LegacyTEXTURE/8b/49/8bef531c88beff748def74d93f7b3d54d895.udd" 5678
"C:/Users/minls/AppData/Local/UnrealEngine/Common/DerivedDataCache/Buckets/LegacyTEXTURE/20/1e/93ac9ce67d870dc4ca845f5752b30f3cde3b.udd" 5679
"C:/Users/minls/AppData/Local/UnrealEngine/Common/DerivedDataCache/Buckets/LegacyTEXTURE/43/95/7756eea50a765d1553db1308a9e5af47a4e7.udd" 5680
"C:/Users/minls/AppData/Local/UnrealEngine/Common/DerivedDataCache/Buckets/LegacyTEXTURE/22/76/00e0c78a284c00dc39c41aa2d2b756a83076.udd" 5681
"C:/Users/minls/AppData/Local/UnrealEngine/Common/DerivedDataCache/Buckets/LegacyTEXTURE/52/86/9bcfc124b52a79b7cf68fb68036bcf1e43e0.udd" 5682
"C:/Users/minls/AppData/Local/UnrealEngine/Common/DerivedDataCache/Buckets/LegacyTEXTURE/ec/15/6c78e90fe8b92ea4483ac6b2a7984a536844.udd" 5683
"C:/Users/minls/AppData/Local/UnrealEngine/Common/DerivedDataCache/Buckets/LegacyTEXTURE/20/14/13c90b44ec4f3e9f1ecaf6f87c537c118e9a.udd" 5684
"C:/Users/minls/AppData/Local/UnrealEngine/Common/DerivedDataCache/Buckets/LegacyTEXTURE/45/50/15232181c0a9c2c69513ce409fbcef652db0.udd" 5685
"C:/Users/minls/AppData/Local/UnrealEngine/Common/DerivedDataCache/Buckets/LegacyTEXTURE/2f/19/df4affb5f71f917c4bedf633e622a3cc9b47.udd" 5686
"C:/Users/minls/AppData/Local/UnrealEngine/Common/DerivedDataCache/Content/35/b8/8aa4c65cd3c9eec6e4b81e78170b52a2bb83.udd" 5687
"C:/Users/minls/AppData/Local/UnrealEngine/Common/DerivedDataCache/Buckets/LegacyTEXTURE/8a/22/8e3be26f2e6796f40910e8f920ca71dfa0bd.udd" 5688
"C:/Users/minls/AppData/Local/UnrealEngine/Common/DerivedDataCache/Buckets/LegacyTEXTURE/42/6d/7a26c790d5d110997a7d2c564a387501054e.udd" 5689
"C:/Users/minls/AppData/Local/UnrealEngine/Common/DerivedDataCache/Buckets/LegacyTEXTURE/96/64/d983241a63794d45a077150ce506fd1f50fe.udd" 5690
"C:/Users/minls/AppData/Local/UnrealEngine/Common/DerivedDataCache/Buckets/LegacyTEXTURE/9b/00/6890dfc31d4300800372500d321afa5c8579.udd" 5691
"C:/Users/minls/AppData/Local/UnrealEngine/Common/DerivedDataCache/Buckets/LegacyTEXTURE/d9/f7/1379a96987cf402904618f75b4c2bfe2fba7.udd" 5692
"C:/Users/minls/AppData/Local/UnrealEngine/Common/DerivedDataCache/Content/b7/32/59a023668c7b518f5877483cabb2ff914e28.udd" 5693
"C:/Users/minls/AppData/Local/UnrealEngine/Common/DerivedDataCache/Buckets/LegacyTEXTURE/55/6d/1897894405ffa14e7bee2581f00d32e5bbe7.udd" 5694
"C:/Users/minls/AppData/Local/UnrealEngine/Common/DerivedDataCache/Buckets/LegacyTEXTURE/54/12/da96e76b7894d63cc39bdda549eb9d2b1562.udd" 5695
"C:/Users/minls/AppData/Local/UnrealEngine/Common/DerivedDataCache/Buckets/LegacyTEXTURE/8f/6c/9eb7ae6d809cfd2829623617c9c4e232baef.udd" 5696
"C:/Users/minls/AppData/Local/UnrealEngine/Common/DerivedDataCache/Buckets/LegacyTEXTURE/53/38/db55a1948c3edc0fa88ff8c6099dce0993b3.udd" 5697
"C:/Users/minls/AppData/Local/UnrealEngine/Common/DerivedDataCache/Buckets/LegacyTEXTURE/8b/cf/c5a528fb1e1066a8f03ccc67fedc35ac84a4.udd" 5698
"C:/Users/minls/AppData/Local/UnrealEngine/Common/DerivedDataCache/Buckets/LegacyTEXTURE/b5/b5/bc37441695ea43bab5c2fd8edecc43f2c952.udd" 5699
"C:/Users/minls/AppData/Local/UnrealEngine/Common/DerivedDataCache/Buckets/LegacyTEXTURE/96/c1/69a7542738e42462ffb10898b3adabc45f2a.udd" 5700
"C:/Users/minls/AppData/Local/UnrealEngine/Common/DerivedDataCache/Buckets/LegacyTEXTURE/ae/d7/34457e57de61dc19b05aaa0523928dedd643.udd" 5701
"C:/Users/minls/AppData/Local/UnrealEngine/Common/DerivedDataCache/Buckets/LegacyTEXTURE/f1/ac/bdf39e7a4e1d707167878f943ee7077cefc0.udd" 5702
"C:/Users/minls/AppData/Local/UnrealEngine/Common/DerivedDataCache/Buckets/LegacyTEXTURE/ac/e0/6a489e2afa7344112c3cebb002767b196bfb.udd" 5703
"C:/Users/minls/AppData/Local/UnrealEngine/Common/DerivedDataCache/Buckets/LegacyTEXTURE/b2/33/3c3605cc4a1b7f6329902aaeb0cf034fd330.udd" 5704
"C:/Users/minls/AppData/Local/UnrealEngine/Common/DerivedDataCache/Buckets/LegacyTEXTURE/a2/fa/c38e10f0f14855062820088a50022252d580.udd" 5705
"C:/Users/minls/AppData/Local/UnrealEngine/Common/DerivedDataCache/Buckets/LegacyTEXTURE/f2/1c/afd0a916e48040181e481999c8e5cedcfbc7.udd" 5706
"C:/Users/minls/AppData/Local/UnrealEngine/Common/DerivedDataCache/Buckets/LegacyTEXTURE/92/50/28f6ef2cfdb6d0202eeb6c4843437fc112c6.udd" 5707
"C:/Users/minls/AppData/Local/UnrealEngine/Common/DerivedDataCache/Buckets/LegacyTEXTURE/85/d2/8b853baad177d625e3a39356216c1391e9a0.udd" 5708
"C:/Users/minls/AppData/Local/UnrealEngine/Common/DerivedDataCache/Buckets/LegacyTEXTURE/d0/ea/0955950e346bc475679ceae852c0204ab6d6.udd" 5709
"C:/Users/minls/AppData/Local/UnrealEngine/Common/DerivedDataCache/Buckets/LegacyTEXTURE/de/8f/38f8d746a210f9b88caf7524b444c3106ac3.udd" 5710
"C:/Users/minls/AppData/Local/UnrealEngine/Common/DerivedDataCache/Buckets/LegacyTEXTURE/80/0e/c2f9ddd943b904f8ab63668a8268e226c804.udd" 5711
"C:/Users/minls/AppData/Local/UnrealEngine/Common/DerivedDataCache/Buckets/LegacyTEXTURE/e5/7e/9078d713e0f76a854795971f524a44e7845c.udd" 5712
"C:/Users/minls/AppData/Local/UnrealEngine/Common/DerivedDataCache/Buckets/LegacyTEXTURE/f2/c2/268099ce703c390ee1b5899d6132cf7eb1ff.udd" 5713
"C:/Users/minls/AppData/Local/UnrealEngine/Common/DerivedDataCache/Buckets/LegacyTEXTURE/80/bb/bcfa6819eed92f58d2d12d3476eb70e23142.udd" 5714
"C:/Users/minls/AppData/Local/UnrealEngine/Common/DerivedDataCache/Content/1a/2b/03df1c6129affde8651dd833a8ae86274189.udd" 5715
"C:/Users/minls/AppData/Local/UnrealEngine/Common/DerivedDataCache/Content/b1/c5/09dd9b184fb04204c71aa94ad0c5362fe5c2.udd" 5716
"C:/Users/minls/AppData/Local/UnrealEngine/Common/DerivedDataCache/Buckets/LegacyTEXTURE/1f/0f/3a4c5bd73eea436a4b00d4c229f3af79e69f.udd" 5717
"C:/Users/minls/AppData/Local/UnrealEngine/Common/DerivedDataCache/Buckets/LegacyTEXTURE/c8/ab/2701d8a6e7158a572761ae8d5b37dadf894c.udd" 5718
"C:/Users/minls/AppData/Local/UnrealEngine/Common/DerivedDataCache/Buckets/LegacyTEXTURE/5c/8c/4f2e585b669e93ab29e76cbbe28773ac4912.udd" 5719
"C:/Users/minls/AppData/Local/UnrealEngine/Common/DerivedDataCache/Buckets/LegacyTEXTURE/4d/c7/a452abc128f4462881b8067ed0a8787bffa7.udd" 5720
"C:/Users/minls/AppData/Local/UnrealEngine/Common/DerivedDataCache/Buckets/LegacyTEXTURE/54/a9/5b7917a287086c0e2459d040cd5ff1f29879.udd" 5721
"C:/Users/minls/AppData/Local/UnrealEngine/Common/DerivedDataCache/Content/d4/36/8dc50ba1e0ae1a785588b6f2d287912c3642.udd" 5722
"C:/Users/minls/AppData/Local/UnrealEngine/Common/DerivedDataCache/Buckets/LegacyTEXTURE/7a/94/72d2eaa7119e55a2cb6378433bf002c8292d.udd" 5723
"C:/Users/minls/AppData/Local/UnrealEngine/Common/DerivedDataCache/Buckets/LegacyTEXTURE/3f/2c/133586aebb45bb5ecd06aa8387c2e5bd1d86.udd" 5724
"C:/Users/minls/AppData/Local/UnrealEngine/Common/DerivedDataCache/Buckets/LegacyTEXTURE/69/73/8a4d1b39dcef1dc06ebedff20450277fd7a5.udd" 5725
"C:/Users/minls/AppData/Local/UnrealEngine/Common/DerivedDataCache/Buckets/LegacyTEXTURE/fa/20/c14dcb52624ccea5a065381a02fdfbaacc32.udd" 5726
"C:/Users/minls/AppData/Local/UnrealEngine/Common/DerivedDataCache/Buckets/LegacyTEXTURE/4c/17/1286bc7afcd7acaa42536eb956f9c105ad7c.udd" 5727
"C:/Users/minls/AppData/Local/UnrealEngine/Common/DerivedDataCache/Buckets/LegacyTEXTURE/b1/68/b0e28427beec89763ab6f525a2bd214b6e22.udd" 5728
"C:/Users/minls/AppData/Local/UnrealEngine/Common/DerivedDataCache/Buckets/LegacyTEXTURE/b1/03/f19acbfd02bfe3322cfa9a49b929ad4f369b.udd" 5729
"C:/Users/minls/AppData/Local/UnrealEngine/Common/DerivedDataCache/Buckets/LegacyTEXTURE/c1/d4/1f72cddb70b47185fb6ca5d4d3fb5cd8ebf1.udd" 5730
"C:/Users/minls/AppData/Local/UnrealEngine/Common/DerivedDataCache/Content/20/f1/57fe91aa799ddf54c849155d8059e048d88d.udd" 5731
"C:/Users/minls/AppData/Local/UnrealEngine/Common/DerivedDataCache/Buckets/LegacyTEXTURE/c4/ba/657365a156f05dccdc18b8c2b6dd837d14d4.udd" 5732
"../../../Engine/Content/Functions/Engine_MaterialFunctions02/Math/CreateThirdOrthogonalVector.uasset" 5733
"C:/Users/minls/AppData/Local/UnrealEngine/Common/DerivedDataCache/Buckets/BulkDataList/1d/79/42e1149b927dd62909bbf9302d6d8048e8a2.udd" 5734
"C:/Users/minls/AppData/Local/UnrealEngine/Common/DerivedDataCache/Buckets/BulkDataList/77/c3/83abfbbf2a5a83330ed9966ea30822649e49.udd" 5735
"E:/Workspace_ISECONVI/ISECONVI/Content/BattleSequence/UI/WBP_ResultListSlot.uasset" 5736
"C:/Users/minls/AppData/Local/UnrealEngine/Common/DerivedDataCache/Buckets/LegacyTEXTURE/51/2d/526a75135c5459f174282c02265bb28d75aa.udd" 5737
"E:/Workspace_ISECONVI/ISECONVI/Content/TravelSequence/Travel_ConversationSystem/DTS_BattleSequenceGuide_11.uasset" 5738
"C:/Users/minls/AppData/Local/UnrealEngine/Common/DerivedDataCache/Buckets/BulkDataList/8c/d5/c52e3ab8c569ad140dc0a4b58f85878768f9.udd" 5739
"E:/Workspace_ISECONVI/ISECONVI/Content/TravelSequence/Travel_ConversationSystem/DTS_BattleSequenceGuide_12.uasset" 5740
"C:/Users/minls/AppData/Local/UnrealEngine/Common/DerivedDataCache/Content/05/08/805caa563bfb40a5758f2e042bfc2a982c0e.udd" 5741
"../../../Engine/Content/Functions/Engine_MaterialFunctions02/Math/Transform3x3Matrix.uasset" 5742
"C:/Users/minls/AppData/Local/UnrealEngine/Common/DerivedDataCache/Buckets/LegacyTEXTURE/d7/06/e8c26706dcf331ffb3d4bb0806ed4fe66f3f.udd" 5743
"C:/Users/minls/AppData/Local/UnrealEngine/Common/DerivedDataCache/Buckets/BulkDataList/46/80/b36b5a5ac37bd0779f132c90a147965c730d.udd" 5744
"C:/Users/minls/AppData/Local/UnrealEngine/Common/DerivedDataCache/Buckets/LegacyTEXTURE/f5/d0/0b06293cba395dc60b56485dbf380eaaf012.udd" 5745
"../../../Engine/Plugins/Bridge/Content/MSPresets/M_MS_Glass_Material/Functions/MF_TranslucencyEmission.uasset" 5746
"../../../Engine/Content/Functions/Engine_MaterialFunctions02/WorldPositionOffset/V2/ObjectScale.uasset" 5747
"C:/Users/minls/AppData/Local/UnrealEngine/Common/DerivedDataCache/Buckets/LegacyTEXTURE/b8/0b/1569db5a2b1d3daec7642aa61b44480fed11.udd" 5748
"C:/Users/minls/AppData/Local/UnrealEngine/Common/DerivedDataCache/Buckets/BulkDataList/18/d4/2ee0f2b2c92fae99982b1ab57e9d9ba6bf06.udd" 5749
"../../../Engine/Content/Functions/Engine_MaterialFunctions02/PivotPainter2/ms_PivotPainter2_CalculateMeshElementIndex.uasset" 5750
"C:/Users/minls/AppData/Local/UnrealEngine/Common/DerivedDataCache/Buckets/BulkDataList/a9/cd/52fb21ce9f2dda3f6c9b73a1369c8ed73ccb.udd" 5751
"../../../Engine/Content/Functions/Engine_MaterialFunctions02/PivotPainter2/2dArrayLookupByIndex.uasset" 5752
"C:/Users/minls/AppData/Local/UnrealEngine/Common/DerivedDataCache/Buckets/BulkDataList/72/9c/b95252a79fa2483344788fac75da5b0f1554.udd" 5753
"C:/Users/minls/AppData/Local/UnrealEngine/Common/DerivedDataCache/Buckets/BulkDataList/96/da/0cb5c93d601f5ae001cfeeb4759d6dfb06de.udd" 5754
"C:/Users/minls/AppData/Local/UnrealEngine/Common/DerivedDataCache/Buckets/BulkDataList/8b/70/2c25d62b4b44914529a6b78e784d38e9c7ed.udd" 5755
"C:/Users/minls/AppData/Local/UnrealEngine/Common/DerivedDataCache/Buckets/BulkDataList/4e/e5/6f03be192d7640db61747fd14069ec86b327.udd" 5756
"C:/Users/minls/AppData/Local/UnrealEngine/Common/DerivedDataCache/Buckets/BulkDataList/b4/79/9887947946074b2f9477792223ccb6f6b5c8.udd" 5757
"../../../Engine/Plugins/Interchange/Runtime/Content/gltf/MaterialFunctions/MF_TransformUVs.uasset" 5758
"../../../Engine/Content/EngineMaterials/PPM_DefaultCalibrationGrayscale.uasset" 5759
"../../../Engine/Content/EditorMaterials/PreviewShadowIndicatorMaterial.uasset" 5760
"../../../Engine/Content/EngineMaterials/PPM_DefaultCalibrationColor.uasset" 5761
"../../../Engine/Content/MobileResources/HUD/DefaultVirtualJoysticks.uasset" 5762
"../../../Engine/Plugins/Interchange/Runtime/Content/Materials/PhongSurfaceMaterial.uasset" 5763
"../../../Engine/Plugins/Interchange/Runtime/Content/Materials/CommonMaterial.uasset" 5764
"C:/Users/minls/AppData/Local/UnrealEngine/Common/DerivedDataCache/Buckets/LegacyTEXTURE/62/a6/3b5fd3fe7548f526a1d3c72ddb96618c14c8.udd" 5765
"C:/Users/minls/AppData/Local/UnrealEngine/Common/DerivedDataCache/Buckets/LegacyTEXTURE/65/94/19d65a900af707895b733992799b14ffdd05.udd" 5766
"C:/Users/minls/AppData/Local/UnrealEngine/Common/DerivedDataCache/Buckets/LegacyTEXTURE/2a/eb/1fba9ee441066bd970ad3cac55be82865557.udd" 5767
"C:/Users/minls/AppData/Local/UnrealEngine/Common/DerivedDataCache/Buckets/LegacyTEXTURE/6a/fb/6cc706b775852a55c9c4d899f3fa7791bac1.udd" 5768
"C:/Users/minls/AppData/Local/UnrealEngine/Common/DerivedDataCache/Buckets/LegacyTEXTURE/e1/d3/440cd0d948a5e9a68e41f4808b350e87a9aa.udd" 5769
"C:/Users/minls/AppData/Local/UnrealEngine/Common/DerivedDataCache/Buckets/LegacyTEXTURE/80/9d/82024a50fa781da1a3663ff47a55c10afef7.udd" 5770
"C:/Users/minls/AppData/Local/UnrealEngine/Common/DerivedDataCache/Buckets/LegacyTEXTURE/55/ea/39930af3ef5b81189dedfebf69ec3a4afd79.udd" 5771
"C:/Users/minls/AppData/Local/UnrealEngine/Common/DerivedDataCache/Buckets/LegacyTEXTURE/3b/6f/ca5575d4024aa0330614b97c60c170a2b06e.udd" 5772
"C:/Users/minls/AppData/Local/UnrealEngine/Common/DerivedDataCache/Content/a9/9a/0e316c8c446c6694d47a54d81d66b7fef026.udd" 5773
"C:/Users/minls/AppData/Local/UnrealEngine/Common/DerivedDataCache/Buckets/LegacyTEXTURE/ba/ae/8130ca096c4ffa823a96e67ed5ba57201d1a.udd" 5774
"C:/Users/minls/AppData/Local/UnrealEngine/Common/DerivedDataCache/Buckets/LegacyTEXTURE/4f/55/de74f86605ec12b7e9ef4ec94f309ce443d6.udd" 5775
"C:/Users/minls/AppData/Local/UnrealEngine/Common/DerivedDataCache/Buckets/LegacyTEXTURE/fe/e1/81537647a741da1508f0a68946d231c0a7c6.udd" 5776
"C:/Users/minls/AppData/Local/UnrealEngine/Common/DerivedDataCache/Buckets/LegacyTEXTURE/e2/47/5efd45c2c6d7766fd0a41d8970a55c1035e3.udd" 5777
"C:/Users/minls/AppData/Local/UnrealEngine/Common/DerivedDataCache/Buckets/LegacyTEXTURE/b0/35/dea9d4593d2954dbe5d76d2eaa8ea8690fd7.udd" 5778
"C:/Users/minls/AppData/Local/UnrealEngine/Common/DerivedDataCache/Buckets/LegacyTEXTURE/89/25/cbf412a9ea1710e470d0f84481ba16c3a76b.udd" 5779
"C:/Users/minls/AppData/Local/UnrealEngine/Common/DerivedDataCache/Content/4f/6a/c68af2656c3aa864f119b605fee6182e6361.udd" 5780
"C:/Users/minls/AppData/Local/UnrealEngine/Common/DerivedDataCache/Buckets/LegacyTEXTURE/c0/f1/c67b01c09f76c243417fffa3dabf82ad2c69.udd" 5781
"C:/Users/minls/AppData/Local/UnrealEngine/Common/DerivedDataCache/Buckets/LegacyTEXTURE/33/21/b2193610df8a05938e99fbe84ebc105b884a.udd" 5782
"C:/Users/minls/AppData/Local/UnrealEngine/Common/DerivedDataCache/Content/8b/73/1679dad6053f468b53c3fae9a6a6dec9de86.udd" 5783
"C:/Users/minls/AppData/Local/UnrealEngine/Common/DerivedDataCache/Buckets/LegacyTEXTURE/ed/1c/6f67dbd7139f2e871f4b10bb8d58beb594be.udd" 5784
"C:/Users/minls/AppData/Local/UnrealEngine/Common/DerivedDataCache/Content/0f/39/a41599fa520e7b5a418fa46814214bc1142f.udd" 5785
"C:/Users/minls/AppData/Local/UnrealEngine/Common/DerivedDataCache/Buckets/LegacyTEXTURE/c9/49/e913c35f3ea335af18b9300b98516071c6e1.udd" 5786
"C:/Users/minls/AppData/Local/UnrealEngine/Common/DerivedDataCache/Buckets/LegacyTEXTURE/ce/4f/a8727b327d350360ebfe393027427ae0d266.udd" 5787
"C:/Users/minls/AppData/Local/UnrealEngine/Common/DerivedDataCache/Buckets/LegacyTEXTURE/12/27/b3ec56f1749748a9f6a9d5e45b1e3393ce91.udd" 5788
"C:/Users/minls/AppData/Local/UnrealEngine/Common/DerivedDataCache/Buckets/LegacyTEXTURE/75/38/61362bebf4d190020fa629fc3ad6cc0f06f3.udd" 5789
"C:/Users/minls/AppData/Local/UnrealEngine/Common/DerivedDataCache/Buckets/LegacyTEXTURE/4e/6b/6e1c0d132c48bfba162af51c8b9ade16dd6d.udd" 5790
"C:/Users/minls/AppData/Local/UnrealEngine/Common/DerivedDataCache/Buckets/LegacyTEXTURE/18/eb/21e681aac3bd96efc16cfbd73e6c444960ea.udd" 5791
"C:/Users/minls/AppData/Local/UnrealEngine/Common/DerivedDataCache/Buckets/LegacyTEXTURE/59/8f/f738603ab8a77517454cd99ff485afbbad6c.udd" 5792
"C:/Users/minls/AppData/Local/UnrealEngine/Common/DerivedDataCache/Buckets/LegacyTEXTURE/c1/52/79715f1cf2ada6d8aa04fb61e48b1a8a2b38.udd" 5793
"C:/Users/minls/AppData/Local/UnrealEngine/Common/DerivedDataCache/Buckets/LegacyTEXTURE/cf/d3/7eed1e2c778467df5e6f0afc8b84ce081a4b.udd" 5794
"C:/Users/minls/AppData/Local/UnrealEngine/Common/DerivedDataCache/Buckets/LegacyTEXTURE/da/a5/992f6c54c9e0615dd4691fea9de72477f5c8.udd" 5795
"C:/Users/minls/AppData/Local/UnrealEngine/Common/DerivedDataCache/Buckets/LegacyTEXTURE/66/b9/b28994ead829da1881c2e0767a001984bf13.udd" 5796
"C:/Users/minls/AppData/Local/UnrealEngine/Common/DerivedDataCache/Buckets/LegacyTEXTURE/55/fa/cf5081b6a5c626030cb0850bc87c2a4a3316.udd" 5797
"C:/Users/minls/AppData/Local/UnrealEngine/Common/DerivedDataCache/Buckets/LegacyTEXTURE/46/5d/27f728a5a3fde094016bceb9f7598fd3ee12.udd" 5798
"C:/Users/minls/AppData/Local/UnrealEngine/Common/DerivedDataCache/Buckets/LegacyTEXTURE/bd/85/00b79f2139d7cf2035a68f0bc3648a1997e4.udd" 5799
"C:/Users/minls/AppData/Local/UnrealEngine/Common/DerivedDataCache/Buckets/LegacyTEXTURE/42/95/94da757ddaec3d8668564629af505d64446a.udd" 5800
"C:/Users/minls/AppData/Local/UnrealEngine/Common/DerivedDataCache/Content/c2/7e/9560fd6d81855ff27e5bd0514f1f9a3e155b.udd" 5801
"C:/Users/minls/AppData/Local/UnrealEngine/Common/DerivedDataCache/Buckets/LegacyTEXTURE/09/6a/90c548f59c043affcfdd17bab5077a99a9d6.udd" 5802
"C:/Users/minls/AppData/Local/UnrealEngine/Common/DerivedDataCache/Buckets/LegacyTEXTURE/0d/64/1c71ac869ad463101610be48b9a4089f5ab2.udd" 5803
"C:/Users/minls/AppData/Local/UnrealEngine/Common/DerivedDataCache/Buckets/LegacyTEXTURE/20/2c/dcd4c11f2685779eca5813bf727bc0455ff0.udd" 5804
"C:/Users/minls/AppData/Local/UnrealEngine/Common/DerivedDataCache/Buckets/LegacyTEXTURE/e8/71/36de6e78941f60493193bce4c8446aa5efa3.udd" 5805
"C:/Users/minls/AppData/Local/UnrealEngine/Common/DerivedDataCache/Buckets/LegacyTEXTURE/65/fc/1dba000e34810158cea13fcfb0b914d4c696.udd" 5806
"C:/Users/minls/AppData/Local/UnrealEngine/Common/DerivedDataCache/Buckets/LegacyTEXTURE/cc/d2/e152618f646ec00f4e9ce3200da6402b4a1c.udd" 5807
"C:/Users/minls/AppData/Local/UnrealEngine/Common/DerivedDataCache/Buckets/LegacyTEXTURE/05/d5/8847af79cd4ea826dddd8a26630ccf194efe.udd" 5808
"C:/Users/minls/AppData/Local/UnrealEngine/Common/DerivedDataCache/Buckets/LegacyTEXTURE/65/23/2eca1ef08022ca71669ca75c1d59cf5177b9.udd" 5809
"C:/Users/minls/AppData/Local/UnrealEngine/Common/DerivedDataCache/Buckets/LegacyTEXTURE/f4/72/cb8be9fe323add826f5be67d5fb7fe5c6a85.udd" 5810
"C:/Users/minls/AppData/Local/UnrealEngine/Common/DerivedDataCache/Buckets/LegacyTEXTURE/0e/b0/6231bc0e4b7411ec318c6a9406e59ede5d35.udd" 5811
"C:/Users/minls/AppData/Local/UnrealEngine/Common/DerivedDataCache/Buckets/LegacyTEXTURE/c4/ce/41faa85a78faaf3638c0924fcc43fa57c8ef.udd" 5812
"C:/Users/minls/AppData/Local/UnrealEngine/Common/DerivedDataCache/Buckets/LegacyTEXTURE/dd/f5/27b740607d5e3b2f4a0a952bd1cfa09ed1c9.udd" 5813
"C:/Users/minls/AppData/Local/UnrealEngine/Common/DerivedDataCache/Buckets/LegacyTEXTURE/91/fe/c1f417b8aa9b266753b61b7020220c914909.udd" 5814
"C:/Users/minls/AppData/Local/UnrealEngine/Common/DerivedDataCache/Content/30/ff/b9de83f21eb0291fd7669e42b4f46d074099.udd" 5815
"C:/Users/minls/AppData/Local/UnrealEngine/Common/DerivedDataCache/Buckets/LegacyTEXTURE/43/27/4e8d7442ef20b7e1be30120d7980e10d9ce5.udd" 5816
"C:/Users/minls/AppData/Local/UnrealEngine/Common/DerivedDataCache/Buckets/LegacyTEXTURE/7a/11/cfcc24ab3a6a89b618211275ce9be0c2a902.udd" 5817
"C:/Users/minls/AppData/Local/UnrealEngine/Common/DerivedDataCache/Buckets/LegacyTEXTURE/5d/3c/da2faaa52b9f97bad7262ed59f5b42689fa4.udd" 5818
"C:/Users/minls/AppData/Local/UnrealEngine/Common/DerivedDataCache/Buckets/LegacyTEXTURE/7d/31/012bcd36cc396b90c09b2165e0df0a7a9496.udd" 5819
"C:/Users/minls/AppData/Local/UnrealEngine/Common/DerivedDataCache/Buckets/LegacyTEXTURE/a5/83/1238317f476cb3a7d17b68315f2a5e14b889.udd" 5820
"C:/Users/minls/AppData/Local/UnrealEngine/Common/DerivedDataCache/Buckets/LegacyTEXTURE/e5/fc/22ab7fed0895e5e36ec01abfb5584bf4071c.udd" 5821
"C:/Users/minls/AppData/Local/UnrealEngine/Common/DerivedDataCache/Buckets/LegacyTEXTURE/27/9d/badcb6e95c332fb4a0a3341580b31119cdc9.udd" 5822
"C:/Users/minls/AppData/Local/UnrealEngine/Common/DerivedDataCache/Content/b2/2d/0ef5545831cf01982c914566420d21dd1eb2.udd" 5823
"C:/Users/minls/AppData/Local/UnrealEngine/Common/DerivedDataCache/Buckets/LegacyTEXTURE/fc/bf/af0ebdb18d4e690f01652f4d6b9d62ca5446.udd" 5824
"C:/Users/minls/AppData/Local/UnrealEngine/Common/DerivedDataCache/Buckets/LegacyTEXTURE/ff/02/58b82464ca7229f72eea8ecd729e3e925b42.udd" 5825
"C:/Users/minls/AppData/Local/UnrealEngine/Common/DerivedDataCache/Content/18/f9/7f54c1a0b0a6b019c1d124818fd261719eaa.udd" 5826
"C:/Users/minls/AppData/Local/UnrealEngine/Common/DerivedDataCache/Buckets/LegacyTEXTURE/77/dc/529f985cafe7710cee611b467d749bbce1f1.udd" 5827
"C:/Users/minls/AppData/Local/UnrealEngine/Common/DerivedDataCache/Buckets/LegacyTEXTURE/e3/7d/f71cd1581e3fd516f203ab1818c4b7d47943.udd" 5828
"C:/Users/minls/AppData/Local/UnrealEngine/Common/DerivedDataCache/Buckets/LegacyTEXTURE/be/5e/63b15e6178e34ed6a139c271c64643fb684f.udd" 5829
"C:/Users/minls/AppData/Local/UnrealEngine/Common/DerivedDataCache/Buckets/LegacyTEXTURE/6d/1f/28b228d9f22ab51de9559a003a53413fa330.udd" 5830
"C:/Users/minls/AppData/Local/UnrealEngine/Common/DerivedDataCache/Buckets/LegacyTEXTURE/15/c4/d31310429721c20723b92c14910ac59f0703.udd" 5831
"C:/Users/minls/AppData/Local/UnrealEngine/Common/DerivedDataCache/Buckets/LegacyTEXTURE/20/75/e826d215ea030a1c73ff8a30ab96c41c58ea.udd" 5832
"C:/Users/minls/AppData/Local/UnrealEngine/Common/DerivedDataCache/Content/21/9a/2d7dbcc915c4f482ff2f67de7de266fb969d.udd" 5833
"C:/Users/minls/AppData/Local/UnrealEngine/Common/DerivedDataCache/Buckets/LegacyTEXTURE/ca/f6/5f425b417769ab517815c1d64c60022a6141.udd" 5834
"C:/Users/minls/AppData/Local/UnrealEngine/Common/DerivedDataCache/Buckets/LegacyTEXTURE/a4/1a/3dc40fa67afac47060f47686028a72af18fa.udd" 5835
"C:/Users/minls/AppData/Local/UnrealEngine/Common/DerivedDataCache/Buckets/LegacyTEXTURE/02/20/5887db6abb49ab23f4d15e1fe049ef2acd90.udd" 5836
"C:/Users/minls/AppData/Local/UnrealEngine/Common/DerivedDataCache/Buckets/LegacyTEXTURE/a7/98/62dde53e76292454a785881a1e8a47091ee3.udd" 5837
"C:/Users/minls/AppData/Local/UnrealEngine/Common/DerivedDataCache/Buckets/LegacyTEXTURE/a8/e2/601db714c324d9d65a06e664acf209bc5913.udd" 5838
"C:/Users/minls/AppData/Local/UnrealEngine/Common/DerivedDataCache/Buckets/LegacyTEXTURE/9a/d7/67971bfd5bad44e5961ce32db899cf6793e9.udd" 5839
"C:/Users/minls/AppData/Local/UnrealEngine/Common/DerivedDataCache/Buckets/LegacyTEXTURE/4d/fb/c80bd51a99a74cada5bbc1996c9421d9d8fc.udd" 5840
"C:/Users/minls/AppData/Local/UnrealEngine/Common/DerivedDataCache/Buckets/LegacyTEXTURE/d1/0c/2c10021d029f173c40a83d1db4190928f9f0.udd" 5841
"C:/Users/minls/AppData/Local/UnrealEngine/Common/DerivedDataCache/Buckets/LegacyTEXTURE/f7/13/ba6153ce3fda4e30349dfc7e3a27df163ee7.udd" 5842
"C:/Users/minls/AppData/Local/UnrealEngine/Common/DerivedDataCache/Buckets/LegacyTEXTURE/b3/85/326d8b0676cd3d2def385fdcde1b887118ce.udd" 5843
"C:/Users/minls/AppData/Local/UnrealEngine/Common/DerivedDataCache/Buckets/LegacyTEXTURE/f1/84/58513187bd9188b6f613d240fafe7719648a.udd" 5844
"C:/Users/minls/AppData/Local/UnrealEngine/Common/DerivedDataCache/Buckets/LegacyTEXTURE/e1/b9/0c60b6f6ae7142500006ea22be41e580d625.udd" 5845
"C:/Users/minls/AppData/Local/UnrealEngine/Common/DerivedDataCache/Buckets/LegacyTEXTURE/0f/3f/624e2bc76bc3a113839c55e790275f8d1192.udd" 5846
"C:/Users/minls/AppData/Local/UnrealEngine/Common/DerivedDataCache/Buckets/LegacyTEXTURE/3d/94/c636a81db5e53374a09d910ef5586fc4aa19.udd" 5847
"C:/Users/minls/AppData/Local/UnrealEngine/Common/DerivedDataCache/Buckets/LegacyTEXTURE/0f/16/c099c8adf8c085420b8485959b108b25a795.udd" 5848
"C:/Users/minls/AppData/Local/UnrealEngine/Common/DerivedDataCache/Buckets/LegacyTEXTURE/b8/bc/ebbb86a5e3bec704773f9ec84a2f38b1ce97.udd" 5849
"C:/Users/minls/AppData/Local/UnrealEngine/Common/DerivedDataCache/Buckets/LegacyTEXTURE/b5/17/9a3ebf5c60aa5c68b41fad8980708dd2027d.udd" 5850
"C:/Users/minls/AppData/Local/UnrealEngine/Common/DerivedDataCache/Buckets/LegacyTEXTURE/8c/2c/92c9a2bf6032c5a4f840a26099541762a887.udd" 5851
"C:/Users/minls/AppData/Local/UnrealEngine/Common/DerivedDataCache/Buckets/LegacyTEXTURE/c3/5c/86254684f7250d790d4d4bd5576a38c1944c.udd" 5852
"C:/Users/minls/AppData/Local/UnrealEngine/Common/DerivedDataCache/Buckets/LegacyTEXTURE/39/40/27f3be6cd2cbde6cd05d534a03bc836c91b6.udd" 5853
"C:/Users/minls/AppData/Local/UnrealEngine/Common/DerivedDataCache/Buckets/LegacyTEXTURE/0a/1d/52cbcce17bffe0899d362a69dc5c5ff409fe.udd" 5854
"C:/Users/minls/AppData/Local/UnrealEngine/Common/DerivedDataCache/Buckets/LegacyTEXTURE/d9/af/80db3426f0fbe9eb1c21edfbe74b2de1803c.udd" 5855
"C:/Users/minls/AppData/Local/UnrealEngine/Common/DerivedDataCache/Buckets/LegacyTEXTURE/c2/15/5ce3589e099c261704e579aa28abfaa59dfc.udd" 5856
"C:/Users/minls/AppData/Local/UnrealEngine/Common/DerivedDataCache/Buckets/LegacyTEXTURE/fe/fa/cc082960055703818e331ed1e01b81bdfb1a.udd" 5857
"C:/Users/minls/AppData/Local/UnrealEngine/Common/DerivedDataCache/Buckets/LegacyTEXTURE/89/23/6e9739ca2ce9bb0de5fa331c6eb20dd34c01.udd" 5858
"C:/Users/minls/AppData/Local/UnrealEngine/Common/DerivedDataCache/Buckets/LegacyTEXTURE/c7/6b/b5037c524e45fd263b7dc5722733026fc5f9.udd" 5859
"C:/Users/minls/AppData/Local/UnrealEngine/Common/DerivedDataCache/Content/bf/78/efac7e9d8f07bbc1baa4dd7019036ee1cc22.udd" 5860
"C:/Users/minls/AppData/Local/UnrealEngine/Common/DerivedDataCache/Buckets/LegacyTEXTURE/79/8b/1e54b2033e388eaea2753ee35228da576a56.udd" 5861
"C:/Users/minls/AppData/Local/UnrealEngine/Common/DerivedDataCache/Content/7f/b9/c25e3ef41e4bf37fb8e977dc7c2464831f67.udd" 5862
"C:/Users/minls/AppData/Local/UnrealEngine/Common/DerivedDataCache/Content/bb/9b/67ed40d51454a6816e15d9fb114d0636cdae.udd" 5863
"C:/Users/minls/AppData/Local/UnrealEngine/Common/DerivedDataCache/Buckets/LegacyTEXTURE/f6/ea/942cf70a2e03ed1b472b016623de338705f1.udd" 5864
"C:/Users/minls/AppData/Local/UnrealEngine/Common/DerivedDataCache/Buckets/LegacyTEXTURE/60/8f/6a7b58235f66ef2038c12b1966d0a97887a1.udd" 5865
"C:/Users/minls/AppData/Local/UnrealEngine/Common/DerivedDataCache/Content/93/e3/296b06faed4398081e29e571860eb2b2a0bc.udd" 5866
"C:/Users/minls/AppData/Local/UnrealEngine/Common/DerivedDataCache/Buckets/LegacyTEXTURE/eb/71/2c481cfcee2f8c6cc80710952969da284602.udd" 5867
"C:/Users/minls/AppData/Local/UnrealEngine/Common/DerivedDataCache/Buckets/LegacyTEXTURE/92/31/6c490c5c47a05ec1c849fb50d1e3734cb696.udd" 5868
"C:/Users/minls/AppData/Local/UnrealEngine/Common/DerivedDataCache/Buckets/LegacyTEXTURE/2f/d3/d9569bca28aa71fc1be01fdc5cd428c26f1e.udd" 5869
"C:/Users/minls/AppData/Local/UnrealEngine/Common/DerivedDataCache/Buckets/LegacyTEXTURE/67/c8/a750d367ef931b8f6c1d4c778a59c3425588.udd" 5870
"C:/Users/minls/AppData/Local/UnrealEngine/Common/DerivedDataCache/Buckets/LegacyTEXTURE/f9/95/abbc6757315629a1d07670ba501cca5cec6c.udd" 5871
"C:/Users/minls/AppData/Local/UnrealEngine/Common/DerivedDataCache/Buckets/LegacyTEXTURE/5b/69/9e97e21f130c4a1936376f884d66a5eeeca0.udd" 5872
"C:/Users/minls/AppData/Local/UnrealEngine/Common/DerivedDataCache/Buckets/LegacyTEXTURE/bf/9c/551cee00fd5b75ced66076b7d0a269959ab4.udd" 5873
"C:/Users/minls/AppData/Local/UnrealEngine/Common/DerivedDataCache/Buckets/LegacyTEXTURE/f5/30/e96cd9a5f0f9a3da471820ad378ce3d053a1.udd" 5874
"C:/Users/minls/AppData/Local/UnrealEngine/Common/DerivedDataCache/Buckets/LegacyTEXTURE/80/a5/65568d3427c0ff8a0833195a97bd56746c42.udd" 5875
"C:/Users/minls/AppData/Local/UnrealEngine/Common/DerivedDataCache/Buckets/LegacyTEXTURE/a4/89/4789c2ae119dc3fdb2a1b03440807c7ef373.udd" 5876
"C:/Users/minls/AppData/Local/UnrealEngine/Common/DerivedDataCache/Buckets/LegacyTEXTURE/de/6c/fe0a000ce73536fc2988f1fb01ae73e3e518.udd" 5877
"C:/Users/minls/AppData/Local/UnrealEngine/Common/DerivedDataCache/Content/1a/31/deffd77465214292d42d08c056010f82f2af.udd" 5878
"C:/Users/minls/AppData/Local/UnrealEngine/Common/DerivedDataCache/Buckets/LegacyTEXTURE/bd/ae/f12076869c8fcb78be008e85364e3e99d8fb.udd" 5879
"C:/Users/minls/AppData/Local/UnrealEngine/Common/DerivedDataCache/Buckets/MaterialShaderMap/32/e5/b4994197a62bdd91a55c155418a117597570.udd" 5880
"C:/Users/minls/AppData/Local/UnrealEngine/Common/DerivedDataCache/Content/4e/14/70aeba6cc052f9e89b3c79b299457559ad9b.udd" 5881
"C:/Users/minls/AppData/Local/UnrealEngine/Common/DerivedDataCache/Buckets/LegacyTEXTURE/e9/55/4be62e3f950b440e751d0cf1eeffe5b4e999.udd" 5882
"C:/Users/minls/AppData/Local/UnrealEngine/Common/DerivedDataCache/Buckets/LegacyTEXTURE/ed/7d/fc73b03488cb930b88c053adac3f9c158932.udd" 5883
"C:/Users/minls/AppData/Local/UnrealEngine/Common/DerivedDataCache/Buckets/LegacyTEXTURE/9c/13/61664bf70dded2bcb41f002e8074e17be59a.udd" 5884
"C:/Users/minls/AppData/Local/UnrealEngine/Common/DerivedDataCache/Buckets/MaterialShaderMap/2d/34/b8b9dfbba32d97cc450d7167e29f1883ffb8.udd" 5885
"../../../Engine/Plugins/Interchange/Runtime/Content/gltf/MaterialFunctions/MF_Temporal_Blur.uasset" 5886
"../../../Engine/Content/Functions/Engine_MaterialFunctions02/Utility/DitherTemporalAA.uasset" 5887
"../../../Engine/Plugins/Interchange/Runtime/Content/gltf/MaterialFunctions/MF_PerceivedBrightness.uasset" 5888
"C:/Users/minls/AppData/Local/UnrealEngine/Common/DerivedDataCache/Buckets/MaterialShaderMap/92/8b/d0021b9f34140520e9a4cec2a015b8c9549f.udd" 5889
"C:/Users/minls/AppData/Local/UnrealEngine/Common/DerivedDataCache/Buckets/MaterialShaderMap/a0/10/6f71b98b85c053251b9bbedff641a8669f0a.udd" 5890
"C:/Users/minls/AppData/Local/UnrealEngine/Common/DerivedDataCache/Buckets/MaterialShaderMap/bb/4a/4437999ad5b57060312fd464a05476ecd616.udd" 5891
"C:/Users/minls/AppData/Local/UnrealEngine/Common/DerivedDataCache/Buckets/MaterialShaderMap/25/3b/7e4c40f7c875e55b011d5050f5be8c29ad04.udd" 5892
"C:/Users/minls/AppData/Local/UnrealEngine/Common/DerivedDataCache/Buckets/MaterialShaderMap/a7/e2/8a518d2a2e95d282b2d1f437c2a15fa62131.udd" 5893
"C:/Users/minls/AppData/Local/UnrealEngine/Common/DerivedDataCache/Buckets/MaterialShaderMap/e9/b2/85a32c8cd7dd05b888a29968b0fdc0d1e6d5.udd" 5894
"C:/Users/minls/AppData/Local/UnrealEngine/Common/DerivedDataCache/Buckets/MaterialShaderMap/28/02/6cabc2aed9ce3c7905757377a761bbabc184.udd" 5895
"E:/Workspace_ISECONVI/ISECONVI/Content/3DTeamAsset/Architexture_CONVINI/bench.uasset" 5896
"C:/Users/minls/AppData/Local/UnrealEngine/Common/DerivedDataCache/Buckets/MaterialShaderMap/6d/0d/925081f3b9d235f8c6afb5803a62529cf766.udd" 5897
"../../../Engine/Plugins/Interchange/Runtime/Content/Functions/MF_Iridescence.uasset" 5898
"C:/Users/minls/AppData/Local/UnrealEngine/Common/DerivedDataCache/Buckets/LegacyTEXTURE/d5/00/3dafa8a30d58452366db202d46f4769337bd.udd" 5899
"C:/Users/minls/AppData/Local/UnrealEngine/Common/DerivedDataCache/Buckets/LegacyTEXTURE/5b/46/04a3c63309ea301c47ad1aa07fae14137639.udd" 5900
"C:/Users/minls/AppData/Local/UnrealEngine/Common/DerivedDataCache/Buckets/LegacyTEXTURE/bd/3e/55e854fe92319bbd0017c8e7b4e7da227f8a.udd" 5901
"C:/Users/minls/AppData/Local/UnrealEngine/Common/DerivedDataCache/Buckets/LegacyTEXTURE/6a/aa/f1070606bd0aa435e0832165ab2bcc42dc11.udd" 5902
"C:/Users/minls/AppData/Local/UnrealEngine/Common/DerivedDataCache/Buckets/LegacyTEXTURE/a2/3a/90f7b0fac50dfe86f35d6faaf9f04486896e.udd" 5903
"C:/Users/minls/AppData/Local/UnrealEngine/Common/DerivedDataCache/Buckets/LegacyTEXTURE/a1/b8/6fbdaf9a27a67d9640052a552e7080521588.udd" 5904
"C:/Users/minls/AppData/Local/UnrealEngine/Common/DerivedDataCache/Buckets/LegacyTEXTURE/80/e0/6cc819a50f1f68b4d2452eb346414f41ed65.udd" 5905
"C:/Users/minls/AppData/Local/UnrealEngine/Common/DerivedDataCache/Buckets/LegacyTEXTURE/67/d9/a851bbf09b17ddf71d46bea1bbb8756fc873.udd" 5906
"C:/Users/minls/AppData/Local/UnrealEngine/Common/DerivedDataCache/Buckets/LegacyTEXTURE/70/4a/d6685e5a60c164dd8d650843324820af69b7.udd" 5907
"C:/Users/minls/AppData/Local/UnrealEngine/Common/DerivedDataCache/Buckets/LegacyTEXTURE/e6/fc/33a817f00b4667bc612cbf42715931b61c18.udd" 5908
"C:/Users/minls/AppData/Local/UnrealEngine/Common/DerivedDataCache/Buckets/LegacyTEXTURE/7e/7e/125a64591071f551d3798ee36f3153bf8ce2.udd" 5909
"C:/Users/minls/AppData/Local/UnrealEngine/Common/DerivedDataCache/Buckets/LegacyTEXTURE/6e/6a/36e67e826c8c1ccb1b57ad4b401e82ce8089.udd" 5910
"C:/Users/minls/AppData/Local/UnrealEngine/Common/DerivedDataCache/Buckets/LegacyTEXTURE/33/9c/5402b1ec51980ac2cd315a72c95223c3aa6f.udd" 5911
"C:/Users/minls/AppData/Local/UnrealEngine/Common/DerivedDataCache/Buckets/LegacyTEXTURE/ec/60/7560bdc7917b771a4730b2c3e28dafc41809.udd" 5912
"C:/Users/minls/AppData/Local/UnrealEngine/Common/DerivedDataCache/Buckets/MaterialShaderMap/87/ad/da820dc717c872d58e9cd06cfea21bb79e91.udd" 5913
"C:/Users/minls/AppData/Local/UnrealEngine/Common/DerivedDataCache/Buckets/MaterialShaderMap/d5/51/168c582f9d89deb178ebdd3aefe5a864c48a.udd" 5914
"C:/Users/minls/AppData/Local/UnrealEngine/Common/DerivedDataCache/Buckets/MaterialShaderMap/9e/21/4d0c88d326b2981747ac75e7b66dfd27b78b.udd" 5915
"C:/Users/minls/AppData/Local/UnrealEngine/Common/DerivedDataCache/Buckets/MaterialShaderMap/5e/cd/546fe61526b315637de5654c15836949ee2c.udd" 5916
"C:/Users/minls/AppData/Local/UnrealEngine/Common/DerivedDataCache/Buckets/MaterialShaderMap/e5/c9/33e7b55ccbc5aece81ecfa4759364560593d.udd" 5917
"C:/Users/minls/AppData/Local/UnrealEngine/Common/DerivedDataCache/Buckets/MaterialShaderMap/c0/4a/9a03d922ecc12e9de39867626552c41ad991.udd" 5918
"C:/Users/minls/AppData/Local/UnrealEngine/Common/DerivedDataCache/Buckets/MaterialShaderMap/d3/98/400636b05148628f516762a68631c145b63e.udd" 5919
"C:/Users/minls/AppData/Local/UnrealEngine/Common/DerivedDataCache/Buckets/MaterialShaderMap/71/f3/85e86fd20fff27749d165489df7dfb1ecad6.udd" 5920
"C:/Users/minls/AppData/Local/UnrealEngine/Common/DerivedDataCache/Buckets/MaterialShaderMap/31/94/04d0ccf346795330306f2a33864fecefbc67.udd" 5921
"C:/Users/minls/AppData/Local/UnrealEngine/Common/DerivedDataCache/Buckets/MaterialShaderMap/df/bd/5b17f2c17c61706ce2dd5f48c13e06f63220.udd" 5922
"C:/Users/minls/AppData/Local/UnrealEngine/Common/DerivedDataCache/Buckets/MaterialShaderMap/de/fd/ce98f5823e8ffe4a17a8299bc9a2b674200c.udd" 5923
"C:/Users/minls/AppData/Local/UnrealEngine/Common/DerivedDataCache/Buckets/MaterialShaderMap/bc/bf/f0e8f7ed03562a0ba5373981faadd6025723.udd" 5924
"E:/Workspace_ISECONVI/ISECONVI/Content/3DTeamAsset/Architexture_CONVINI/M_Floor.uasset" 5925
"C:/Users/minls/AppData/Local/UnrealEngine/Common/DerivedDataCache/Buckets/MaterialShaderMap/d6/46/78cc3a79a0fca5af41cf8983409c2fa9571c.udd" 5926
"C:/Users/minls/AppData/Local/UnrealEngine/Common/DerivedDataCache/Buckets/MaterialShaderMap/b2/6b/c8cde67cccf8cce1beef580728c638147f59.udd" 5927
"E:/Workspace_ISECONVI/ISECONVI/Content/3DTeamAsset/Architexture_CONVINI/M_Main.uasset" 5928
"E:/Workspace_ISECONVI/ISECONVI/Content/3DTeamAsset/Architexture_CONVINI/MI_DECAL1.uasset" 5929
"C:/Users/minls/AppData/Local/UnrealEngine/Common/DerivedDataCache/Buckets/MaterialShaderMap/43/55/5fa07aa824662bcf44d62512aca6da3b8fcc.udd" 5930
"E:/Workspace_ISECONVI/ISECONVI/Content/3DTeamAsset/Architexture_CONVINI/MI_DECAL2.uasset" 5931
"C:/Users/minls/AppData/Local/UnrealEngine/Common/DerivedDataCache/Buckets/MaterialShaderMap/aa/e4/2cc14fb013f9e56830e5a35d985f9e17f14e.udd" 5932
"E:/Workspace_ISECONVI/ISECONVI/Content/3DTeamAsset/AssetsvilleTown/Materials/MI_GlassBasic.uasset" 5933
"C:/Users/minls/AppData/Local/UnrealEngine/Common/DerivedDataCache/Buckets/MaterialShaderMap/c6/fb/31e22584061e59c762444a5cdfc5965ca112.udd" 5934
"C:/Users/minls/AppData/Local/UnrealEngine/Common/DerivedDataCache/Buckets/MaterialShaderMap/76/30/5029fb896f31309203fd20fc54a36d002229.udd" 5935
"C:/Users/minls/AppData/Local/UnrealEngine/Common/DerivedDataCache/Buckets/MaterialShaderMap/08/95/180d24957a6e3448d900013f1e43c46ff805.udd" 5936
"C:/Users/minls/AppData/Local/UnrealEngine/Common/DerivedDataCache/Buckets/MaterialShaderMap/0f/ea/5b911b2090c10870914af13d8a1a96ff2002.udd" 5937
"C:/Users/minls/AppData/Local/UnrealEngine/Common/DerivedDataCache/Buckets/MaterialShaderMap/7d/23/5b5c1213523e2cd25576fb43c447781bf203.udd" 5938
"C:/Users/minls/AppData/Local/UnrealEngine/Common/DerivedDataCache/Buckets/MaterialShaderMap/54/4b/df64972770c92fc51939dde2efbcd17e9ef2.udd" 5939
"C:/Users/minls/AppData/Local/UnrealEngine/Common/DerivedDataCache/Buckets/MaterialShaderMap/51/8d/d9f27bc90ad9f9f6275967f077dabf4fce34.udd" 5940
"C:/Users/minls/AppData/Local/UnrealEngine/Common/DerivedDataCache/Buckets/MaterialShaderMap/d6/39/9b0fa030aa041267b21ffc39f0e0d8edd4b0.udd" 5941
"C:/Users/minls/AppData/Local/UnrealEngine/Common/DerivedDataCache/Buckets/MaterialShaderMap/44/ff/0f21537127039e408b651cea0b67974a2664.udd" 5942
"C:/Users/minls/AppData/Local/UnrealEngine/Common/DerivedDataCache/Buckets/MaterialShaderMap/be/bd/6999b17707c60e59b6019b5391749152590b.udd" 5943
"C:/Users/minls/AppData/Local/UnrealEngine/Common/DerivedDataCache/Buckets/MaterialShaderMap/cf/26/53cbffe3401a77495c0523fbb113a7703ae6.udd" 5944
"C:/Users/minls/AppData/Local/UnrealEngine/Common/DerivedDataCache/Buckets/MaterialShaderMap/2c/25/763490a69d404728af89c00c1d051cea9352.udd" 5945
"C:/Users/minls/AppData/Local/UnrealEngine/Common/DerivedDataCache/Buckets/MaterialShaderMap/5c/60/2938eaeb4e7c77578217c2375fe0ccdd0ef9.udd" 5946
"C:/Users/minls/AppData/Local/UnrealEngine/Common/DerivedDataCache/Buckets/MaterialShaderMap/7e/bd/1454147a678ca83518302296d9de1bf3ccba.udd" 5947
"C:/Users/minls/AppData/Local/UnrealEngine/Common/DerivedDataCache/Buckets/MaterialShaderMap/be/f1/bbfc86c4c4dbbec2ca32de841a8bd08e7286.udd" 5948
"C:/Users/minls/AppData/Local/UnrealEngine/Common/DerivedDataCache/Buckets/MaterialShaderMap/0a/3c/f6a536d28bbefc0be4ae6cbc5a54b2f30308.udd" 5949
"C:/Users/minls/AppData/Local/UnrealEngine/Common/DerivedDataCache/Buckets/MaterialShaderMap/f1/78/5c0294f5fcc968c85648682103fbb35739b9.udd" 5950
"C:/Users/minls/AppData/Local/UnrealEngine/Common/DerivedDataCache/Buckets/MaterialShaderMap/ca/13/2a4634969928dece745806114e106938fa90.udd" 5951
"C:/Users/minls/AppData/Local/UnrealEngine/Common/DerivedDataCache/Buckets/MaterialShaderMap/0d/34/83e741de5dab27b2c1351030598b9711901b.udd" 5952
"C:/Users/minls/AppData/Local/UnrealEngine/Common/DerivedDataCache/Buckets/MaterialShaderMap/ca/a6/181a0b3d6c68cdf836867f48e311db76b7d7.udd" 5953
"C:/Users/minls/AppData/Local/UnrealEngine/Common/DerivedDataCache/Buckets/MaterialShaderMap/53/10/0049982815e794907d833a27febc7d3ed78d.udd" 5954
"C:/Users/minls/AppData/Local/UnrealEngine/Common/DerivedDataCache/Buckets/MaterialShaderMap/8e/30/b74cc89323445248ecaba8471ae7d7ddbc3a.udd" 5955
"C:/Users/minls/AppData/Local/UnrealEngine/Common/DerivedDataCache/Buckets/MaterialShaderMap/cc/24/3460e13257bc8141b7b0b21157f6780c476e.udd" 5956
"C:/Users/minls/AppData/Local/UnrealEngine/Common/DerivedDataCache/Content/e4/11/cdf3e91e18e5fe6dc3497fdb5ee12ed9ede5.udd" 5957
"C:/Users/minls/AppData/Local/UnrealEngine/Common/DerivedDataCache/Buckets/MaterialShaderMap/47/b5/bb79a66ea64d243f129ca40f927fed588c7c.udd" 5958
"C:/Users/minls/AppData/Local/UnrealEngine/Common/DerivedDataCache/Buckets/MaterialShaderMap/34/52/0d4ab71bb6f416caa929bb7f44ed0f6f95a8.udd" 5959
"C:/Users/minls/AppData/Local/UnrealEngine/Common/DerivedDataCache/Buckets/MaterialShaderMap/37/b5/f8b116568eb41ed8e88b1c5bb26d767a4c2e.udd" 5960
"C:/Users/minls/AppData/Local/UnrealEngine/Common/DerivedDataCache/Buckets/MaterialShaderMap/4b/5f/ba8e08286ad34f07450fdfdc02c25737d30c.udd" 5961
"C:/Users/minls/AppData/Local/UnrealEngine/Common/DerivedDataCache/Buckets/MaterialShaderMap/e0/67/39578d326c4ceecb2327f201db59dee85509.udd" 5962
"E:/Workspace_ISECONVI/ISECONVI/Content/3DTeamAsset/LandScapeSample/M_GroundwithRocks.uasset" 5963
"E:/Workspace_ISECONVI/ISECONVI/Content/3DTeamAsset/Vehicle_Truck/MI_Black.uasset" 5964
"E:/Workspace_ISECONVI/ISECONVI/Content/3DTeamAsset/Vehicle_Truck/MI_Bumper.uasset" 5965
"E:/Workspace_ISECONVI/ISECONVI/Content/3DTeamAsset/Vehicle_Truck/MI_CargoFrame.uasset" 5966
"E:/Workspace_ISECONVI/ISECONVI/Content/3DTeamAsset/Vehicle_Truck/MI_Window.uasset" 5967
"E:/Workspace_ISECONVI/ISECONVI/Content/StarterContent/Materials/M_Water_Lake.uasset" 5968
"E:/Workspace_ISECONVI/ISECONVI/Content/3DTeamAsset/LandScapeSample/M_SampleReq_Landscape.uasset" 5969
"E:/Workspace_ISECONVI/ISECONVI/Content/G_MainSequence/GameDataStructures/ST_SkillStatusData.uasset" 5970
"E:/Workspace_ISECONVI/ISECONVI/Content/BattleSequence/Camara/BP_DynamicCamera.uasset" 5971
"E:/Workspace_ISECONVI/ISECONVI/Content/StarterContent/Materials/M_Glass_Inst.uasset" 5972
"E:/Workspace_ISECONVI/ISECONVI/Content/3DTeamAsset/AssetsvilleTown/Materials/MasterMaterials/M_BaseColorPalette.uasset" 5973
"C:/Users/minls/AppData/Local/UnrealEngine/Common/DerivedDataCache/Buckets/StaticMesh/b8/ca/01414308cc5e13b73093742499dc4036981b.udd" 5974
"E:/Workspace_ISECONVI/ISECONVI/Content/3DTeamAsset/Fantastic_Village_Pack/materials/master_materials/M_Master_opaque_normal.uasset" 5975
"E:/Workspace_ISECONVI/ISECONVI/Content/3DTeamAsset/LandScapeSample/M_Ground1.uasset" 5976
"C:/Users/minls/AppData/Local/UnrealEngine/Common/DerivedDataCache/Buckets/LegacyDIST/a3/da/cbfe33cec925d5cb478b6c5728d0fdc17958.udd" 5977
"E:/Workspace_ISECONVI/ISECONVI/Content/3DTeamAsset/Vehicle_Truck/Material/Aircon.uasset" 5978
"E:/Workspace_ISECONVI/ISECONVI/Content/3DTeamAsset/Vehicle_Truck/Material/BackLight.uasset" 5979
"E:/Workspace_ISECONVI/ISECONVI/Content/3DTeamAsset/Vehicle_Truck/Material/Cargo.uasset" 5980
"C:/Users/minls/AppData/Local/UnrealEngine/Common/DerivedDataCache/Buckets/LegacyCARD/47/a6/0879ab62e2c0afd2f5c18bb6a3a692ee3f35.udd" 5981
"C:/Users/minls/AppData/Local/UnrealEngine/Common/DerivedDataCache/Buckets/MaterialShaderMap/c8/83/ceeccb5d31d80038c629c6374c2ba585a5bb.udd" 5982
"C:/Users/minls/AppData/Local/UnrealEngine/Common/DerivedDataCache/Buckets/MaterialShaderMap/e2/73/b2e8e8e322b5b693ac9c4a12ebb55c646429.udd" 5983
"C:/Users/minls/AppData/Local/UnrealEngine/Common/DerivedDataCache/Buckets/MaterialShaderMap/21/fe/e8c8f3f5241f5d628605072d6ea0d4fc181f.udd" 5984
"C:/Users/minls/AppData/Local/UnrealEngine/Common/DerivedDataCache/Buckets/MaterialShaderMap/1e/7b/b67db85066de82849646e7f621f380cd9bec.udd" 5985
"C:/Users/minls/AppData/Local/UnrealEngine/Common/DerivedDataCache/Buckets/MaterialShaderMap/4c/d2/c65d37df2cca0e33492b6a031b494ecbd42b.udd" 5986
"C:/Users/minls/AppData/Local/UnrealEngine/Common/DerivedDataCache/Buckets/MaterialShaderMap/5f/f5/bcbcb34edf7476d46cf22141a8736a053fcf.udd" 5987
"C:/Users/minls/AppData/Local/UnrealEngine/Common/DerivedDataCache/Buckets/LegacyNavCollision/29/10/0829259f6889566407643f63d98b10e44cf9.udd" 5988
"../../../../../Workspace_ISECONVI/ISECONVI/Content/3DTeamAsset/Architexture_CONVINI/bench.uasset" 5989
"C:/Users/minls/AppData/Local/Temp/UnrealShaderWorkingDir/7CA1F7684E84398DFE58A29F2832FFC2/0/WorkerOutputOnly.out" 5990
"E:/Workspace_ISECONVI/ISECONVI/Content/3DTeamAsset/Vehicle_Truck/Material/Ears.uasset" 5991
"E:/Workspace_ISECONVI/ISECONVI/Content/3DTeamAsset/Vehicle_Truck/Material/Front.uasset" 5992
"E:/Workspace_ISECONVI/ISECONVI/Content/3DTeamAsset/Vehicle_Truck/Material/HeadLight.uasset" 5993
"E:/Workspace_ISECONVI/ISECONVI/Content/3DTeamAsset/Vehicle_Truck/Material/Num.uasset" 5994
"E:/Workspace_ISECONVI/ISECONVI/Content/3DTeamAsset/Vehicle_Truck/Material/Wheel.uasset" 5995
"E:/Workspace_ISECONVI/ISECONVI/Content/CartoonSkyShader/Materials/Landscape/M_CartoonSky_Landscape.uasset" 5996
"../../../Engine/Plugins/Bridge/Content/MSPresets/M_MS_Glass_Material/Functions/MF_WindowImperfection.uasset" 5997
"E:/Workspace_ISECONVI/ISECONVI/Content/BattleSequence/TurnLogic/ST_MoveData.uasset" 5998
"E:/Workspace_ISECONVI/ISECONVI/Content/BattleSequence/UI/WBP_Insufficient_Item.uasset" 5999
"E:/Workspace_ISECONVI/ISECONVI/Content/BattleSequence/Enemy/Mesh/yuusya_BT_PT.uasset" 6000
"../../../Engine/Content/MapTemplates/Materials/MI_BasicAsset04.uasset" 6001
"E:/Workspace_ISECONVI/ISECONVI/Content/3DTeamAsset/AssetsvilleTown/Materials/MasterMaterials/M_BaseTexture.uasset" 6002
"E:/Workspace_ISECONVI/ISECONVI/Content/BattleSequence/UI/M_HoverGradient.uasset" 6003
"../../../Engine/Content/Functions/Engine_MaterialFunctions01/ImageAdjustment/3ColorBlend.uasset" 6004
"E:/Workspace_ISECONVI/ISECONVI/Content/3DTeamAsset/Fantastic_Village_Pack/materials/master_materials/M_Master_opaque.uasset" 6005
"C:/Users/minls/AppData/Local/Temp/UnrealShaderWorkingDir/7CA1F7684E84398DFE58A29F2832FFC2/4/WorkerOutputOnly.out" 6006
"E:/Workspace_ISECONVI/ISECONVI/Content/3DTeamAsset/Fantastic_Village_Pack/materials/master_materials/M_Master_transparent.uasset" 6007
"E:/Workspace_ISECONVI/ISECONVI/Content/3DTeamAsset/Fantastic_Village_Pack/materials/master_materials/M_Master_opaque_emissive.uasset" 6008
"E:/Workspace_ISECONVI/ISECONVI/Content/3DTeamAsset/ProceduralBiomes/Materials/MasterMaterials/M_Backgrounds.uasset" 6009
"E:/Workspace_ISECONVI/ISECONVI/Content/CartoonSkyShader/Textures/ColorCurves/MoonColor/MoonColor_Atlas.uasset" 6010
"E:/Workspace_ISECONVI/ISECONVI/Content/CartoonSkyShader/Textures/ColorCurves/SkyHorizonColor/SkyHorizonColor_Atlas.uasset" 6011
"E:/Workspace_ISECONVI/ISECONVI/Content/CartoonSkyShader/Textures/ColorCurves/SkyZenithColor/SkyZenithColor_Atlas.uasset" 6012
"E:/Workspace_ISECONVI/ISECONVI/Content/CartoonSkyShader/Textures/ColorCurves/StarsColor/StarsColor_Atlas.uasset" 6013
"E:/Workspace_ISECONVI/ISECONVI/Content/CartoonSkyShader/Textures/ColorCurves/SunColor/SunColor_Atlas.uasset" 6014
"E:/Workspace_ISECONVI/ISECONVI/Content/TravelSequence/ISECONVI_TravelSequence.uasset" 6015
"E:/Workspace_ISECONVI/ISECONVI/Content/StarterContent/Materials/M_Wood_Floor_Walnut_Polished.uasset" 6016
"E:/Workspace_ISECONVI/ISECONVI/Content/StarterContent/Materials/M_Wood_Floor_Walnut_Worn.uasset" 6017
"../../../Engine/Plugins/Bridge/Content/MSPresets/M_MS_Glass_Material/Functions/MF_WindowNormalStrength.uasset" 6018
"E:/Workspace_ISECONVI/ISECONVI/Content/3DTeamAsset/Architecture_PyeonUIJeom/ConvinienceStore_Main.uasset" 6019
"C:/Users/minls/AppData/Local/Temp/UnrealShaderWorkingDir/7CA1F7684E84398DFE58A29F2832FFC2/5/WorkerOutputOnly.out" 6020
"E:/Workspace_ISECONVI/ISECONVI/Content/3DTeamAsset/Architecture_PyeonUIJeom/ConvinienceStore_Glass.uasset" 6021
"E:/Workspace_ISECONVI/ISECONVI/Content/3DTeamAsset/Environment_DreamscapeSeries/SharedResources/Materials/MF/Common/MF_ObjectGradient.uasset" 6022
"C:/Users/minls/AppData/Local/UnrealEngine/Common/DerivedDataCache/Buckets/MaterialShaderMap/91/d4/a3436c411d5a91685bad22f178cdc0dbd816.udd" 6023
"C:/Users/minls/AppData/Local/UnrealEngine/Common/DerivedDataCache/Buckets/MaterialShaderMap/dd/a2/c7de3ad42468ae4a1dffbaa560e31f1394ba.udd" 6024
"C:/Users/minls/AppData/Local/UnrealEngine/Common/DerivedDataCache/Buckets/MaterialShaderMap/70/9b/0174f9e7dc69601f541909676d4614b4f70a.udd" 6025
"C:/Users/minls/AppData/Local/UnrealEngine/Common/DerivedDataCache/Buckets/MaterialShaderMap/98/ea/645303c63df0c0c06ec38439547ce69af2bd.udd" 6026
"C:/Users/minls/AppData/Local/Temp/UnrealShaderWorkingDir/7CA1F7684E84398DFE58A29F2832FFC2/2/WorkerOutputOnly.out" 6027
"C:/Users/minls/AppData/Local/Temp/UnrealShaderWorkingDir/7CA1F7684E84398DFE58A29F2832FFC2/6/WorkerOutputOnly.out" 6028
"E:/Workspace_ISECONVI/ISECONVI/Content/DreamscapeSeries/SharedResources/Materials/MF/Common/MF_ObjectGradient.uasset" 6029
"E:/Workspace_ISECONVI/ISECONVI/Content/3DTeamAsset/Environment_DreamscapeSeries/SharedResources/Materials/MF/Terrain/Utility/MF_CameraDistanceFade.uasset" 6030
"E:/Workspace_ISECONVI/ISECONVI/Content/DreamscapeSeries/SharedResources/Materials/MF/Terrain/Utility/MF_CameraDistanceFade.uasset" 6031
"E:/Workspace_ISECONVI/ISECONVI/Content/3DTeamAsset/Environment_DreamscapeSeries/SharedResources/Materials/MF/Foliage/MF_FoliageWind_Rustle.uasset" 6032
"C:/Users/minls/AppData/Local/UnrealEngine/Common/DerivedDataCache/Buckets/BulkDataList/aa/fa/ed753b797ae73f8e705d62b3863255c61ab5.udd" 6033
"E:/Workspace_ISECONVI/ISECONVI/Content/3DTeamAsset/Environment_DreamscapeSeries/SharedResources/Materials/MF/Foliage/MF_FoliageWind_Sway.uasset" 6034
"C:/Users/minls/AppData/Local/UnrealEngine/Common/DerivedDataCache/Buckets/BulkDataList/8b/18/a7977cac25f55c025f6d1ed3ab1650c94a98.udd" 6035
"E:/Workspace_ISECONVI/ISECONVI/Content/DreamscapeSeries/SharedResources/Materials/MF/Foliage/MF_FoliageWind_Rustle.uasset" 6036
"C:/Users/minls/AppData/Local/UnrealEngine/Common/DerivedDataCache/Buckets/BulkDataList/41/59/ce0f6c6fd429a5886bdf6bf5d9eaa1222716.udd" 6037
"E:/Workspace_ISECONVI/ISECONVI/Content/DreamscapeSeries/SharedResources/Materials/MF/Foliage/MF_FoliageWind_Sway.uasset" 6038
"C:/Users/minls/AppData/Local/UnrealEngine/Common/DerivedDataCache/Buckets/BulkDataList/db/91/ba8e4bb9656a7f3e87ba82bac55d9c835014.udd" 6039
"E:/Workspace_ISECONVI/ISECONVI/Content/3DTeamAsset/Environment_DreamscapeSeries/SharedResources/Materials/MF/Common/MF_GustingWind.uasset" 6040
"C:/Users/minls/AppData/Local/UnrealEngine/Common/DerivedDataCache/Buckets/BulkDataList/cb/c5/3034e5ced045b9bc72d1d715de6a7b9da9f7.udd" 6041
"E:/Workspace_ISECONVI/ISECONVI/Content/3DTeamAsset/Environment_DreamscapeSeries/SharedResources/Materials/MF/Common/MF_BasePBR_Opaque.uasset" 6042
"E:/Workspace_ISECONVI/ISECONVI/Content/CartoonSkyShader/Textures/ColorCurves/CloudDarkColor/CloudColor_Dark_Atlas.uasset" 6043
"E:/Workspace_ISECONVI/ISECONVI/Content/CartoonSkyShader/Textures/ColorCurves/CloudLightColor/CloudColor_Light_Atlas.uasset" 6044
"E:/Workspace_ISECONVI/ISECONVI/Content/3DTeamAsset/Architecture_ModuleHouse/Baked.uasset" 6045
"E:/Workspace_ISECONVI/ISECONVI/Content/StarterContent/Props/Materials/M_StatueGlass.uasset" 6046
"E:/Workspace_ISECONVI/ISECONVI/Content/StarterContent/Particles/Materials/M_Burst.uasset" 6047
"E:/Workspace_ISECONVI/ISECONVI/Content/StarterContent/Particles/Materials/M_explosion_subUV.uasset" 6048
"C:/Users/minls/AppData/Local/UnrealEngine/Common/DerivedDataCache/Buckets/LegacyTEXTURE/2e/f7/4d9bd2c8ec02fa2d62f8b5f7fb0342759b94.udd" 6049
"C:/Users/minls/AppData/Local/UnrealEngine/Common/DerivedDataCache/Buckets/LegacyTEXTURE/a1/73/f6d1a6ac117d69d02fe57b2a767c2724a8f1.udd" 6050
"C:/Users/minls/AppData/Local/UnrealEngine/Common/DerivedDataCache/Buckets/LegacyTEXTURE/f0/66/0d227594075451c004a9f98cae3e554aae30.udd" 6051
"C:/Users/minls/AppData/Local/UnrealEngine/Common/DerivedDataCache/Buckets/LegacyTEXTURE/5d/8a/302e5a0eec72a2b676fa338d63a87edacf8d.udd" 6052
"C:/Users/minls/AppData/Local/UnrealEngine/Common/DerivedDataCache/Buckets/LegacyTEXTURE/ab/83/625342a3333613fcc18689bb2efbfdac58c2.udd" 6053
"C:/Users/minls/AppData/Local/UnrealEngine/Common/DerivedDataCache/Buckets/MaterialShaderMap/4e/f9/9c0d9f76253778bf793db947d2bb9a50cc92.udd" 6054
"C:/Users/minls/AppData/Local/UnrealEngine/Common/DerivedDataCache/Buckets/MaterialShaderMap/fc/9e/b9fee899de6aba0cce0a6ee7479d5d92586b.udd" 6055
"C:/Users/minls/AppData/Local/Temp/UnrealShaderWorkingDir/7CA1F7684E84398DFE58A29F2832FFC2/1/WorkerOutputOnly.out" 6056
"C:/Users/minls/AppData/Local/UnrealEngine/Common/DerivedDataCache/Buckets/MaterialShaderMap/3b/c6/8dff60c36551abca8937de9a64d28b922089.udd" 6057
"C:/Users/minls/AppData/Local/UnrealEngine/Common/DerivedDataCache/Buckets/MaterialShaderMap/bf/65/f1cfd854b90105285739fa044e5da5088f0d.udd" 6058
"C:/Users/minls/AppData/Local/UnrealEngine/Common/DerivedDataCache/Buckets/MaterialShaderMap/59/83/77fb60cb9409762cdac9489dd0d99efe32b8.udd" 6059
"C:/Users/minls/AppData/Local/UnrealEngine/Common/DerivedDataCache/Buckets/MaterialShaderMap/39/55/8128efdf7d60e1cf68ebcd12525aee5cd8b5.udd" 6060
"E:/Workspace_ISECONVI/ISECONVI/Content/StarterContent/Particles/Materials/M_radial_ramp.uasset" 6061
"E:/Workspace_ISECONVI/ISECONVI/Content/StarterContent/Particles/Materials/M_smoke_subUV.uasset" 6062
"E:/Workspace_ISECONVI/ISECONVI/Content/DreamscapeSeries/SharedResources/Materials/MF/Common/MF_BasePBR_Opaque.uasset" 6063
"../../../Engine/Content/Functions/Engine_MaterialFunctions02/Lerp_Multiple_Float2.uasset" 6064
"E:/Workspace_ISECONVI/ISECONVI/Content/3DTeamAsset/PN_MeadowFlowers/Materials/MaterialFunctions/PN_Bending.uasset" 6065
"E:/Workspace_ISECONVI/ISECONVI/Content/G_MainSequence/GameDateTable/DT_BattleItem.uasset" 6066
"../../../Engine/Content/EngineFonts/DroidSansMono.uasset" 6067
"E:/Workspace_ISECONVI/ISECONVI/Content/BusinessSequence/UI/WBP_QuestList.uasset" 6068
"E:/Workspace_ISECONVI/ISECONVI/Content/G_MainSequence/MainTitleResorce/Cafe24SsurroundAir-v1_1_Font.uasset" 6069
"E:/Workspace_ISECONVI/ISECONVI/Content/G_MainSequence/MainTitleResorce/EliceDigitalBaeumOTF_Bold_Font.uasset" 6070
"C:/Users/minls/AppData/Local/UnrealEngine/Common/DerivedDataCache/Buckets/BulkDataList/23/55/1242fe775baa18f13b93ba18b4e87be6e85d.udd" 6071
"E:/Workspace_ISECONVI/ISECONVI/Content/3DTeamAsset/ProceduralBiomes/Materials/MasterMaterials/M_Billboard.uasset" 6072
"C:/Users/minls/AppData/Local/UnrealEngine/Common/DerivedDataCache/Buckets/BulkDataList/fb/56/88958fdc1ddb677dde5fa4cdefe889129535.udd" 6073
"E:/Workspace_ISECONVI/ISECONVI/Content/3DTeamAsset/ProceduralBiomes/Materials/MaterialFunctions/MF_Moss.uasset" 6074
"E:/Workspace_ISECONVI/ISECONVI/Content/3DTeamAsset/PN_MeadowFlowers/Materials/MaterialFunctions/PN_WindAnimation.uasset" 6075
"E:/Workspace_ISECONVI/ISECONVI/Content/G_MainSequence/GameDataStructures/ST_SalesData.uasset" 6076
"E:/Workspace_ISECONVI/ISECONVI/Content/BattleSequence/UI/WBP_EnemyStatus_Slot.uasset" 6077
"../../../Engine/Plugins/Interchange/Runtime/Content/gltf/MaterialFunctions/MF_TransmissionOpacity.uasset" 6078
"C:/Users/minls/AppData/Local/UnrealEngine/Common/DerivedDataCache/Buckets/LegacyTEXTURE/12/09/786b5722e7deca27e5558356723f8f5727fc.udd" 6079
"C:/Users/minls/AppData/Local/UnrealEngine/Common/DerivedDataCache/Buckets/LegacyTEXTURE/4a/5a/d2abe9b99ab40f5bab1eb0669513fd231bff.udd" 6080
"E:/Workspace_ISECONVI/ISECONVI/Content/BattleSequence/UI/WBP_UnitStatus_Slot.uasset" 6081
"E:/Workspace_ISECONVI/ISECONVI/Content/TravelSequence/Travel_ConversationSystem/DTS_BattleSequenceGuide_1.uasset" 6082
"C:/Users/minls/AppData/Local/UnrealEngine/Common/DerivedDataCache/Buckets/MaterialShaderMap/d2/b3/942b594098cb4bc2abf5fdd4551856107634.udd" 6083
"C:/Users/minls/AppData/Local/UnrealEngine/Common/DerivedDataCache/Buckets/MaterialShaderMap/b8/d8/71f6292df1c45fcfdf85d57cdb2ef23ae8bd.udd" 6084
"C:/Users/minls/AppData/Local/UnrealEngine/Common/DerivedDataCache/Buckets/MaterialShaderMap/d9/ab/eb73f7780d5d0c3f36f999054aa476e968e6.udd" 6085
"C:/Users/minls/AppData/Local/UnrealEngine/Common/DerivedDataCache/Buckets/MaterialShaderMap/85/74/6242fddf9583a6f4ab3f18ae441d095d47a0.udd" 6086
"C:/Users/minls/AppData/Local/UnrealEngine/Common/DerivedDataCache/Buckets/MaterialShaderMap/88/c8/950759c2646f901b2b3c39ba63643ff17e1b.udd" 6087
"C:/Users/minls/AppData/Local/UnrealEngine/Common/DerivedDataCache/Buckets/MaterialShaderMap/4f/79/a3cb171f7b6ad39ab1e06a034aafd6bc7e84.udd" 6088
"../../../Engine/Content/Functions/Engine_MaterialFunctions02/PivotPainter2/ms_PivotPainter2_ReturnParentTextureInfo.uasset" 6089
"../../../Engine/Plugins/Interchange/Runtime/Content/gltf/MaterialFunctions/MF_RotateNormals_TS.uasset" 6090
"../../../Engine/Plugins/Animation/ControlRig/Content/Controls/ControlRig_Wedge_solid.uasset" 6091
"../../../Engine/Plugins/Animation/ControlRig/Content/Controls/ControlRig_Wedge_3mm.uasset" 6092
"../../../Engine/Plugins/Animation/ControlRig/Content/Controls/ControlRig_Wedge_1mm.uasset" 6093
"../../../Engine/Plugins/Animation/ControlRig/Content/Controls/ControlRig_Triangle_solid.uasset" 6094
"../../../Engine/Plugins/Animation/ControlRig/Content/Controls/ControlRig_Triangle_3mm.uasset" 6095
"../../../Engine/Plugins/Animation/ControlRig/Content/Controls/ControlRig_Triangle_1mm.uasset" 6096
"../../../Engine/Plugins/Animation/ControlRig/Content/Controls/ControlRig_Star4_solid.uasset" 6097
"../../../Engine/Plugins/Animation/ControlRig/Content/Controls/ControlRig_Star4_3mm.uasset" 6098
"../../../Engine/Plugins/Animation/ControlRig/Content/Controls/ControlRig_Star4_1mm.uasset" 6099
"../../../Engine/Plugins/Animation/ControlRig/Content/Controls/ControlRig_Square_solid.uasset" 6100
"../../../Engine/Plugins/Animation/ControlRig/Content/Controls/ControlRig_Square_3mm.uasset" 6101
"C:/Users/minls/AppData/Local/Temp/UnrealShaderWorkingDir/7CA1F7684E84398DFE58A29F2832FFC2/3/WorkerOutputOnly.out" 6102
"C:/Users/minls/AppData/Local/UnrealEngine/Common/DerivedDataCache/Buckets/MaterialShaderMap/38/70/7f997aa5b2fec0d116b807fc75b3843961c2.udd" 6103
"C:/Users/minls/AppData/Local/UnrealEngine/Common/DerivedDataCache/Buckets/MaterialShaderMap/35/1a/411d8d91186b1b4b81af495421bd0567f7c5.udd" 6104
"C:/Users/minls/AppData/Local/UnrealEngine/Common/DerivedDataCache/Buckets/MaterialShaderMap/68/54/1a2399254ebf785f75202f20ef990b8a3135.udd" 6105
"C:/Users/minls/AppData/Local/UnrealEngine/Common/DerivedDataCache/Buckets/MaterialShaderMap/8a/4d/8f6a9393e942c5e08a0dac32cfce39ff3320.udd" 6106
"../../../Engine/Plugins/Animation/ControlRig/Content/Controls/ControlRig_Square_1mm.uasset" 6107
"../../../Engine/Plugins/Animation/ControlRig/Content/Controls/ControlRig_Sphere_1mm.uasset" 6108
"../../../Engine/Plugins/Animation/ControlRig/Content/Controls/ControlRig_Sphere_3mm.uasset" 6109
"C:/Users/minls/AppData/Local/UnrealEngine/Common/DerivedDataCache/Buckets/MaterialShaderMap/32/01/425f28864eaf588dd954d598893b54dc2954.udd" 6110
"C:/Users/minls/AppData/Local/UnrealEngine/Common/DerivedDataCache/Buckets/MaterialShaderMap/5a/38/9bbf2fd4d38da7e3a8869a2410174d64e6df.udd" 6111
"../../../Engine/Plugins/Animation/ControlRig/Content/Controls/ControlRig_RoundedTriangle_solid.uasset" 6112
"C:/Users/minls/AppData/Local/UnrealEngine/Common/DerivedDataCache/Buckets/MaterialShaderMap/69/14/95847690dc340396cd437388f0b64f3b6506.udd" 6113
"C:/Users/minls/AppData/Local/UnrealEngine/Common/DerivedDataCache/Buckets/MaterialShaderMap/47/ec/e648dc27f0d741845576ab0bad39b1edaba4.udd" 6114
"C:/Users/minls/AppData/Local/UnrealEngine/Common/DerivedDataCache/Buckets/MaterialShaderMap/eb/79/e256e13cc90edf943e4710ac0c5b0c96aecc.udd" 6115
"C:/Users/minls/AppData/Local/UnrealEngine/Common/DerivedDataCache/Buckets/MaterialShaderMap/b8/f0/709092d1f3019d0e14c40e9924f9d1c50c6d.udd" 6116
"C:/Users/minls/AppData/Local/UnrealEngine/Common/DerivedDataCache/Buckets/MaterialShaderMap/57/1f/32901fc2b55eced7bf5aa417dac221034086.udd" 6117
"../../../Engine/Plugins/Animation/ControlRig/Content/Controls/ControlRig_RoundedTriangle_3mm.uasset" 6118
"../../../Engine/Plugins/Animation/ControlRig/Content/Controls/ControlRig_RoundedTriangle_1mm.uasset" 6119
"C:/Users/minls/AppData/Local/UnrealEngine/Common/DerivedDataCache/Buckets/MaterialShaderMap/ec/a9/c417a0bb1616f48ca76a08518e2fe8469152.udd" 6120
"C:/Users/minls/AppData/Local/UnrealEngine/Common/DerivedDataCache/Buckets/MaterialShaderMap/8f/15/27726d7244b76bdc47555f32bcc0292fe9f4.udd" 6121
"../../../Engine/Plugins/Animation/ControlRig/Content/Controls/ControlRig_RoundedSquare_solid.uasset" 6122
"../../../Engine/Plugins/Animation/ControlRig/Content/Controls/ControlRig_RoundedSquare_3mm.uasset" 6123
"C:/Users/minls/AppData/Local/UnrealEngine/Common/DerivedDataCache/Buckets/MaterialShaderMap/d8/3f/159b134230c9e7a8eaea4cb88549c73ade9d.udd" 6124
"../../../Engine/Plugins/Animation/ControlRig/Content/Controls/ControlRig_RoundedSquare_1mm.uasset" 6125
"../../../Engine/Plugins/Animation/ControlRig/Content/Controls/ControlRig_QuarterCircle_3mm.uasset" 6126
"../../../Engine/Plugins/Animation/ControlRig/Content/Controls/ControlRig_QuarterCircle_solid.uasset" 6127
"../../../Engine/Plugins/Animation/ControlRig/Content/Controls/ControlRig_Pyramid_solid.uasset" 6128
"../../../Engine/Plugins/Animation/ControlRig/Content/Controls/ControlRig_QuarterCircle_1mm.uasset" 6129
"../../Plugins/Animation/ControlRig/Content/Controls/ControlRig_Wedge_solid.uasset" 6130
"../../Plugins/Animation/ControlRig/Content/Controls/ControlRig_Wedge_3mm.uasset" 6131
"../../Plugins/Animation/ControlRig/Content/Controls/ControlRig_Wedge_1mm.uasset" 6132
"../../Plugins/Animation/ControlRig/Content/Controls/ControlRig_Triangle_solid.uasset" 6133
"../../Plugins/Animation/ControlRig/Content/Controls/ControlRig_Triangle_3mm.uasset" 6134
"../../../Engine/Plugins/Animation/ControlRig/Content/Controls/ControlRig_Pyramid_3mm.uasset" 6135
"../../Plugins/Animation/ControlRig/Content/Controls/ControlRig_Triangle_1mm.uasset" 6136
"../../Plugins/Animation/ControlRig/Content/Controls/ControlRig_Star4_solid.uasset" 6137
"../../Plugins/Animation/ControlRig/Content/Controls/ControlRig_Star4_3mm.uasset" 6138
"../../Plugins/Animation/ControlRig/Content/Controls/ControlRig_Star4_1mm.uasset" 6139
"../../Plugins/Animation/ControlRig/Content/Controls/ControlRig_Square_solid.uasset" 6140
"../../../Engine/Plugins/Animation/ControlRig/Content/Controls/ControlRig_Pyramid_1mm.uasset" 6141
"../../../Engine/Plugins/Animation/ControlRig/Content/Controls/ControlRig_Octagon_solid.uasset" 6142
"../../../Engine/Plugins/Animation/ControlRig/Content/Controls/ControlRig_Octagon_3mm.uasset" 6143
"../../../Engine/Plugins/Animation/ControlRig/Content/Controls/ControlRig_Octagon_1mm.uasset" 6144
"../../../Engine/Plugins/Animation/ControlRig/Content/Controls/ControlRig_Hexagon_3mm.uasset" 6145
"../../../Engine/Plugins/Animation/ControlRig/Content/Controls/ControlRig_Hexagon_solid.uasset" 6146
"../../../Engine/Plugins/Animation/ControlRig/Content/Controls/ControlRig_Hexagon_1mm.uasset" 6147
"../../../Engine/Plugins/Animation/ControlRig/Content/Controls/ControlRig_HalfCircle_solid.uasset" 6148
"../../../Engine/Plugins/Animation/ControlRig/Content/Controls/ControlRig_Diamond_solid.uasset" 6149
"../../../Engine/Plugins/Animation/ControlRig/Content/Controls/ControlRig_Diamond_3mm.uasset" 6150
"../../../Engine/Plugins/Animation/ControlRig/Content/Controls/ControlRig_Diamond_1mm.uasset" 6151
"../../../Engine/Plugins/Animation/ControlRig/Content/Controls/ControlRig_Circle_solid.uasset" 6152
"../../Plugins/Animation/ControlRig/Content/Controls/ControlRig_Square_3mm.uasset" 6153
"../../../Engine/Plugins/Animation/ControlRig/Content/Controls/ControlRig_Circle_3mm.uasset" 6154
"../../Plugins/Animation/ControlRig/Content/Controls/ControlRig_Square_1mm.uasset" 6155
"../../Plugins/Animation/ControlRig/Content/Controls/ControlRig_Sphere_3mm.uasset" 6156
"../../../Engine/Plugins/Animation/ControlRig/Content/Controls/ControlRig_Circle_1mm.uasset" 6157
"../../Plugins/Animation/ControlRig/Content/Controls/ControlRig_Sphere_1mm.uasset" 6158
"../../Plugins/Animation/ControlRig/Content/Controls/ControlRig_RoundedTriangle_solid.uasset" 6159
"../../Plugins/Animation/ControlRig/Content/Controls/ControlRig_RoundedTriangle_3mm.uasset" 6160
"../../Plugins/Animation/ControlRig/Content/Controls/ControlRig_RoundedTriangle_1mm.uasset" 6161
"../../Plugins/Animation/ControlRig/Content/Controls/ControlRig_RoundedSquare_solid.uasset" 6162
"../../Plugins/Animation/ControlRig/Content/Controls/ControlRig_RoundedSquare_3mm.uasset" 6163
"../../Plugins/Animation/ControlRig/Content/Controls/ControlRig_RoundedSquare_1mm.uasset" 6164
"../../Plugins/Animation/ControlRig/Content/Controls/ControlRig_QuarterCircle_solid.uasset" 6165
"../../Plugins/Animation/ControlRig/Content/Controls/ControlRig_QuarterCircle_3mm.uasset" 6166
"../../Plugins/Animation/ControlRig/Content/Controls/ControlRig_QuarterCircle_1mm.uasset" 6167
"../../Plugins/Animation/ControlRig/Content/Controls/ControlRig_Pyramid_solid.uasset" 6168
"../../Plugins/Animation/ControlRig/Content/Controls/ControlRig_Pyramid_3mm.uasset" 6169
"../../Plugins/Animation/ControlRig/Content/Controls/ControlRig_Pyramid_1mm.uasset" 6170
"../../../Engine/Plugins/Animation/ControlRig/Content/Controls/ControlRig_HalfCircle_3mm.uasset" 6171
"../../../Engine/Plugins/Animation/ControlRig/Content/Controls/ControlRig_HalfCircle_1mm.uasset" 6172
"../../../Engine/Plugins/Animation/ControlRig/Content/Controls/ControlRig_Box_1mm.uasset" 6173
"../../../Engine/Plugins/Animation/ControlRig/Content/Controls/ControlRig_Arrow_3mm.uasset" 6174
"../../../Engine/Plugins/Animation/ControlRig/Content/Controls/ControlRig_Arrow_solid.uasset" 6175
"../../../Engine/Plugins/Animation/ControlRig/Content/Controls/ControlRig_Box_3mm.uasset" 6176
"../../../Engine/Plugins/Animation/ControlRig/Content/Controls/ControlRig_Box_solid.uasset" 6177
"../../../Engine/Plugins/Animation/ControlRig/Content/Controls/ControlRig_Arrow_1mm.uasset" 6178
"../../../Engine/Plugins/Animation/ControlRig/Content/Controls/ControlRig_Arrow4_3mm.uasset" 6179
"../../../Engine/Plugins/Animation/ControlRig/Content/Controls/ControlRig_Arrow4_solid.uasset" 6180
"../../../Engine/Plugins/Animation/ControlRig/Content/Controls/ControlRig_Arrow4_1mm.uasset" 6181
"../../../Engine/Plugins/Animation/ControlRig/Content/Controls/ControlRig_Arrow2_solid.uasset" 6182
"../../../Engine/Plugins/Animation/ControlRig/Content/Controls/ControlRig_Arrow2_3mm.uasset" 6183
"E:/Workspace_ISECONVI/ISECONVI/Content/3DTeamAsset/Architexture_CONVINI/ConvinienceStore_DoorG_L.uasset" 6184
"../../../Engine/Plugins/Animation/ControlRig/Content/Controls/ControlRig_Arrow2_1mm.uasset" 6185
"E:/Workspace_ISECONVI/ISECONVI/Content/3DTeamAsset/Architexture_CONVINI/ConvinienceStore_DoorG_R.uasset" 6186
"E:/Workspace_ISECONVI/ISECONVI/Content/3DTeamAsset/Architexture_CONVINI/ConvinienceStore_Glass_1.uasset" 6187
"../../../Engine/Plugins/Animation/ControlRig/Content/Controls/ControlRig_Sphere_solid.uasset" 6188
"../../Plugins/Animation/ControlRig/Content/Controls/ControlRig_Octagon_solid.uasset" 6189
"../../Plugins/Animation/ControlRig/Content/Controls/ControlRig_Octagon_3mm.uasset" 6190
"../../Plugins/Animation/ControlRig/Content/Controls/ControlRig_Octagon_1mm.uasset" 6191
"../../Plugins/Animation/ControlRig/Content/Controls/ControlRig_Hexagon_solid.uasset" 6192
"../../Plugins/Animation/ControlRig/Content/Controls/ControlRig_Hexagon_3mm.uasset" 6193
"../../Plugins/Animation/ControlRig/Content/Controls/ControlRig_Hexagon_1mm.uasset" 6194
"../../Plugins/Animation/ControlRig/Content/Controls/ControlRig_HalfCircle_solid.uasset" 6195
"../../Plugins/Animation/ControlRig/Content/Controls/ControlRig_HalfCircle_3mm.uasset" 6196
"../../Plugins/Animation/ControlRig/Content/Controls/ControlRig_HalfCircle_1mm.uasset" 6197
"../../Plugins/Animation/ControlRig/Content/Controls/ControlRig_Diamond_3mm.uasset" 6198
"../../Plugins/Animation/ControlRig/Content/Controls/ControlRig_Circle_solid.uasset" 6199
"../../Plugins/Animation/ControlRig/Content/Controls/ControlRig_Circle_3mm.uasset" 6200
"../../Plugins/Animation/ControlRig/Content/Controls/ControlRig_Circle_1mm.uasset" 6201
"../../Plugins/Animation/ControlRig/Content/Controls/ControlRig_Box_solid.uasset" 6202
"E:/Workspace_ISECONVI/ISECONVI/Content/3DTeamAsset/Architexture_CONVINI/ConvinienceStore_Glass2.uasset" 6203
"../../../Engine/Plugins/Interchange/Runtime/Content/gltf/MaterialFunctions/MF_Transmission.uasset" 6204
"../../../Engine/Plugins/Interchange/Runtime/Content/gltf/MaterialFunctions/MF_Specular.uasset" 6205
"../../../Engine/Plugins/Interchange/Runtime/Content/gltf/MaterialFunctions/MF_Occlusion.uasset" 6206
"../../../Engine/Plugins/Interchange/Runtime/Content/gltf/MaterialFunctions/MF_Sheen.uasset" 6207
"../../../Engine/Plugins/Interchange/Runtime/Content/gltf/MaterialFunctions/MF_Emissive.uasset" 6208
"../../../Engine/Plugins/Interchange/Runtime/Content/gltf/MaterialFunctions/MF_MetallicRoughness.uasset" 6209
"../../../Engine/Plugins/Interchange/Runtime/Content/gltf/MaterialFunctions/MF_DiffuseSpecGloss.uasset" 6210
"../../../Engine/Plugins/Interchange/Runtime/Content/gltf/MaterialFunctions/MF_BaseColor.uasset" 6211
"../../Plugins/Animation/ControlRig/Content/Controls/ControlRig_Diamond_solid.uasset" 6212
"../../Plugins/Animation/ControlRig/Content/Controls/ControlRig_Diamond_1mm.uasset" 6213
"../../Plugins/Animation/ControlRig/Content/Controls/ControlRig_Box_3mm.uasset" 6214
"../../../Engine/Plugins/Interchange/Runtime/Content/Materials/PBRSurfaceFunction.uasset" 6215
"../../Plugins/Animation/ControlRig/Content/Controls/ControlRig_Box_1mm.uasset" 6216
"../../../Engine/Plugins/Interchange/Runtime/Content/Materials/LambertSurfaceMaterial.uasset" 6217
"../../Plugins/Animation/ControlRig/Content/Controls/ControlRig_Arrow_solid.uasset" 6218
"../../Plugins/Animation/ControlRig/Content/Controls/ControlRig_Arrow_3mm.uasset" 6219
"../../Plugins/Animation/ControlRig/Content/Controls/ControlRig_Arrow_1mm.uasset" 6220
"../../Plugins/Animation/ControlRig/Content/Controls/ControlRig_Arrow4_solid.uasset" 6221
"../../Plugins/Animation/ControlRig/Content/Controls/ControlRig_Arrow4_3mm.uasset" 6222
"../../Plugins/Animation/ControlRig/Content/Controls/ControlRig_Arrow4_1mm.uasset" 6223
"../../Plugins/Animation/ControlRig/Content/Controls/ControlRig_Arrow2_solid.uasset" 6224
"../../Plugins/Animation/ControlRig/Content/Controls/ControlRig_Arrow2_3mm.uasset" 6225
"../../Plugins/Animation/ControlRig/Content/Controls/ControlRig_Arrow2_1mm.uasset" 6226
"../../../Engine/Plugins/Interchange/Runtime/Content/gltf/MaterialFunctions/MF_SpecGlossToMetalRoughness.uasset" 6227
"../../Plugins/Animation/ControlRig/Content/Controls/ControlRig_Sphere_solid.uasset" 6228
"../../../Engine/Plugins/Interchange/Runtime/Content/Functions/MX_Transmission.uasset" 6229
"E:/Workspace_ISECONVI/ISECONVI/Content/3DTeamAsset/LandScapeSample/MI_GroundwithRocks.uasset" 6230
"../../../Engine/Plugins/Interchange/Runtime/Content/Materials/OrenNayerMaterial.uasset" 6231
"E:/Workspace_ISECONVI/ISECONVI/Content/G_MainSequence/GameDateTable/DT_SkillTable.uasset" 6232
"E:/Workspace_ISECONVI/ISECONVI/Content/3DTeamAsset/AssetsvilleTown/Meshes/StreetProps/SM_box.uasset" 6233
"E:/Workspace_ISECONVI/ISECONVI/Content/3DTeamAsset/AssetsvilleTown/Meshes/StreetProps/SM_box_tray.uasset" 6234
"../../../Engine/Plugins/Interchange/Runtime/Content/Functions/MX_StandardSurface.uasset" 6235
"E:/Workspace_ISECONVI/ISECONVI/Content/3DTeamAsset/AssetsvilleTown/Meshes/StreetProps/SM_carton_box.uasset" 6236
"C:/Users/minls/AppData/Local/UnrealEngine/Common/DerivedDataCache/Buckets/StaticMesh/56/63/26d70485d8fc160295a546f4ca32ee22c38d.udd" 6237
"C:/Users/minls/AppData/Local/UnrealEngine/Common/DerivedDataCache/Buckets/LegacyDIST/f0/47/95d61e67c2576912328c0a5e8a0fe45e1946.udd" 6238
"C:/Users/minls/AppData/Local/UnrealEngine/Common/DerivedDataCache/Buckets/LegacyCARD/10/11/8c7314fb64057d0e582dae1ec6ddd6609bda.udd" 6239
"C:/Users/minls/AppData/Local/UnrealEngine/Common/DerivedDataCache/Buckets/LegacyNavCollision/68/d3/243198bc04bc828a20a712ad85735293daee.udd" 6240
"C:/Users/minls/AppData/Local/UnrealEngine/Common/DerivedDataCache/Buckets/StaticMesh/c4/93/32f144ee5b076c19f293c48fdcc6de1e463b.udd" 6241
"C:/Users/minls/AppData/Local/UnrealEngine/Common/DerivedDataCache/Buckets/LegacyDIST/0e/d3/40299249740b8b796486f9d352b5358320a4.udd" 6242
"C:/Users/minls/AppData/Local/UnrealEngine/Common/DerivedDataCache/Buckets/LegacyCARD/f3/fd/341b6e17806b5109632934c2912c478540f9.udd" 6243
"C:/Users/minls/AppData/Local/UnrealEngine/Common/DerivedDataCache/Buckets/StaticMesh/51/5d/5aa89ca4260ba5799b65e45621ca8002c272.udd" 6244
"C:/Users/minls/AppData/Local/UnrealEngine/Common/DerivedDataCache/Buckets/StaticMesh/c4/66/d95193ea0fda84fa377978999f0608090f56.udd" 6245
"C:/Users/minls/AppData/Local/UnrealEngine/Common/DerivedDataCache/Buckets/LegacyNavCollision/56/4e/5815267b1a12c2572c1cca32a836ccc4c37a.udd" 6246
"C:/Users/minls/AppData/Local/UnrealEngine/Common/DerivedDataCache/Buckets/LegacyDIST/d7/c7/a353f65a0300ca9e4b35d6e42e2f895903dd.udd" 6247
"C:/Users/minls/AppData/Local/UnrealEngine/Common/DerivedDataCache/Buckets/LegacyDIST/bc/1a/a8a9fa7395a360e0bdbe9a91e6f6976e9149.udd" 6248
"C:/Users/minls/AppData/Local/UnrealEngine/Common/DerivedDataCache/Buckets/LegacyCARD/0f/22/c5a96b559828bcf186b44ebe51c704de5e19.udd" 6249
"C:/Users/minls/AppData/Local/UnrealEngine/Common/DerivedDataCache/Buckets/LegacyCARD/db/21/656b7128f4506ed3e593039361bc1d9caf7a.udd" 6250
"C:/Users/minls/AppData/Local/UnrealEngine/Common/DerivedDataCache/Buckets/LegacyNavCollision/7c/20/aa24b7c1654f4992afd4e445eea5639ad950.udd" 6251
"C:/Users/minls/AppData/Local/UnrealEngine/Common/DerivedDataCache/Buckets/LegacyNavCollision/1f/64/1a3a7b5ff0a812c2f2a4c1908c3223452210.udd" 6252
"E:/Workspace_ISECONVI/ISECONVI/Content/3DTeamAsset/AssetsvilleTown/Meshes/StreetProps/SM_crate_3_set.uasset" 6253
"E:/Workspace_ISECONVI/ISECONVI/Content/3DTeamAsset/AssetsvilleTown/Meshes/StreetProps/SM_trash.uasset" 6254
"E:/Workspace_ISECONVI/ISECONVI/Content/3DTeamAsset/AssetsvilleTown/Meshes/StreetProps/SM_carton_box_2.uasset" 6255
"E:/Workspace_ISECONVI/ISECONVI/Content/3DTeamAsset/AssetsvilleTown/Materials/MI_ColorPalette.uasset" 6256
"E:/Workspace_ISECONVI/ISECONVI/Content/3DTeamAsset/AssetsvilleTown/Meshes/InteriorProps/House/SM_foodPizza.uasset" 6257
"E:/Workspace_ISECONVI/ISECONVI/Content/3DTeamAsset/AssetsvilleTown/Meshes/InteriorProps/House/SM_kitchenBreadBox.uasset" 6258
"E:/Workspace_ISECONVI/ISECONVI/Content/3DTeamAsset/AssetsvilleTown/Meshes/InteriorProps/House/SM_kitchenHanging_01.uasset" 6259
"E:/Workspace_ISECONVI/ISECONVI/Content/3DTeamAsset/AssetsvilleTown/Meshes/InteriorProps/House/SM_kitchenKnifeBox.uasset" 6260
"../../../../../Workspace_ISECONVI/ISECONVI/Content/3DTeamAsset/Architexture_CONVINI/ConvinienceStore_DoorG_L.uasset" 6261
"../../../../../Workspace_ISECONVI/ISECONVI/Content/3DTeamAsset/Architexture_CONVINI/ConvinienceStore_DoorG_R.uasset" 6262
"../../../../../Workspace_ISECONVI/ISECONVI/Content/3DTeamAsset/Architexture_CONVINI/ConvinienceStore_Glass_1.uasset" 6263
"../../../../../Workspace_ISECONVI/ISECONVI/Content/3DTeamAsset/Architexture_CONVINI/ConvinienceStore_Glass2.uasset" 6264
"E:/Workspace_ISECONVI/ISECONVI/Content/3DTeamAsset/AssetsvilleTown/Meshes/InteriorProps/House/SM_kitchenPot_02.uasset" 6265
"C:/Users/minls/AppData/Local/UnrealEngine/Common/DerivedDataCache/Buckets/MaterialShaderMap/2e/46/f92a94914afa2152b816b46c7c09b697855e.udd" 6266
"C:/Users/minls/AppData/Local/UnrealEngine/Common/DerivedDataCache/Buckets/MaterialShaderMap/73/48/548e2c6954240621e3b4e1192604286a9bd7.udd" 6267
"E:/Workspace_ISECONVI/ISECONVI/Content/3DTeamAsset/AssetsvilleTown/Meshes/StreetProps/SM_paint_set_1.uasset" 6268
"E:/Workspace_ISECONVI/ISECONVI/Content/3DTeamAsset/Fantastic_Village_Pack/materials/MI_wood_03.uasset" 6269
"E:/Workspace_ISECONVI/ISECONVI/Content/3DTeamAsset/Fantastic_Village_Pack/materials/MI_rooftiles_01.uasset" 6270
"E:/Workspace_ISECONVI/ISECONVI/Content/3DTeamAsset/Fantastic_Village_Pack/materials/MI_wall_02.uasset" 6271
"E:/Workspace_ISECONVI/ISECONVI/Content/3DTeamAsset/Fantastic_Village_Pack/materials/MI_wood_05.uasset" 6272
"C:/Users/minls/AppData/Local/UnrealEngine/Common/DerivedDataCache/Buckets/StaticMesh/b2/83/bc5c5d82c9947f515e744d02f7b2bcdcf3ba.udd" 6273
"C:/Users/minls/AppData/Local/UnrealEngine/Common/DerivedDataCache/Buckets/LegacyDIST/8d/5e/08dd043212c0f5defe1d96173f253d114b81.udd" 6274
"C:/Users/minls/AppData/Local/UnrealEngine/Common/DerivedDataCache/Buckets/LegacyCARD/6e/96/25cae6c81748f1fb0292673e9bc7b31794f1.udd" 6275
"E:/Workspace_ISECONVI/ISECONVI/Content/3DTeamAsset/Fantastic_Village_Pack/materials/MI_stonebrick_02.uasset" 6276
"C:/Users/minls/AppData/Local/UnrealEngine/Common/DerivedDataCache/Buckets/LegacyNavCollision/1f/17/5504b1b438c1f90a36b862b5d3d698b1c5c3.udd" 6277
"C:/Users/minls/AppData/Local/UnrealEngine/Common/DerivedDataCache/Buckets/StaticMesh/c3/e7/443c6830d6ffedff126c082adcc015bea861.udd" 6278
"E:/Workspace_ISECONVI/ISECONVI/Content/3DTeamAsset/Fantastic_Village_Pack/materials/MI_wood_planks_05.uasset" 6279
"C:/Users/minls/AppData/Local/UnrealEngine/Common/DerivedDataCache/Buckets/LegacyDIST/48/77/43a906e8e44cd8697df891d6bce177bdab75.udd" 6280
"C:/Users/minls/AppData/Local/UnrealEngine/Common/DerivedDataCache/Buckets/LegacyCARD/24/47/0d7f0d38b03851885c68a4d320d8058068db.udd" 6281
"E:/Workspace_ISECONVI/ISECONVI/Content/3DTeamAsset/Fantastic_Village_Pack/materials/MI_wood_planks_07.uasset" 6282
"C:/Users/minls/AppData/Local/UnrealEngine/Common/DerivedDataCache/Buckets/StaticMesh/e1/b0/83254a9960961192b7cfccbdb3a86c1cfe0e.udd" 6283
"C:/Users/minls/AppData/Local/UnrealEngine/Common/DerivedDataCache/Buckets/StaticMesh/c3/36/4d73fb5dac797e6254cc0597a651a584ab45.udd" 6284
"C:/Users/minls/AppData/Local/UnrealEngine/Common/DerivedDataCache/Buckets/StaticMesh/83/d8/6e9f93cfefc20d1d540db55eee91c8614968.udd" 6285
"C:/Users/minls/AppData/Local/UnrealEngine/Common/DerivedDataCache/Buckets/LegacyNavCollision/6f/b1/942df3f32f1210c38907d0ea0900984e120e.udd" 6286
"E:/Workspace_ISECONVI/ISECONVI/Content/3DTeamAsset/Fantastic_Village_Pack/materials/MI_wood_06.uasset" 6287
"C:/Users/minls/AppData/Local/UnrealEngine/Common/DerivedDataCache/Buckets/LegacyDIST/d8/3a/4e704b92326ffb52f9d0bec53f0b0acacae9.udd" 6288
"C:/Users/minls/AppData/Local/UnrealEngine/Common/DerivedDataCache/Buckets/LegacyDIST/8c/ae/78399a070f454a4da6d7f9f961549fa58f50.udd" 6289
"C:/Users/minls/AppData/Local/UnrealEngine/Common/DerivedDataCache/Buckets/LegacyCARD/a0/1b/c2bec50c988e6261b292ba553e7bb3b2e8ac.udd" 6290
"C:/Users/minls/AppData/Local/UnrealEngine/Common/DerivedDataCache/Buckets/LegacyCARD/a6/59/ecaa42da44e26ce877c43e21ee93e3a7ea82.udd" 6291
"C:/Users/minls/AppData/Local/UnrealEngine/Common/DerivedDataCache/Buckets/StaticMesh/95/09/2a6f29455cf2d2122b66a0e7f2883dd56be1.udd" 6292
"E:/Workspace_ISECONVI/ISECONVI/Content/3DTeamAsset/Fantastic_Village_Pack/materials/MI_metal_02.uasset" 6293
"C:/Users/minls/AppData/Local/UnrealEngine/Common/DerivedDataCache/Buckets/LegacyDIST/12/4e/30c766d3ebbac1f513ab0c9d92f43d2d3b35.udd" 6294
"C:/Users/minls/AppData/Local/UnrealEngine/Common/DerivedDataCache/Buckets/LegacyDIST/8d/8e/470a41a56dc8ddf11adc4617e47a8a596670.udd" 6295
"C:/Users/minls/AppData/Local/UnrealEngine/Common/DerivedDataCache/Buckets/LegacyCARD/da/c6/ae44ee62219488ef95282835b94559ef37f2.udd" 6296
"C:/Users/minls/AppData/Local/UnrealEngine/Common/DerivedDataCache/Buckets/LegacyCARD/1e/48/3a1f768c63c288e07e7537213ec72ed32fbc.udd" 6297
"E:/Workspace_ISECONVI/ISECONVI/Content/3DTeamAsset/Fantastic_Village_Pack/materials/MI_wood_planks_03.uasset" 6298
"C:/Users/minls/AppData/Local/UnrealEngine/Common/DerivedDataCache/Buckets/LegacyNavCollision/10/41/085092280171ed22b7325cd18fe2bb3dedbf.udd" 6299
"C:/Users/minls/AppData/Local/UnrealEngine/Common/DerivedDataCache/Buckets/LegacyNavCollision/96/39/808d6b5eb1b6fd86215a74d4b0e7c718123b.udd" 6300
"C:/Users/minls/AppData/Local/UnrealEngine/Common/DerivedDataCache/Buckets/StaticMesh/75/91/ceb56cade38d0acd45a47a25ddaa445fb753.udd" 6301
"E:/Workspace_ISECONVI/ISECONVI/Content/3DTeamAsset/Fantastic_Village_Pack/materials/MI_wood_planks_01.uasset" 6302
"C:/Users/minls/AppData/Local/UnrealEngine/Common/DerivedDataCache/Buckets/LegacyDIST/ee/a5/d5193f22399846216b590ea05cebe32f1dd1.udd" 6303
"C:/Users/minls/AppData/Local/UnrealEngine/Common/DerivedDataCache/Buckets/LegacyNavCollision/2b/53/e9d612050148cff03b3c577df22b7bbcbf46.udd" 6304
"C:/Users/minls/AppData/Local/UnrealEngine/Common/DerivedDataCache/Buckets/LegacyCARD/f6/3d/e848b23fb90a2dc9d53dda6bf7fb984d959d.udd" 6305
"C:/Users/minls/AppData/Local/UnrealEngine/Common/DerivedDataCache/Buckets/StaticMesh/bc/95/192c10be0ddcd9a2f43c9d5bcd3e22532d2d.udd" 6306
"E:/Workspace_ISECONVI/ISECONVI/Content/3DTeamAsset/Fantastic_Village_Pack/materials/MI_wood_planks_06.uasset" 6307
"C:/Users/minls/AppData/Local/UnrealEngine/Common/DerivedDataCache/Buckets/LegacyNavCollision/0d/44/d3b1c9786e7907f54a5a0373085000c312bb.udd" 6308
"C:/Users/minls/AppData/Local/UnrealEngine/Common/DerivedDataCache/Buckets/LegacyDIST/0b/a8/68d38f5f7e174b11902c736afe80f68a21f3.udd" 6309
"C:/Users/minls/AppData/Local/UnrealEngine/Common/DerivedDataCache/Buckets/LegacyCARD/73/1b/c3e249a137094867e3fa697cbafc0e5c4456.udd" 6310
"C:/Users/minls/AppData/Local/UnrealEngine/Common/DerivedDataCache/Buckets/LegacyNavCollision/0b/e9/708ce7a0197450d23cdc6c835e54537724d6.udd" 6311
"C:/Users/minls/AppData/Local/UnrealEngine/Common/DerivedDataCache/Buckets/StaticMesh/7c/a8/6eeac428b5db3e4cba54b33e5fef7388f5ff.udd" 6312
"E:/Workspace_ISECONVI/ISECONVI/Content/3DTeamAsset/Fantastic_Village_Pack/materials/MI_rooftiles_03.uasset" 6313
"C:/Users/minls/AppData/Local/UnrealEngine/Common/DerivedDataCache/Buckets/LegacyNavCollision/c5/ec/cdb1aa5a2320c513d39210ad4f0db52c0370.udd" 6314
"C:/Users/minls/AppData/Local/UnrealEngine/Common/DerivedDataCache/Buckets/LegacyDIST/d8/b9/b76a5516a04b4a5f3b776651b27ed7c289e6.udd" 6315
"C:/Users/minls/AppData/Local/UnrealEngine/Common/DerivedDataCache/Buckets/StaticMesh/13/a7/ad17a00515c50576abfdc98a037feee55b93.udd" 6316
"C:/Users/minls/AppData/Local/UnrealEngine/Common/DerivedDataCache/Buckets/LegacyCARD/db/8c/c039824e725cbe84ecc8eacf8bafbe86d84d.udd" 6317
"E:/Workspace_ISECONVI/ISECONVI/Content/3DTeamAsset/Fantastic_Village_Pack/materials/MI_ENV_stone.uasset" 6318
"C:/Users/minls/AppData/Local/UnrealEngine/Common/DerivedDataCache/Buckets/LegacyDIST/59/21/a4604f033a260779fb5b86df210c7ea75210.udd" 6319
"C:/Users/minls/AppData/Local/UnrealEngine/Common/DerivedDataCache/Buckets/LegacyCARD/68/69/cf0e128b13d844933eb9761fdabc27ed6435.udd" 6320
"C:/Users/minls/AppData/Local/UnrealEngine/Common/DerivedDataCache/Buckets/StaticMesh/7e/09/628ae39e397cf0b0dde8a0ceec8b71adc689.udd" 6321
"../../../../../Workspace_ISECONVI/ISECONVI/Content/3DTeamAsset/AssetsvilleTown/Meshes/StreetProps/SM_box.uasset" 6322
"../../../../../Workspace_ISECONVI/ISECONVI/Content/3DTeamAsset/AssetsvilleTown/Meshes/StreetProps/SM_box_tray.uasset" 6323
"C:/Users/minls/AppData/Local/UnrealEngine/Common/DerivedDataCache/Buckets/LegacyDIST/a4/82/b3c921bd30272e907a79dcb8c46e6a46b48f.udd" 6324
"C:/Users/minls/AppData/Local/UnrealEngine/Common/DerivedDataCache/Buckets/LegacyNavCollision/f6/a5/37950c088f844a531de6698bcd150c22fb27.udd" 6325
"../../../../../Workspace_ISECONVI/ISECONVI/Content/3DTeamAsset/AssetsvilleTown/Meshes/StreetProps/SM_carton_box.uasset" 6326
"C:/Users/minls/AppData/Local/UnrealEngine/Common/DerivedDataCache/Buckets/LegacyCARD/29/c3/31194e603e954d0bb07f53319a6cfea11be0.udd" 6327
"../../../../../Workspace_ISECONVI/ISECONVI/Content/3DTeamAsset/AssetsvilleTown/Meshes/StreetProps/SM_crate_3_set.uasset" 6328
"../../../../../Workspace_ISECONVI/ISECONVI/Content/3DTeamAsset/AssetsvilleTown/Meshes/StreetProps/SM_trash.uasset" 6329
"C:/Users/minls/AppData/Local/UnrealEngine/Common/DerivedDataCache/Buckets/LegacyNavCollision/f6/63/bcfca8752ee537e02075c2374c19c50e55b3.udd" 6330
"../../../../../Workspace_ISECONVI/ISECONVI/Content/3DTeamAsset/AssetsvilleTown/Meshes/StreetProps/SM_carton_box_2.uasset" 6331
"../../../../../Workspace_ISECONVI/ISECONVI/Content/3DTeamAsset/AssetsvilleTown/Meshes/InteriorProps/House/SM_foodPizza.uasset" 6332
"C:/Users/minls/AppData/Local/UnrealEngine/Common/DerivedDataCache/Buckets/LegacyNavCollision/fb/76/c3f2d40b937d93ad688efd6071168b6a67bd.udd" 6333
"../../../../../Workspace_ISECONVI/ISECONVI/Content/3DTeamAsset/AssetsvilleTown/Meshes/InteriorProps/House/SM_kitchenBreadBox.uasset" 6334
"../../../../../Workspace_ISECONVI/ISECONVI/Content/3DTeamAsset/AssetsvilleTown/Meshes/InteriorProps/House/SM_kitchenHanging_01.uasset" 6335
"../../../../../Workspace_ISECONVI/ISECONVI/Content/3DTeamAsset/AssetsvilleTown/Meshes/InteriorProps/House/SM_kitchenKnifeBox.uasset" 6336
"../../../../../Workspace_ISECONVI/ISECONVI/Content/3DTeamAsset/AssetsvilleTown/Meshes/InteriorProps/House/SM_kitchenPot_02.uasset" 6337
"C:/Users/minls/AppData/Local/UnrealEngine/Common/DerivedDataCache/Buckets/MaterialShaderMap/f4/7e/7188b1c5d23070e3bc1ae8a5660e916b2258.udd" 6338
"E:/Workspace_ISECONVI/ISECONVI/Content/3DTeamAsset/Fantastic_Village_Pack/materials/MI_wood_07.uasset" 6339
"C:/Users/minls/AppData/Local/UnrealEngine/Common/DerivedDataCache/Buckets/MaterialShaderMap/ce/c4/c081e7998e5b3f60b786f006ffcaa0f3f600.udd" 6340
"C:/Users/minls/AppData/Local/UnrealEngine/Common/DerivedDataCache/Buckets/StaticMesh/e0/5e/1bb259d568febf1b733196b5d0e7f91b9d48.udd" 6341
"E:/Workspace_ISECONVI/ISECONVI/Content/3DTeamAsset/Fantastic_Village_Pack/materials/MI_cloth_01.uasset" 6342
"C:/Users/minls/AppData/Local/UnrealEngine/Common/DerivedDataCache/Buckets/LegacyDIST/89/bb/c213fdb2d1a2ac25ebe7cb35abe5626e5cfc.udd" 6343
"C:/Users/minls/AppData/Local/UnrealEngine/Common/DerivedDataCache/Buckets/LegacyCARD/f1/d4/51eac2266d536cf8442456b9ada469ffddc4.udd" 6344
"E:/Workspace_ISECONVI/ISECONVI/Content/3DTeamAsset/Fantastic_Village_Pack/materials/MI_metal_01.uasset" 6345
"E:/Workspace_ISECONVI/ISECONVI/Content/3DTeamAsset/Fantastic_Village_Pack/materials/MI_wood_planks_02.uasset" 6346
"E:/Workspace_ISECONVI/ISECONVI/Content/3DTeamAsset/LandScapeSample/MI_Ground1.uasset" 6347
"E:/Workspace_ISECONVI/ISECONVI/Content/3DTeamAsset/Vehicle_Truck/MI_Aircon.uasset" 6348
"C:/Users/minls/AppData/Local/UnrealEngine/Common/DerivedDataCache/Buckets/LegacyNavCollision/25/68/ec312d923097cd2f42dcecc2375335cfa395.udd" 6349
"E:/Workspace_ISECONVI/ISECONVI/Content/3DTeamAsset/Vehicle_Truck/MI_BackLight.uasset" 6350
"E:/Workspace_ISECONVI/ISECONVI/Content/3DTeamAsset/Vehicle_Truck/Mesh/Truck_Door.uasset" 6351
"E:/Workspace_ISECONVI/ISECONVI/Content/3DTeamAsset/Vehicle_Truck/Mesh/Truck_Door_001.uasset" 6352
"E:/Workspace_ISECONVI/ISECONVI/Content/3DTeamAsset/Vehicle_Truck/MI_Cargo.uasset" 6353
"E:/Workspace_ISECONVI/ISECONVI/Content/3DTeamAsset/Vehicle_Truck/MI_Ears.uasset" 6354
"E:/Workspace_ISECONVI/ISECONVI/Content/3DTeamAsset/Vehicle_Truck/MI_Front.uasset" 6355
"E:/Workspace_ISECONVI/ISECONVI/Content/3DTeamAsset/Vehicle_Truck/MI_HeadLight.uasset" 6356
"E:/Workspace_ISECONVI/ISECONVI/Content/3DTeamAsset/Vehicle_Truck/MI_Num.uasset" 6357
"E:/Workspace_ISECONVI/ISECONVI/Content/3DTeamAsset/Vehicle_Truck/Mesh/Truck.uasset" 6358
"E:/Workspace_ISECONVI/ISECONVI/Content/3DTeamAsset/Vehicle_Truck/MI_Wheel.uasset" 6359
"E:/Workspace_ISECONVI/ISECONVI/Content/CartoonSkyShader/Materials/Landscape/MI_CartoonSky_Landscape.uasset" 6360
"E:/Workspace_ISECONVI/ISECONVI/Content/BattleSequence/TurnLogic/ST_TurnAction.uasset" 6361
"E:/Workspace_ISECONVI/ISECONVI/Content/3DTeamAsset/AssetsvilleTown/Materials/MI_planks_05_DarkRed.uasset" 6362
"E:/Workspace_ISECONVI/ISECONVI/Content/3DTeamAsset/AssetsvilleTown/Materials/MI_GroundTile.uasset" 6363
"E:/Workspace_ISECONVI/ISECONVI/Content/CartoonSkyShader/Materials/MaterialFunctions/Utility/MF_GradienBreakup.uasset" 6364
"../../../Engine/Content/Functions/Engine_MaterialFunctions01/Texturing/WorldAlignedTexture.uasset" 6365
"../../../Engine/Content/Functions/Engine_MaterialFunctions02/WorldAlignedNormals_HighQuality.uasset" 6366
"E:/Workspace_ISECONVI/ISECONVI/Content/3DTeamAsset/ProceduralBiomes/Materials/MaterialFunctions/MF_WindGust.uasset" 6367
"E:/Workspace_ISECONVI/ISECONVI/Content/3DTeamAsset/Fantastic_Village_Pack/materials/MI_wood_detail_01.uasset" 6368
"E:/Workspace_ISECONVI/ISECONVI/Content/3DTeamAsset/Fantastic_Village_Pack/materials/MI_PROP_signpost.uasset" 6369
"E:/Workspace_ISECONVI/ISECONVI/Content/3DTeamAsset/Fantastic_Village_Pack/materials/MI_PROP_paper.uasset" 6370
"E:/Workspace_ISECONVI/ISECONVI/Content/3DTeamAsset/Fantastic_Village_Pack/materials/MI_rope.uasset" 6371
"E:/Workspace_ISECONVI/ISECONVI/Content/3DTeamAsset/Fantastic_Village_Pack/materials/MI_PROP_signs.uasset" 6372
"E:/Workspace_ISECONVI/ISECONVI/Content/3DTeamAsset/Fantastic_Village_Pack/materials/MI_leather.uasset" 6373
"E:/Workspace_ISECONVI/ISECONVI/Content/3DTeamAsset/Fantastic_Village_Pack/materials/MI_PROP_food.uasset" 6374
"E:/Workspace_ISECONVI/ISECONVI/Content/3DTeamAsset/Fantastic_Village_Pack/materials/MI_ember.uasset" 6375
"../../../../../Workspace_ISECONVI/ISECONVI/Content/3DTeamAsset/AssetsvilleTown/Meshes/StreetProps/SM_paint_set_1.uasset" 6376
"C:/Users/minls/AppData/Local/UnrealEngine/Common/DerivedDataCache/Buckets/StaticMesh/db/0c/4cf11e1599d02cabab48bd0cce01aae69e50.udd" 6377
"C:/Users/minls/AppData/Local/UnrealEngine/Common/DerivedDataCache/Buckets/StaticMesh/10/97/866bddb0bd00c0867b341cde59d7d8181b8d.udd" 6378
"C:/Users/minls/AppData/Local/UnrealEngine/Common/DerivedDataCache/Buckets/StaticMesh/34/d8/362cc82198390a96e80c0354ef331c72e51b.udd" 6379
"C:/Users/minls/AppData/Local/UnrealEngine/Common/DerivedDataCache/Buckets/LegacyDIST/c9/e1/ea2180dcff39ec2e7c3f0d557dd5e34bcbec.udd" 6380
"C:/Users/minls/AppData/Local/UnrealEngine/Common/DerivedDataCache/Buckets/LegacyDIST/4f/67/fa6290925b918ddb3ee21abe9afb63c44a74.udd" 6381
"C:/Users/minls/AppData/Local/UnrealEngine/Common/DerivedDataCache/Buckets/LegacyDIST/78/9d/2768be7269982caa3cfb40edf40b33ec9a56.udd" 6382
"C:/Users/minls/AppData/Local/UnrealEngine/Common/DerivedDataCache/Buckets/LegacyCARD/03/4d/14e07726d0c42179199f81f22d3703926204.udd" 6383
"C:/Users/minls/AppData/Local/UnrealEngine/Common/DerivedDataCache/Buckets/LegacyCARD/3b/e8/b0ab456b14fca1b0f1d3b2f2d87295ecb2b1.udd" 6384
"C:/Users/minls/AppData/Local/UnrealEngine/Common/DerivedDataCache/Buckets/LegacyChaosGeometryData/2c/b9/e28c045328f16a8b54cc6ce1d91de4a83061.udd" 6385
"C:/Users/minls/AppData/Local/UnrealEngine/Common/DerivedDataCache/Buckets/LegacyCARD/3c/a0/e979e2e9afd2af43568d53c2293c42828170.udd" 6386
"C:/Users/minls/AppData/Local/UnrealEngine/Common/DerivedDataCache/Buckets/LegacyNavCollision/6c/f6/f7b805f6aacaf3236ce4026e1014ac3180c4.udd" 6387
"C:/Users/minls/AppData/Local/UnrealEngine/Common/DerivedDataCache/Buckets/LegacyNavCollision/11/b6/e0b098dab34cb37ac47ad24ed89ce921dcfd.udd" 6388
"C:/Users/minls/AppData/Local/UnrealEngine/Common/DerivedDataCache/Buckets/LegacyNavCollision/5d/b1/7098a0732e23794329e1da3b8dbe8910306e.udd" 6389
"E:/Workspace_ISECONVI/ISECONVI/Content/3DTeamAsset/Fantastic_Village_Pack/materials/MI_PROP_wood_log_burn.uasset" 6390
"E:/Workspace_ISECONVI/ISECONVI/Content/3DTeamAsset/ProceduralBiomes/Materials/MI_NorthernBg.uasset" 6391
"../../../Engine/Plugins/Bridge/Content/MSPresets/M_MS_Glass_Material/Functions/MF_FrameBlend.uasset" 6392
"E:/Workspace_ISECONVI/ISECONVI/Content/3DTeamAsset/Architecture_PyeonUIJeom/Final_ConvinienceStore.uasset" 6393
"E:/Workspace_ISECONVI/ISECONVI/Content/3DTeamAsset/Architecture_PyeonUIJeom/ConvinienceStore_re_Convinience_Store_001.uasset" 6394
"E:/Workspace_ISECONVI/ISECONVI/Content/3DTeamAsset/Architecture_PyeonUIJeom/ConvinienceStore_rere.uasset" 6395
"E:/Workspace_ISECONVI/ISECONVI/Content/3DTeamAsset/Architecture_PyeonUIJeom/LeftDoor.uasset" 6396
"E:/Workspace_ISECONVI/ISECONVI/Content/3DTeamAsset/Environment_DreamscapeSeries/SharedResources/Materials/Foliage/M_FoliageBillboard_Master.uasset" 6397
"E:/Workspace_ISECONVI/ISECONVI/Content/3DTeamAsset/Environment_DreamscapeSeries/SharedResources/Materials/MF/Common/MF_BaseMasked_Gradient_SSS.uasset" 6398
"E:/Workspace_ISECONVI/ISECONVI/Content/DreamscapeSeries/SharedResources/Materials/Foliage/M_FoliageBillboard_Master.uasset" 6399
"E:/Workspace_ISECONVI/ISECONVI/Content/DreamscapeSeries/SharedResources/Materials/MF/Common/MF_BaseMasked_Gradient_SSS.uasset" 6400
"E:/Workspace_ISECONVI/ISECONVI/Content/3DTeamAsset/Environment_DreamscapeSeries/SharedResources/Materials/Foliage/M_Grass_Master.uasset" 6401
"E:/Workspace_ISECONVI/ISECONVI/Content/CartoonSkyShader/Materials/MaterialFunctions/Clouds/ClodLayers/MF_CloudLayer_01.uasset" 6402
"E:/Workspace_ISECONVI/ISECONVI/Content/CartoonSkyShader/Materials/MaterialFunctions/Clouds/ClodLayers/MF_CloudLayer_02.uasset" 6403
"E:/Workspace_ISECONVI/ISECONVI/Content/CartoonSkyShader/Materials/MaterialFunctions/Clouds/ClodLayers/MF_CloudLayer_03.uasset" 6404
"E:/Workspace_ISECONVI/ISECONVI/Content/CartoonSkyShader/Materials/MaterialFunctions/Clouds/ClodLayers/MF_CloudLayer_04.uasset" 6405
"../../../../../Workspace_ISECONVI/ISECONVI/Content/3DTeamAsset/Vehicle_Truck/Mesh/Truck_Door.uasset" 6406
"../../../../../Workspace_ISECONVI/ISECONVI/Content/3DTeamAsset/Vehicle_Truck/Mesh/Truck_Door_001.uasset" 6407
"../../../../../Workspace_ISECONVI/ISECONVI/Content/3DTeamAsset/Vehicle_Truck/Mesh/Truck.uasset" 6408
"E:/Workspace_ISECONVI/ISECONVI/Content/3DTeamAsset/Architecture_ModuleHouse/Moudule_House_Door_001.uasset" 6409
"E:/Workspace_ISECONVI/ISECONVI/Content/3DTeamAsset/Architecture_ModuleHouse/Moudule_House_Floor_Hight_Half_001.uasset" 6410
"E:/Workspace_ISECONVI/ISECONVI/Content/3DTeamAsset/Architecture_ModuleHouse/Moudule_House_Floor_Middle_001.uasset" 6411
"E:/Workspace_ISECONVI/ISECONVI/Content/3DTeamAsset/Architecture_ModuleHouse/Moudule_House_Floor_High_001.uasset" 6412
"E:/Workspace_ISECONVI/ISECONVI/Content/3DTeamAsset/Architecture_ModuleHouse/Moudule_House_FloorSupport_Low_001.uasset" 6413
"E:/Workspace_ISECONVI/ISECONVI/Content/3DTeamAsset/Architecture_ModuleHouse/Moudule_House_Pillar_1_Base_001.uasset" 6414
"E:/Workspace_ISECONVI/ISECONVI/Content/3DTeamAsset/Architecture_ModuleHouse/Moudule_House_Pillar_1_001.uasset" 6415
"E:/Workspace_ISECONVI/ISECONVI/Content/3DTeamAsset/Architecture_ModuleHouse/Moudule_House_Pillar_3_Base_001.uasset" 6416
"E:/Workspace_ISECONVI/ISECONVI/Content/3DTeamAsset/Architecture_ModuleHouse/Moudule_House_Pillar_4_Base_001.uasset" 6417
"E:/Workspace_ISECONVI/ISECONVI/Content/3DTeamAsset/Architecture_ModuleHouse/Moudule_House_Roof_Corner_1_001.uasset" 6418
"C:/Users/minls/AppData/Local/UnrealEngine/Common/DerivedDataCache/Buckets/StaticMesh/73/78/8ced3ad563e44f363961e0b584b53f52bd3a.udd" 6419
"C:/Users/minls/AppData/Local/UnrealEngine/Common/DerivedDataCache/Buckets/StaticMesh/71/21/5c8a91191bb8b24ca8c114caa38a758f1b4d.udd" 6420
"C:/Users/minls/AppData/Local/UnrealEngine/Common/DerivedDataCache/Buckets/StaticMesh/f2/61/36220a5f308515a288753aca3a6724896346.udd" 6421
"E:/Workspace_ISECONVI/ISECONVI/Content/3DTeamAsset/Architecture_ModuleHouse/Moudule_House_Roof_Corner_2_001.uasset" 6422
"C:/Users/minls/AppData/Local/UnrealEngine/Common/DerivedDataCache/Buckets/LegacyDIST/c8/34/cd8e385c18736e30eaee30b76259e5982d47.udd" 6423
"C:/Users/minls/AppData/Local/UnrealEngine/Common/DerivedDataCache/Buckets/LegacyDIST/e8/e0/a7e558b39d4a530b89b30807b588d23ab4db.udd" 6424
"C:/Users/minls/AppData/Local/UnrealEngine/Common/DerivedDataCache/Buckets/LegacyDIST/6c/b4/83f0a7187997a8476f0b04904d84252c77c8.udd" 6425
"C:/Users/minls/AppData/Local/UnrealEngine/Common/DerivedDataCache/Buckets/LegacyCARD/1b/8c/952e175e9d014fb17e06021f20a76a0ad19e.udd" 6426
"C:/Users/minls/AppData/Local/UnrealEngine/Common/DerivedDataCache/Buckets/LegacyChaosGeometryData/e2/0a/ff748eb9d9c7ee7454048f1c67c52e8f1ecd.udd" 6427
"C:/Users/minls/AppData/Local/UnrealEngine/Common/DerivedDataCache/Buckets/LegacyCARD/8e/e4/778af5fbd7a619c7d876bc9f03a84ee2f616.udd" 6428
"C:/Users/minls/AppData/Local/UnrealEngine/Common/DerivedDataCache/Buckets/LegacyCARD/53/26/895c851da4a9df503b3ef293510f6f7f95c3.udd" 6429
"C:/Users/minls/AppData/Local/UnrealEngine/Common/DerivedDataCache/Buckets/LegacyChaosGeometryData/b5/d6/b92e84208f27227e2b3e715382f5bb2f40d1.udd" 6430
"C:/Users/minls/AppData/Local/UnrealEngine/Common/DerivedDataCache/Buckets/StaticMesh/f1/59/6439687f212328f56d362f70c289c79eb28a.udd" 6431
"E:/Workspace_ISECONVI/ISECONVI/Content/3DTeamAsset/Architecture_ModuleHouse/Moudule_House_Roof_Corner_Tip_001.uasset" 6432
"C:/Users/minls/AppData/Local/UnrealEngine/Common/DerivedDataCache/Buckets/LegacyChaosGeometryData/b6/4d/b9de60dc91d4bda55c466d851c2e3ac2a36c.udd" 6433
"C:/Users/minls/AppData/Local/UnrealEngine/Common/DerivedDataCache/Buckets/LegacyNavCollision/a2/6b/e235a635dea95da4f9adc6d9ff9aebe69882.udd" 6434
"C:/Users/minls/AppData/Local/UnrealEngine/Common/DerivedDataCache/Buckets/LegacyNavCollision/ab/d3/bd75fad9d06336e2299cf49430ccfc7d1970.udd" 6435
"C:/Users/minls/AppData/Local/UnrealEngine/Common/DerivedDataCache/Buckets/LegacyDIST/78/62/cfb0fa71fd18a0ce4b439a2d9574e274d447.udd" 6436
"C:/Users/minls/AppData/Local/UnrealEngine/Common/DerivedDataCache/Buckets/LegacyCARD/13/1d/977a11aba579deaa92d50041ac70c1cfcdee.udd" 6437
"C:/Users/minls/AppData/Local/UnrealEngine/Common/DerivedDataCache/Buckets/LegacyNavCollision/10/c0/afe2c003b2f3f80844e3a21bed2dd2fbf742.udd" 6438
"C:/Users/minls/AppData/Local/UnrealEngine/Common/DerivedDataCache/Buckets/LegacyNavCollision/f0/a3/f6cfa1b5548e2eb9f27698cfe58425dd9219.udd" 6439
"E:/Workspace_ISECONVI/ISECONVI/Content/3DTeamAsset/Architecture_ModuleHouse/Moudule_House_Roof_Eave_001.uasset" 6440
"E:/Workspace_ISECONVI/ISECONVI/Content/3DTeamAsset/Architecture_ModuleHouse/Moudule_House_Roof_Eave_L_001.uasset" 6441
"E:/Workspace_ISECONVI/ISECONVI/Content/3DTeamAsset/Architecture_ModuleHouse/Moudule_House_Roof_Eave_R_001.uasset" 6442
"E:/Workspace_ISECONVI/ISECONVI/Content/3DTeamAsset/Architecture_ModuleHouse/Moudule_House_Roof_PillarTop_Half_001.uasset" 6443
"../../../../../Workspace_ISECONVI/ISECONVI/Content/3DTeamAsset/Architecture_PyeonUIJeom/Final_ConvinienceStore.uasset" 6444
"C:/Users/minls/AppData/Local/UnrealEngine/Common/DerivedDataCache/Buckets/StaticMesh/a0/a3/8dfd5c148ad46d88cd92fede95167c990c93.udd" 6445
"../../../../../Workspace_ISECONVI/ISECONVI/Content/3DTeamAsset/Architecture_PyeonUIJeom/ConvinienceStore_re_Convinience_Store_001.uasset" 6446
"../../../../../Workspace_ISECONVI/ISECONVI/Content/3DTeamAsset/Architecture_PyeonUIJeom/ConvinienceStore_rere.uasset" 6447
"../../../../../Workspace_ISECONVI/ISECONVI/Content/3DTeamAsset/Architecture_PyeonUIJeom/LeftDoor.uasset" 6448
"C:/Users/minls/AppData/Local/UnrealEngine/Common/DerivedDataCache/Buckets/LegacyDIST/84/80/bf30e916b1d2065389c89369fad936ef5129.udd" 6449
"C:/Users/minls/AppData/Local/UnrealEngine/Common/DerivedDataCache/Buckets/LegacyCARD/72/2b/a6e755cc794b3173a717263325f411d66656.udd" 6450
"C:/Users/minls/AppData/Local/UnrealEngine/Common/DerivedDataCache/Buckets/LegacyNavCollision/0c/fe/8aa8fa75df60e75ea626927432adfb14fdeb.udd" 6451
"../../../../../Workspace_ISECONVI/ISECONVI/Content/3DTeamAsset/Architecture_ModuleHouse/Moudule_House_Door_001.uasset" 6452
"C:/Users/minls/AppData/Local/UnrealEngine/Common/DerivedDataCache/Buckets/MaterialShaderMap/a6/be/60c26e98c5f937228b116a8facc98ee45a57.udd" 6453
"C:/Users/minls/AppData/Local/UnrealEngine/Common/DerivedDataCache/Buckets/MaterialShaderMap/ea/bb/f4fe003c97ac0f9235d260288fb8dd1de5eb.udd" 6454
"E:/Workspace_ISECONVI/ISECONVI/Content/3DTeamAsset/Architecture_ModuleHouse/Moudule_House_Roof_PillaTop_Long_001.uasset" 6455
"C:/Users/minls/AppData/Local/UnrealEngine/Common/DerivedDataCache/Buckets/StaticMesh/71/ad/bbdeee55d376fcd3073fa83d0df2628697c5.udd" 6456
"E:/Workspace_ISECONVI/ISECONVI/Content/3DTeamAsset/Architecture_ModuleHouse/Moudule_House_Roof_Plain_001.uasset" 6457
"C:/Users/minls/AppData/Local/UnrealEngine/Common/DerivedDataCache/Buckets/LegacyDIST/cc/0e/e1a6ede7cf896c7119ada10ac25837c4f487.udd" 6458
"C:/Users/minls/AppData/Local/UnrealEngine/Common/DerivedDataCache/Buckets/LegacyCARD/5b/f3/0f26faf05d46ca7672637f2b3031b9b23f71.udd" 6459
"C:/Users/minls/AppData/Local/UnrealEngine/Common/DerivedDataCache/Buckets/LegacyNavCollision/19/8c/5bb4d8fba026494bcd487e311726060cf1f8.udd" 6460
"E:/Workspace_ISECONVI/ISECONVI/Content/3DTeamAsset/Architecture_ModuleHouse/Moudule_House_Roof_Plain_L_001.uasset" 6461
"C:/Users/minls/AppData/Local/UnrealEngine/Common/DerivedDataCache/Buckets/StaticMesh/71/87/f311d9fbb136bb85c79f40ce072b1d28bd66.udd" 6462
"C:/Users/minls/AppData/Local/UnrealEngine/Common/DerivedDataCache/Buckets/StaticMesh/71/11/07ff2319a2b935645d96ed2e9ec946aba365.udd" 6463
"E:/Workspace_ISECONVI/ISECONVI/Content/3DTeamAsset/Architecture_ModuleHouse/Moudule_House_Roof_Plain_R_001.uasset" 6464
"C:/Users/minls/AppData/Local/UnrealEngine/Common/DerivedDataCache/Buckets/LegacyDIST/67/ec/e33b1e3815a53f60759426882b4a0843e222.udd" 6465
"C:/Users/minls/AppData/Local/UnrealEngine/Common/DerivedDataCache/Buckets/LegacyDIST/eb/43/d99c3c935c2c2d6a26330b476e6026e4b483.udd" 6466
"C:/Users/minls/AppData/Local/UnrealEngine/Common/DerivedDataCache/Buckets/LegacyCARD/bb/c1/5dd11da832fa79b38e8793a984f0b95b5b9f.udd" 6467
"C:/Users/minls/AppData/Local/UnrealEngine/Common/DerivedDataCache/Buckets/LegacyCARD/70/cc/9428ffa663e7f90f86e0c7e7f5b284b3bec5.udd" 6468
"C:/Users/minls/AppData/Local/UnrealEngine/Common/DerivedDataCache/Buckets/LegacyNavCollision/e5/79/4689903bf08c8fd29484fb72183ca7975e7c.udd" 6469
"C:/Users/minls/AppData/Local/UnrealEngine/Common/DerivedDataCache/Buckets/StaticMesh/4b/00/d236ad7f67a3bcf1c1f2971d3821d0abaeb3.udd" 6470
"E:/Workspace_ISECONVI/ISECONVI/Content/3DTeamAsset/Architecture_ModuleHouse/Moudule_House_Support_Low_001.uasset" 6471
"C:/Users/minls/AppData/Local/UnrealEngine/Common/DerivedDataCache/Buckets/LegacyNavCollision/54/3f/dbf56036df40517a798d60d636cfc6b53731.udd" 6472
"C:/Users/minls/AppData/Local/UnrealEngine/Common/DerivedDataCache/Buckets/LegacyDIST/4e/29/dd073ca11704cac1fd8d7697e64b2ba24304.udd" 6473
"C:/Users/minls/AppData/Local/UnrealEngine/Common/DerivedDataCache/Buckets/LegacyCARD/e0/08/4b3063bc5bfc0cef9cbd21da1f62645c4a7b.udd" 6474
"C:/Users/minls/AppData/Local/UnrealEngine/Common/DerivedDataCache/Buckets/LegacyNavCollision/b2/7a/d05ee019fb9bc46923f4ad1ac2b24a73625e.udd" 6475
"E:/Workspace_ISECONVI/ISECONVI/Content/3DTeamAsset/Architecture_ModuleHouse/Moudule_House_Wall_Base_001.uasset" 6476
"C:/Users/minls/AppData/Local/UnrealEngine/Common/DerivedDataCache/Buckets/StaticMesh/b7/1e/be21cbd860d3bec2e63240b6d33b8e22de56.udd" 6477
"C:/Users/minls/AppData/Local/UnrealEngine/Common/DerivedDataCache/Buckets/StaticMesh/f7/39/059637f4d4b7740da740a7652cbf43232a37.udd" 6478
"E:/Workspace_ISECONVI/ISECONVI/Content/3DTeamAsset/Architecture_ModuleHouse/Moudule_House_Wall_Base_Half_001.uasset" 6479
"C:/Users/minls/AppData/Local/UnrealEngine/Common/DerivedDataCache/Buckets/LegacyDIST/42/c9/f7c73eb3fa207fab48dc4cf7910c1dacafbb.udd" 6480
"C:/Users/minls/AppData/Local/UnrealEngine/Common/DerivedDataCache/Buckets/LegacyCARD/52/b5/ed8d8b80ea0372cfa8e089e5e560f7ba6e50.udd" 6481
"C:/Users/minls/AppData/Local/UnrealEngine/Common/DerivedDataCache/Buckets/LegacyDIST/6c/cb/67d0a99944548dfb1958404a75ee743786b8.udd" 6482
"C:/Users/minls/AppData/Local/UnrealEngine/Common/DerivedDataCache/Buckets/LegacyCARD/66/00/943a6bdf371df81623fa77ef5e1b7ae527cf.udd" 6483
"C:/Users/minls/AppData/Local/UnrealEngine/Common/DerivedDataCache/Buckets/StaticMesh/96/00/7737645826f6438d738f2e87acc2b3db71c0.udd" 6484
"C:/Users/minls/AppData/Local/UnrealEngine/Common/DerivedDataCache/Buckets/LegacyNavCollision/81/64/5365be7ef6a4ffe092101880859e711aa282.udd" 6485
"C:/Users/minls/AppData/Local/UnrealEngine/Common/DerivedDataCache/Buckets/LegacyNavCollision/0f/7a/3501e7328ea113f1bd4f16e814a4c00dbfa1.udd" 6486
"C:/Users/minls/AppData/Local/UnrealEngine/Common/DerivedDataCache/Buckets/LegacyDIST/1c/b2/95f308aaeb27dc8594c5d2f050674993f3d7.udd" 6487
"E:/Workspace_ISECONVI/ISECONVI/Content/3DTeamAsset/Architecture_ModuleHouse/Moudule_House_Wall_BaseDiag_3_001.uasset" 6488
"C:/Users/minls/AppData/Local/UnrealEngine/Common/DerivedDataCache/Buckets/LegacyCARD/75/a9/c094c13a54ebf875a77c70b5247e29474b6e.udd" 6489
"C:/Users/minls/AppData/Local/UnrealEngine/Common/DerivedDataCache/Buckets/StaticMesh/59/09/f0375f195ab8e65a470bda5113d959db4520.udd" 6490
"C:/Users/minls/AppData/Local/UnrealEngine/Common/DerivedDataCache/Buckets/LegacyNavCollision/2b/42/64e5b0eec0dd1c29ec535a5fe88c8d7033c8.udd" 6491
"E:/Workspace_ISECONVI/ISECONVI/Content/3DTeamAsset/Architecture_ModuleHouse/Moudule_House_Wall_BaseDiag_4_001.uasset" 6492
"C:/Users/minls/AppData/Local/UnrealEngine/Common/DerivedDataCache/Buckets/LegacyDIST/6b/ad/dfc3f25bf44dcd91a48f342ba6b83210c6c9.udd" 6493
"C:/Users/minls/AppData/Local/UnrealEngine/Common/DerivedDataCache/Buckets/LegacyCARD/b0/0d/3484249299808fc8f29b1fed0d1ce4be6a5f.udd" 6494
"C:/Users/minls/AppData/Local/UnrealEngine/Common/DerivedDataCache/Buckets/StaticMesh/41/a2/6b51e82dd95b5dac1f412a364ddf1b8f0238.udd" 6495
"E:/Workspace_ISECONVI/ISECONVI/Content/3DTeamAsset/Architecture_ModuleHouse/Moudule_House_Wall_BaseDiag_5_001.uasset" 6496
"C:/Users/minls/AppData/Local/UnrealEngine/Common/DerivedDataCache/Buckets/LegacyDIST/c5/30/0f0ef95acdbdd31c5b00830d493a245c6e3b.udd" 6497
"C:/Users/minls/AppData/Local/UnrealEngine/Common/DerivedDataCache/Buckets/LegacyNavCollision/ff/14/8ebf36edaf38799ca844380311377526460f.udd" 6498
"C:/Users/minls/AppData/Local/UnrealEngine/Common/DerivedDataCache/Buckets/LegacyCARD/d5/6a/a82ac1236542cb2d5fbd1fc59e0b9ecf3e5d.udd" 6499
"C:/Users/minls/AppData/Local/UnrealEngine/Common/DerivedDataCache/Buckets/StaticMesh/79/39/65d150c19ba3b0818811b5eda3cdc79be878.udd" 6500
"E:/Workspace_ISECONVI/ISECONVI/Content/3DTeamAsset/Architecture_ModuleHouse/Moudule_House_Wall_BaseSup_001.uasset" 6501
"C:/Users/minls/AppData/Local/UnrealEngine/Common/DerivedDataCache/Buckets/LegacyNavCollision/0c/e4/0a9ac828c7a135d6ed1514c904746ee70839.udd" 6502
"C:/Users/minls/AppData/Local/UnrealEngine/Common/DerivedDataCache/Buckets/LegacyDIST/9b/d9/8a16c583b89605a0ec928cdfd0a74f1f3099.udd" 6503
"C:/Users/minls/AppData/Local/UnrealEngine/Common/DerivedDataCache/Buckets/StaticMesh/7f/16/a0590cd272c11b52aeae1700490e133d92e7.udd" 6504
"E:/Workspace_ISECONVI/ISECONVI/Content/3DTeamAsset/Architecture_ModuleHouse/Moudule_House_Wall_BaseSup_Half_001.uasset" 6505
"C:/Users/minls/AppData/Local/UnrealEngine/Common/DerivedDataCache/Buckets/LegacyCARD/53/d0/ee35febbb40e2ee5b575abe48a52ad111011.udd" 6506
"C:/Users/minls/AppData/Local/UnrealEngine/Common/DerivedDataCache/Buckets/LegacyDIST/a1/88/eec4680a398f1acc10b88302e8820caa36b4.udd" 6507
"C:/Users/minls/AppData/Local/UnrealEngine/Common/DerivedDataCache/Buckets/LegacyCARD/c4/54/224abb7c08ac384c7fe6963019af5b3dfffd.udd" 6508
"C:/Users/minls/AppData/Local/UnrealEngine/Common/DerivedDataCache/Buckets/StaticMesh/de/bb/ecd7059f4763139a02176dd75d452176d0b7.udd" 6509
"E:/Workspace_ISECONVI/ISECONVI/Content/3DTeamAsset/Architecture_ModuleHouse/Moudule_House_Wall_BaseSupDiag_1_001.uasset" 6510
"C:/Users/minls/AppData/Local/UnrealEngine/Common/DerivedDataCache/Buckets/LegacyNavCollision/0d/6d/008e39f159febddc0469ceee1476ef396968.udd" 6511
"C:/Users/minls/AppData/Local/UnrealEngine/Common/DerivedDataCache/Buckets/LegacyDIST/05/b4/6db663c79799278ecf4d7be29789248f6768.udd" 6512
"C:/Users/minls/AppData/Local/UnrealEngine/Common/DerivedDataCache/Buckets/LegacyNavCollision/ee/d2/c582ff46483a1e736e0065ead12d1f53a8de.udd" 6513
"C:/Users/minls/AppData/Local/UnrealEngine/Common/DerivedDataCache/Buckets/LegacyCARD/56/32/c44cc06d2aae910e804a3e0497930cbb6d2a.udd" 6514
"E:/Workspace_ISECONVI/ISECONVI/Content/3DTeamAsset/Architecture_ModuleHouse/Moudule_House_Wall_BaseSupDiag_2_001.uasset" 6515
"C:/Users/minls/AppData/Local/UnrealEngine/Common/DerivedDataCache/Buckets/LegacyNavCollision/6b/da/766cb5b87377c2b42a450b9f6b6bcf6f9892.udd" 6516
"C:/Users/minls/AppData/Local/UnrealEngine/Common/DerivedDataCache/Buckets/StaticMesh/55/88/cca6824a00bb236c3b1ecfad2ebcd7439b63.udd" 6517
"C:/Users/minls/AppData/Local/UnrealEngine/Common/DerivedDataCache/Buckets/StaticMesh/01/63/f772dfff23d90d006bd69779dd63a6ee3dd5.udd" 6518
"E:/Workspace_ISECONVI/ISECONVI/Content/3DTeamAsset/Architecture_ModuleHouse/Moudule_House_Wall_BaseSupDiag_3_001.uasset" 6519
"C:/Users/minls/AppData/Local/UnrealEngine/Common/DerivedDataCache/Buckets/LegacyDIST/31/9c/3dc5af0fe6b671beaf196184129b42a94a20.udd" 6520
"C:/Users/minls/AppData/Local/UnrealEngine/Common/DerivedDataCache/Buckets/LegacyDIST/ed/be/6d4754ad17f3b2df6120233ab3f006341c25.udd" 6521
"C:/Users/minls/AppData/Local/UnrealEngine/Common/DerivedDataCache/Buckets/LegacyCARD/2d/58/4e6b66bba91e6ee76a7ded58f63ffaf9ce36.udd" 6522
"C:/Users/minls/AppData/Local/UnrealEngine/Common/DerivedDataCache/Buckets/LegacyCARD/3d/06/26c43f43d0a375661fbd77becb98fafb1f04.udd" 6523
"C:/Users/minls/AppData/Local/UnrealEngine/Common/DerivedDataCache/Buckets/StaticMesh/12/fc/cffa30d1c44d12854743ae66bc9e60c8f98a.udd" 6524
"E:/Workspace_ISECONVI/ISECONVI/Content/3DTeamAsset/Architecture_ModuleHouse/Moudule_House_Wall_BaseWin_001.uasset" 6525
"C:/Users/minls/AppData/Local/UnrealEngine/Common/DerivedDataCache/Buckets/LegacyNavCollision/b8/77/df2ef1be4e9051643aacf57ac1c0c1827672.udd" 6526
"C:/Users/minls/AppData/Local/UnrealEngine/Common/DerivedDataCache/Buckets/LegacyDIST/67/f0/07198aa090c455b96ba537050e085cdea579.udd" 6527
"C:/Users/minls/AppData/Local/UnrealEngine/Common/DerivedDataCache/Buckets/LegacyCARD/75/e6/b88f8a70ef186e50ea2dded5ce6ab568d1d9.udd" 6528
"C:/Users/minls/AppData/Local/UnrealEngine/Common/DerivedDataCache/Buckets/LegacyNavCollision/cf/46/3117f14ca2463b81a2c51043d0075d938602.udd" 6529
"C:/Users/minls/AppData/Local/UnrealEngine/Common/DerivedDataCache/Buckets/StaticMesh/40/8b/5b3d9fd02115bea9e29b22ff868ef40f4af2.udd" 6530
"E:/Workspace_ISECONVI/ISECONVI/Content/3DTeamAsset/Architecture_ModuleHouse/Moudule_House_Wall_BaseWinSup_2_001.uasset" 6531
"C:/Users/minls/AppData/Local/UnrealEngine/Common/DerivedDataCache/Buckets/LegacyDIST/70/4e/7712951c30f06a536ee7a6ecc029d903dc00.udd" 6532
"C:/Users/minls/AppData/Local/UnrealEngine/Common/DerivedDataCache/Buckets/LegacyNavCollision/0e/7c/87e453136e72e107c87b289989aa3eaebaf2.udd" 6533
"C:/Users/minls/AppData/Local/UnrealEngine/Common/DerivedDataCache/Buckets/LegacyCARD/15/55/2ea0d37e5a67bdd10ea51fef0a0d6e6963c6.udd" 6534
"C:/Users/minls/AppData/Local/UnrealEngine/Common/DerivedDataCache/Buckets/StaticMesh/2b/89/6e36de16f230cae93af70a6ac7a0b08a3230.udd" 6535
"C:/Users/minls/AppData/Local/UnrealEngine/Common/DerivedDataCache/Buckets/LegacyNavCollision/04/8c/8d799d648b0e0b6b30c9b79e551a218e6aa0.udd" 6536
"E:/Workspace_ISECONVI/ISECONVI/Content/3DTeamAsset/Architecture_ModuleHouse/Moudule_House_Wall_BaseWinSup_3_001.uasset" 6537
"C:/Users/minls/AppData/Local/UnrealEngine/Common/DerivedDataCache/Buckets/LegacyDIST/3b/2b/10e85ed1ca1a9629091bce6be27d4fcc8382.udd" 6538
"C:/Users/minls/AppData/Local/UnrealEngine/Common/DerivedDataCache/Buckets/LegacyCARD/19/32/65f1f1100ec181002d2d4b08dea1cf51afc3.udd" 6539
"C:/Users/minls/AppData/Local/UnrealEngine/Common/DerivedDataCache/Buckets/StaticMesh/94/bf/b06589db2f1284c079112c8d5b60335e7cc3.udd" 6540
"C:/Users/minls/AppData/Local/UnrealEngine/Common/DerivedDataCache/Buckets/LegacyNavCollision/93/5c/ba0198a4c95813f740bebc216f8fd2e17292.udd" 6541
"E:/Workspace_ISECONVI/ISECONVI/Content/3DTeamAsset/Architecture_ModuleHouse/Moudule_House_Wall_Diag_5_001.uasset" 6542
"C:/Users/minls/AppData/Local/UnrealEngine/Common/DerivedDataCache/Buckets/LegacyDIST/dd/fb/569c0264d00115c7f13eeeac4252ef2239de.udd" 6543
"C:/Users/minls/AppData/Local/UnrealEngine/Common/DerivedDataCache/Buckets/LegacyCARD/79/f5/ba6ae0b2137fbd798489291cef6792e35d7f.udd" 6544
"C:/Users/minls/AppData/Local/UnrealEngine/Common/DerivedDataCache/Buckets/StaticMesh/c4/3b/2fa66004334cbd72e8f627b3a4dbf9e6a087.udd" 6545
"C:/Users/minls/AppData/Local/UnrealEngine/Common/DerivedDataCache/Buckets/LegacyNavCollision/ea/76/38a74934ef1cd3d461d22cddc3216a53f038.udd" 6546
"E:/Workspace_ISECONVI/ISECONVI/Content/3DTeamAsset/Architecture_ModuleHouse/Moudule_House_Wall_Sup_001.uasset" 6547
"C:/Users/minls/AppData/Local/UnrealEngine/Common/DerivedDataCache/Buckets/LegacyDIST/49/ea/75990f9d2fe39d47d94a7bf6a8769ae6a5ca.udd" 6548
"C:/Users/minls/AppData/Local/UnrealEngine/Common/DerivedDataCache/Buckets/LegacyCARD/e4/20/84a40ac5b7e235e4f1f0fb0dfe7989abd82a.udd" 6549
"C:/Users/minls/AppData/Local/UnrealEngine/Common/DerivedDataCache/Buckets/StaticMesh/9c/3a/983539a1262f1beeeef4623e99d07c549f6e.udd" 6550
"E:/Workspace_ISECONVI/ISECONVI/Content/3DTeamAsset/Architecture_ModuleHouse/Moudule_House_Wall_Sup_Half_001.uasset" 6551
"C:/Users/minls/AppData/Local/UnrealEngine/Common/DerivedDataCache/Buckets/LegacyNavCollision/c9/90/ea94b3c3d37d52e668e0a7bcb4a2b35deab2.udd" 6552
"C:/Users/minls/AppData/Local/UnrealEngine/Common/DerivedDataCache/Buckets/LegacyDIST/cd/62/c7e861bb4e46336ea07f6b74943bc0983c8c.udd" 6553
"C:/Users/minls/AppData/Local/UnrealEngine/Common/DerivedDataCache/Buckets/LegacyCARD/93/24/5ab7716ac642f09ce7efd3747ae51d485c28.udd" 6554
"C:/Users/minls/AppData/Local/UnrealEngine/Common/DerivedDataCache/Buckets/StaticMesh/52/ae/c4f496c12015f65d6f387210de482a8d7ecd.udd" 6555
"E:/Workspace_ISECONVI/ISECONVI/Content/3DTeamAsset/Architecture_ModuleHouse/Moudule_House_Wall_SupDiag_1_001.uasset" 6556
"C:/Users/minls/AppData/Local/UnrealEngine/Common/DerivedDataCache/Buckets/LegacyNavCollision/2f/97/87b20f0dba6e66a8781d8b8a117d927a3f2a.udd" 6557
"C:/Users/minls/AppData/Local/UnrealEngine/Common/DerivedDataCache/Buckets/LegacyDIST/5c/7a/38ab5cb6a8f0ccb7f2ff96ffa8362ac76ea3.udd" 6558
"C:/Users/minls/AppData/Local/UnrealEngine/Common/DerivedDataCache/Buckets/LegacyCARD/0f/f8/29c6983d33cef74c17b252c67c8e0417dbdc.udd" 6559
"C:/Users/minls/AppData/Local/UnrealEngine/Common/DerivedDataCache/Buckets/StaticMesh/4f/84/1d3c51d3b694574f049e0c3eddafbad5db04.udd" 6560
"E:/Workspace_ISECONVI/ISECONVI/Content/3DTeamAsset/Architecture_ModuleHouse/Moudule_House_Wall_SupDiag_2_001.uasset" 6561
"C:/Users/minls/AppData/Local/UnrealEngine/Common/DerivedDataCache/Buckets/LegacyNavCollision/88/94/f8548ced64a1f031cc25af0f3f1cff361c68.udd" 6562
"C:/Users/minls/AppData/Local/UnrealEngine/Common/DerivedDataCache/Buckets/LegacyDIST/39/f0/d4c0d7acb40c7f44ac4ffe44cfbe93676f2a.udd" 6563
"C:/Users/minls/AppData/Local/UnrealEngine/Common/DerivedDataCache/Buckets/LegacyCARD/c8/dd/1dba7458d1950098c5b785a32074e3bac3a5.udd" 6564
"C:/Users/minls/AppData/Local/UnrealEngine/Common/DerivedDataCache/Buckets/LegacyNavCollision/99/ac/7d8c81117ed1ce3f6031712d9dd28efeb1a3.udd" 6565
"C:/Users/minls/AppData/Local/UnrealEngine/Common/DerivedDataCache/Buckets/StaticMesh/96/5b/435c7ab57f73aa1e0e971d3457b652af4285.udd" 6566
"E:/Workspace_ISECONVI/ISECONVI/Content/3DTeamAsset/Architecture_ModuleHouse/Moudule_House_Wall_SupDiag_3_001.uasset" 6567
"C:/Users/minls/AppData/Local/UnrealEngine/Common/DerivedDataCache/Buckets/LegacyDIST/80/06/94ff8465030b0095989fc4068b009b71fd02.udd" 6568
"C:/Users/minls/AppData/Local/UnrealEngine/Common/DerivedDataCache/Buckets/LegacyCARD/5a/24/eb61968d429c76660d548f8ef55c91a02fa0.udd" 6569
"C:/Users/minls/AppData/Local/UnrealEngine/Common/DerivedDataCache/Buckets/StaticMesh/92/0d/4b4c6cab80032ad5ace5b8f1bdec20b90d11.udd" 6570
"C:/Users/minls/AppData/Local/UnrealEngine/Common/DerivedDataCache/Buckets/LegacyNavCollision/ca/4d/b02c81e37ad041000b2e5eeba6c40bf28fd1.udd" 6571
"E:/Workspace_ISECONVI/ISECONVI/Content/3DTeamAsset/Architecture_ModuleHouse/Moudule_House_Wall_SupDiag_5_001.uasset" 6572
"C:/Users/minls/AppData/Local/UnrealEngine/Common/DerivedDataCache/Buckets/LegacyDIST/a9/10/c010dd142688ac58b51828fdcc1a280934fe.udd" 6573
"C:/Users/minls/AppData/Local/UnrealEngine/Common/DerivedDataCache/Buckets/LegacyCARD/a7/f5/e5f47c0efece388039b5fc1e6c058d1e374f.udd" 6574
"C:/Users/minls/AppData/Local/UnrealEngine/Common/DerivedDataCache/Buckets/StaticMesh/85/54/9746a6e2cbe630210666ccb5d05e8a963c74.udd" 6575
"E:/Workspace_ISECONVI/ISECONVI/Content/3DTeamAsset/Architecture_ModuleHouse/Moudule_House_Wall_Tri_L_1_001.uasset" 6576
"C:/Users/minls/AppData/Local/UnrealEngine/Common/DerivedDataCache/Buckets/LegacyNavCollision/70/ad/5527a562e7124e7c16ad6a0020653915e38e.udd" 6577
"C:/Users/minls/AppData/Local/UnrealEngine/Common/DerivedDataCache/Buckets/LegacyDIST/4a/af/e4e561545f86eebe6f7475a2ad74ebfad6a4.udd" 6578
"C:/Users/minls/AppData/Local/UnrealEngine/Common/DerivedDataCache/Buckets/LegacyCARD/f7/1f/115279bb5c39c1618257f5113353bc8a433c.udd" 6579
"C:/Users/minls/AppData/Local/UnrealEngine/Common/DerivedDataCache/Buckets/StaticMesh/a6/bb/d07d37ca289bbecfa4d6411cadce5fe36df4.udd" 6580
"E:/Workspace_ISECONVI/ISECONVI/Content/3DTeamAsset/Architecture_ModuleHouse/Moudule_House_Wall_Tri_L_3_001.uasset" 6581
"C:/Users/minls/AppData/Local/UnrealEngine/Common/DerivedDataCache/Buckets/LegacyNavCollision/9b/34/34fee550729489f708bdd2358dc850bacb7f.udd" 6582
"C:/Users/minls/AppData/Local/UnrealEngine/Common/DerivedDataCache/Buckets/LegacyDIST/0d/b7/8165ba167b4caf095bdf541e5151beddc1ef.udd" 6583
"C:/Users/minls/AppData/Local/UnrealEngine/Common/DerivedDataCache/Buckets/LegacyCARD/ba/3a/4f6046f90586a2cc4e3bd2ba8658f9f58492.udd" 6584
"C:/Users/minls/AppData/Local/UnrealEngine/Common/DerivedDataCache/Buckets/StaticMesh/90/be/9af5615d332f5583562c053b84b9f0da54c4.udd" 6585
"C:/Users/minls/AppData/Local/UnrealEngine/Common/DerivedDataCache/Buckets/LegacyNavCollision/fc/e7/4b08f8ddc6e4ba349afa11236dcbd67a05b6.udd" 6586
"C:/Users/minls/AppData/Local/UnrealEngine/Common/DerivedDataCache/Buckets/LegacyDIST/dd/a8/e6528aa88a6756420dcba9dccc8e5fd1c99f.udd" 6587
"E:/Workspace_ISECONVI/ISECONVI/Content/3DTeamAsset/Architecture_ModuleHouse/Moudule_House_Wall_Tri_L_4_001.uasset" 6588
"C:/Users/minls/AppData/Local/UnrealEngine/Common/DerivedDataCache/Buckets/LegacyCARD/41/f7/ed5e358148be36c27b3f34d768a5dac39ca3.udd" 6589
"C:/Users/minls/AppData/Local/UnrealEngine/Common/DerivedDataCache/Buckets/LegacyNavCollision/41/98/60c600b77f9d8d97292be21f8a09806b4363.udd" 6590
"C:/Users/minls/AppData/Local/UnrealEngine/Common/DerivedDataCache/Buckets/StaticMesh/3f/43/7d0e2520230059aba1a4ddd8c973489067c7.udd" 6591
"E:/Workspace_ISECONVI/ISECONVI/Content/3DTeamAsset/Architecture_ModuleHouse/Moudule_House_Wall_Tri_R_1_001.uasset" 6592
"C:/Users/minls/AppData/Local/UnrealEngine/Common/DerivedDataCache/Buckets/LegacyDIST/bf/c3/aa3f2954e91df4343aa96843da954a0f5958.udd" 6593
"C:/Users/minls/AppData/Local/UnrealEngine/Common/DerivedDataCache/Buckets/LegacyCARD/d9/64/ee1c0355d58dec09a8f21937f707d086b8d9.udd" 6594
"E:/Workspace_ISECONVI/ISECONVI/Content/3DTeamAsset/Architecture_ModuleHouse/Moudule_House_Wall_Tri_R_3_001.uasset" 6595
"C:/Users/minls/AppData/Local/UnrealEngine/Common/DerivedDataCache/Buckets/StaticMesh/67/61/93ac3448001ce29b68077a948628432dcc86.udd" 6596
"C:/Users/minls/AppData/Local/UnrealEngine/Common/DerivedDataCache/Buckets/LegacyNavCollision/c6/be/e3e754e696721d1540d1f5491bdd4ed4d9f2.udd" 6597
"C:/Users/minls/AppData/Local/UnrealEngine/Common/DerivedDataCache/Buckets/LegacyDIST/51/58/ce62169d9c1d56c9b2676c7bfe133ac43e88.udd" 6598
"C:/Users/minls/AppData/Local/UnrealEngine/Common/DerivedDataCache/Buckets/LegacyCARD/9e/16/e290cbe48842d3e842995c61e591de1f9326.udd" 6599
"C:/Users/minls/AppData/Local/UnrealEngine/Common/DerivedDataCache/Buckets/StaticMesh/bd/18/d5af8044c242c276637f05505de955bc4376.udd" 6600
"E:/Workspace_ISECONVI/ISECONVI/Content/3DTeamAsset/Architecture_ModuleHouse/Moudule_House_Wall_Tri_R_4_001.uasset" 6601
"C:/Users/minls/AppData/Local/UnrealEngine/Common/DerivedDataCache/Buckets/LegacyDIST/a1/17/1bc3a281b239d45ced198616ceaafca230be.udd" 6602
"C:/Users/minls/AppData/Local/UnrealEngine/Common/DerivedDataCache/Buckets/LegacyNavCollision/90/aa/8e636e875aee82c18f69a2f85a22010afb2e.udd" 6603
"C:/Users/minls/AppData/Local/UnrealEngine/Common/DerivedDataCache/Buckets/LegacyCARD/58/7f/bf37cacff1349149711fca732f121351a189.udd" 6604
"C:/Users/minls/AppData/Local/UnrealEngine/Common/DerivedDataCache/Buckets/StaticMesh/aa/b9/22a26c76f7703078b89dcab561ad53563aa6.udd" 6605
"E:/Workspace_ISECONVI/ISECONVI/Content/3DTeamAsset/Architecture_ModuleHouse/Moudule_House_Wall_WinSup_2_001.uasset" 6606
"C:/Users/minls/AppData/Local/UnrealEngine/Common/DerivedDataCache/Buckets/LegacyNavCollision/d0/84/55ad9a93cb7bcda0b7a6bbc4a206d4d770c9.udd" 6607
"C:/Users/minls/AppData/Local/UnrealEngine/Common/DerivedDataCache/Buckets/LegacyDIST/ab/98/16ceb4a9a96c6191ce2d2afc510a206b9e25.udd" 6608
"C:/Users/minls/AppData/Local/UnrealEngine/Common/DerivedDataCache/Buckets/LegacyCARD/dc/91/692e503c00e34736923edf4890d82ada1f2d.udd" 6609
"C:/Users/minls/AppData/Local/UnrealEngine/Common/DerivedDataCache/Buckets/StaticMesh/cd/99/660151d96841daf1217152709e735968e55b.udd" 6610
"C:/Users/minls/AppData/Local/UnrealEngine/Common/DerivedDataCache/Buckets/LegacyNavCollision/6a/58/4671074cd93f38a6773a6e3ae7d7799457ec.udd" 6611
"../../../../../Workspace_ISECONVI/ISECONVI/Content/3DTeamAsset/Architecture_ModuleHouse/Moudule_House_Floor_High_001.uasset" 6612
"C:/Users/minls/AppData/Local/UnrealEngine/Common/DerivedDataCache/Buckets/LegacyDIST/29/45/8d565b13f0797b402a6568e47133bd6e0961.udd" 6613
"../../../../../Workspace_ISECONVI/ISECONVI/Content/3DTeamAsset/Architecture_ModuleHouse/Moudule_House_Floor_Hight_Half_001.uasset" 6614
"../../../../../Workspace_ISECONVI/ISECONVI/Content/3DTeamAsset/Architecture_ModuleHouse/Moudule_House_Floor_Middle_001.uasset" 6615
"C:/Users/minls/AppData/Local/UnrealEngine/Common/DerivedDataCache/Buckets/LegacyCARD/81/5d/63c2a943c0e2d18a2d1fd23a6cb89b7d0bb8.udd" 6616
"../../../../../Workspace_ISECONVI/ISECONVI/Content/3DTeamAsset/Architecture_ModuleHouse/Moudule_House_FloorSupport_Low_001.uasset" 6617
"../../../../../Workspace_ISECONVI/ISECONVI/Content/3DTeamAsset/Architecture_ModuleHouse/Moudule_House_Pillar_1_001.uasset" 6618
"../../../../../Workspace_ISECONVI/ISECONVI/Content/3DTeamAsset/Architecture_ModuleHouse/Moudule_House_Pillar_1_Base_001.uasset" 6619
"../../../../../Workspace_ISECONVI/ISECONVI/Content/3DTeamAsset/Architecture_ModuleHouse/Moudule_House_Pillar_3_Base_001.uasset" 6620
"C:/Users/minls/AppData/Local/UnrealEngine/Common/DerivedDataCache/Buckets/LegacyNavCollision/44/f8/b480bd69fed6f515e4a6e290b5106f3d48bd.udd" 6621
"../../../../../Workspace_ISECONVI/ISECONVI/Content/3DTeamAsset/Architecture_ModuleHouse/Moudule_House_Pillar_4_Base_001.uasset" 6622
"../../../../../Workspace_ISECONVI/ISECONVI/Content/3DTeamAsset/Architecture_ModuleHouse/Moudule_House_Roof_Corner_1_001.uasset" 6623
"../../../../../Workspace_ISECONVI/ISECONVI/Content/3DTeamAsset/Architecture_ModuleHouse/Moudule_House_Roof_Corner_2_001.uasset" 6624
"../../../../../Workspace_ISECONVI/ISECONVI/Content/3DTeamAsset/Architecture_ModuleHouse/Moudule_House_Roof_Corner_Tip_001.uasset" 6625
"../../../../../Workspace_ISECONVI/ISECONVI/Content/3DTeamAsset/Architecture_ModuleHouse/Moudule_House_Roof_Eave_001.uasset" 6626
"../../../../../Workspace_ISECONVI/ISECONVI/Content/3DTeamAsset/Architecture_ModuleHouse/Moudule_House_Roof_Eave_L_001.uasset" 6627
"../../../../../Workspace_ISECONVI/ISECONVI/Content/3DTeamAsset/Architecture_ModuleHouse/Moudule_House_Roof_Eave_R_001.uasset" 6628
"../../../../../Workspace_ISECONVI/ISECONVI/Content/3DTeamAsset/Architecture_ModuleHouse/Moudule_House_Roof_PillarTop_Half_001.uasset" 6629
"../../../../../Workspace_ISECONVI/ISECONVI/Content/3DTeamAsset/Architecture_ModuleHouse/Moudule_House_Roof_PillaTop_Long_001.uasset" 6630
"../../../../../Workspace_ISECONVI/ISECONVI/Content/3DTeamAsset/Architecture_ModuleHouse/Moudule_House_Roof_Plain_001.uasset" 6631
"../../../../../Workspace_ISECONVI/ISECONVI/Content/3DTeamAsset/Architecture_ModuleHouse/Moudule_House_Roof_Plain_L_001.uasset" 6632
"../../../../../Workspace_ISECONVI/ISECONVI/Content/3DTeamAsset/Architecture_ModuleHouse/Moudule_House_Roof_Plain_R_001.uasset" 6633
"../../../../../Workspace_ISECONVI/ISECONVI/Content/3DTeamAsset/Architecture_ModuleHouse/Moudule_House_Support_Low_001.uasset" 6634
"../../../../../Workspace_ISECONVI/ISECONVI/Content/3DTeamAsset/Architecture_ModuleHouse/Moudule_House_Wall_Base_001.uasset" 6635
"../../../../../Workspace_ISECONVI/ISECONVI/Content/3DTeamAsset/Architecture_ModuleHouse/Moudule_House_Wall_Base_Half_001.uasset" 6636
"../../../../../Workspace_ISECONVI/ISECONVI/Content/3DTeamAsset/Architecture_ModuleHouse/Moudule_House_Wall_BaseDiag_3_001.uasset" 6637
"../../../../../Workspace_ISECONVI/ISECONVI/Content/3DTeamAsset/Architecture_ModuleHouse/Moudule_House_Wall_BaseDiag_4_001.uasset" 6638
"../../../../../Workspace_ISECONVI/ISECONVI/Content/3DTeamAsset/Architecture_ModuleHouse/Moudule_House_Wall_BaseDiag_5_001.uasset" 6639
"../../../../../Workspace_ISECONVI/ISECONVI/Content/3DTeamAsset/Architecture_ModuleHouse/Moudule_House_Wall_BaseSup_001.uasset" 6640
"../../../../../Workspace_ISECONVI/ISECONVI/Content/3DTeamAsset/Architecture_ModuleHouse/Moudule_House_Wall_BaseSup_Half_001.uasset" 6641
"../../../../../Workspace_ISECONVI/ISECONVI/Content/3DTeamAsset/Architecture_ModuleHouse/Moudule_House_Wall_BaseSupDiag_1_001.uasset" 6642
"../../../../../Workspace_ISECONVI/ISECONVI/Content/3DTeamAsset/Architecture_ModuleHouse/Moudule_House_Wall_BaseSupDiag_2_001.uasset" 6643
"../../../../../Workspace_ISECONVI/ISECONVI/Content/3DTeamAsset/Architecture_ModuleHouse/Moudule_House_Wall_BaseSupDiag_3_001.uasset" 6644
"../../../../../Workspace_ISECONVI/ISECONVI/Content/3DTeamAsset/Architecture_ModuleHouse/Moudule_House_Wall_BaseWin_001.uasset" 6645
"../../../../../Workspace_ISECONVI/ISECONVI/Content/3DTeamAsset/Architecture_ModuleHouse/Moudule_House_Wall_BaseWinSup_2_001.uasset" 6646
"E:/Workspace_ISECONVI/ISECONVI/Content/3DTeamAsset/Architecture_ModuleHouse/Moudule_House_Window_001.uasset" 6647
"E:/Workspace_ISECONVI/ISECONVI/Content/StarterContent/Particles/P_Explosion.uasset" 6648
"E:/Workspace_ISECONVI/ISECONVI/Content/3DTeamAsset/PN_MeadowFlowers/Materials/MaterialFunctions/PN_MultiBend.uasset" 6649
"E:/Workspace_ISECONVI/ISECONVI/Content/BattleSequence/UI/WBP_ActionUI_ToolTip.uasset" 6650
"E:/Workspace_ISECONVI/ISECONVI/Content/3DTeamAsset/ProceduralBiomes/Materials/MI_Conifer_Bill03.uasset" 6651
"E:/Workspace_ISECONVI/ISECONVI/Content/3DTeamAsset/ProceduralBiomes/Materials/MI_Conifer_Bill02.uasset" 6652
"C:/Users/minls/AppData/Local/UnrealEngine/Common/DerivedDataCache/Buckets/StaticMesh/0d/5c/d201345ee64981d84ee641bd42474ce200a6.udd" 6653
"C:/Users/minls/AppData/Local/UnrealEngine/Common/DerivedDataCache/Buckets/LegacyDIST/05/f6/e77596f36aeec85ce13d59ff8255e11c5edc.udd" 6654
"C:/Users/minls/AppData/Local/UnrealEngine/Common/DerivedDataCache/Buckets/LegacyCARD/83/8b/3e5e4be0880dd522b1d7c21959315a5926eb.udd" 6655
"C:/Users/minls/AppData/Local/UnrealEngine/Common/DerivedDataCache/Buckets/LegacyNavCollision/6d/dc/4411cf32793984d853d33603dc027d7841ae.udd" 6656
"C:/Users/minls/AppData/Local/UnrealEngine/Common/DerivedDataCache/Buckets/StaticMesh/fc/3b/d24e26e1eb557294f48e1b94d3ebc8d82a5e.udd" 6657
"C:/Users/minls/AppData/Local/UnrealEngine/Common/DerivedDataCache/Buckets/StaticMesh/ae/9a/326ff16d91978af3cf547bb3431bb71beb90.udd" 6658
"E:/Workspace_ISECONVI/ISECONVI/Content/BattleSequence/Camara/BP_CameraMain.uasset" 6659
"C:/Users/minls/AppData/Local/UnrealEngine/Common/DerivedDataCache/Buckets/LegacyDIST/9c/80/7c276d5b7222f4aa8ff84519f648c5eb330c.udd" 6660
"C:/Users/minls/AppData/Local/UnrealEngine/Common/DerivedDataCache/Buckets/LegacyDIST/29/40/f00ed87a25605629f766a6db73283835e44a.udd" 6661
"C:/Users/minls/AppData/Local/UnrealEngine/Common/DerivedDataCache/Buckets/LegacyCARD/3e/30/0289c91b28daa7a68a1985fbda6933298b38.udd" 6662
"C:/Users/minls/AppData/Local/UnrealEngine/Common/DerivedDataCache/Buckets/LegacyCARD/1f/f8/6ed94c0ae9df7febc365959537f991f9eba8.udd" 6663
"C:/Users/minls/AppData/Local/UnrealEngine/Common/DerivedDataCache/Buckets/StaticMesh/7c/55/699281a9a97f813ba99e96e5208a2bb11b07.udd" 6664
"C:/Users/minls/AppData/Local/UnrealEngine/Common/DerivedDataCache/Buckets/LegacyDIST/88/d3/7e4523b3fc635e7ce408e64b86afd7a75210.udd" 6665
"C:/Users/minls/AppData/Local/UnrealEngine/Common/DerivedDataCache/Buckets/LegacyNavCollision/a5/79/089a86f5cf5f8c3f91e76b039b0e8b109b85.udd" 6666
"C:/Users/minls/AppData/Local/UnrealEngine/Common/DerivedDataCache/Buckets/LegacyNavCollision/97/a7/3c533988dd057c349bd66c84ec8c1efad163.udd" 6667
"C:/Users/minls/AppData/Local/UnrealEngine/Common/DerivedDataCache/Buckets/LegacyCARD/f6/f4/edce7083e864526f0382bf27aea085b3f55c.udd" 6668
"E:/Workspace_ISECONVI/ISECONVI/Content/BusinessSequence/Showcase/BP_BusinessCameraMain.uasset" 6669
"C:/Users/minls/AppData/Local/UnrealEngine/Common/DerivedDataCache/Buckets/StaticMesh/ad/5b/2d63afab603c7593c8f673f1267a6b1a7b63.udd" 6670
"../../../Engine/Plugins/Interchange/Runtime/Content/gltf/MaterialFunctions/MF_Normals.uasset" 6671
"C:/Users/minls/AppData/Local/UnrealEngine/Common/DerivedDataCache/Buckets/StaticMesh/3a/86/87dea1b3cab71387e6a3acb65a8d4fae517d.udd" 6672
"C:/Users/minls/AppData/Local/UnrealEngine/Common/DerivedDataCache/Buckets/LegacyDIST/8f/c0/33d4d3baf642db30f24a80642b4c84739f10.udd" 6673
"C:/Users/minls/AppData/Local/UnrealEngine/Common/DerivedDataCache/Buckets/LegacyNavCollision/d3/88/b3703bd95b43e8b339edfc290ccfdfa086fb.udd" 6674
"C:/Users/minls/AppData/Local/UnrealEngine/Common/DerivedDataCache/Buckets/LegacyDIST/ce/43/1be1a0639c6a906d8db984649ab760edd8c5.udd" 6675
"C:/Users/minls/AppData/Local/UnrealEngine/Common/DerivedDataCache/Buckets/LegacyCARD/51/a1/7ff75ff1039c387da561508972ce585d3f25.udd" 6676
"C:/Users/minls/AppData/Local/UnrealEngine/Common/DerivedDataCache/Buckets/StaticMesh/5c/2e/1824a24d4c00350419c2929cc0c39917b921.udd" 6677
"C:/Users/minls/AppData/Local/UnrealEngine/Common/DerivedDataCache/Buckets/LegacyCARD/ab/42/d35275aa0c75d29135c3b10aebcd196cc40e.udd" 6678
"C:/Users/minls/AppData/Local/UnrealEngine/Common/DerivedDataCache/Buckets/LegacyNavCollision/55/66/bbc03e73b631ab7c5aa1ece85d6f2e5f94e2.udd" 6679
"C:/Users/minls/AppData/Local/UnrealEngine/Common/DerivedDataCache/Buckets/LegacyDIST/36/e8/95a5d028c551986bd7e4471ae5a8ba3cff39.udd" 6680
"C:/Users/minls/AppData/Local/UnrealEngine/Common/DerivedDataCache/Buckets/LegacyNavCollision/12/33/8ec69f77a852d7ad57a5e2b86f1a23c1a484.udd" 6681
"../../../Engine/Plugins/Interchange/Runtime/Content/gltf/MaterialFunctions/MF_Clearcoat.uasset" 6682
"C:/Users/minls/AppData/Local/UnrealEngine/Common/DerivedDataCache/Buckets/LegacyCARD/83/6b/70b7fc3690c285d53f0f170960e876f1fb22.udd" 6683
"C:/Users/minls/AppData/Local/UnrealEngine/Common/DerivedDataCache/Buckets/StaticMesh/5f/b6/0a1e7a8305f5fe1349939952e2386baff0c8.udd" 6684
"C:/Users/minls/AppData/Local/UnrealEngine/Common/DerivedDataCache/Buckets/StaticMesh/49/11/f0c22f74b73f96696c0fce626b64e4af5f4a.udd" 6685
"C:/Users/minls/AppData/Local/UnrealEngine/Common/DerivedDataCache/Buckets/LegacyDIST/7f/6b/f642d3520e2c4bf8d01740d73ed1f00d9082.udd" 6686
"C:/Users/minls/AppData/Local/UnrealEngine/Common/DerivedDataCache/Buckets/LegacyNavCollision/08/91/e9977130bc2060bd192b97cc8a411040cf11.udd" 6687
"C:/Users/minls/AppData/Local/UnrealEngine/Common/DerivedDataCache/Buckets/LegacyDIST/ae/20/33be69a6505e390adf118be4f66065a0a0d6.udd" 6688
"C:/Users/minls/AppData/Local/UnrealEngine/Common/DerivedDataCache/Buckets/LegacyCARD/ea/f5/b1ef90f50da8870f5daf1918295114526a4e.udd" 6689
"C:/Users/minls/AppData/Local/UnrealEngine/Common/DerivedDataCache/Buckets/LegacyCARD/72/bc/87cbd4ac50c390cf28f8c6f8fef00afb2029.udd" 6690
"C:/Users/minls/AppData/Local/UnrealEngine/Common/DerivedDataCache/Buckets/StaticMesh/6b/43/6771e443a18934bfa375f8e4dda78b25a29e.udd" 6691
"C:/Users/minls/AppData/Local/UnrealEngine/Common/DerivedDataCache/Buckets/LegacyNavCollision/70/a5/fbe3a1cf089f681f097af86d9e6a42171af7.udd" 6692
"C:/Users/minls/AppData/Local/UnrealEngine/Common/DerivedDataCache/Buckets/LegacyDIST/c8/ac/32094ecf38e0c6d87532a980ddf7d693bbfb.udd" 6693
"C:/Users/minls/AppData/Local/UnrealEngine/Common/DerivedDataCache/Buckets/StaticMesh/f3/ae/9fd8233664171cc62a87acfc3e9fcb5cd973.udd" 6694
"C:/Users/minls/AppData/Local/UnrealEngine/Common/DerivedDataCache/Buckets/LegacyNavCollision/b6/c6/8f65cae24c57423a0e01be96e5d57b741438.udd" 6695
"C:/Users/minls/AppData/Local/UnrealEngine/Common/DerivedDataCache/Buckets/StaticMesh/61/81/ab8f3e5dff4eaa6be292aba41da797febeca.udd" 6696
"C:/Users/minls/AppData/Local/UnrealEngine/Common/DerivedDataCache/Buckets/LegacyCARD/cc/9a/9ad19baa13d8141bd8b6900d5e87a28e96d2.udd" 6697
"C:/Users/minls/AppData/Local/UnrealEngine/Common/DerivedDataCache/Buckets/LegacyDIST/55/3a/4f1050c1777842a5457b459e2e89c3709b1b.udd" 6698
"C:/Users/minls/AppData/Local/UnrealEngine/Common/DerivedDataCache/Buckets/LegacyDIST/7f/e3/761b18431eafad35410ce90b19bc68f20acf.udd" 6699
"C:/Users/minls/AppData/Local/UnrealEngine/Common/DerivedDataCache/Buckets/LegacyCARD/f9/6e/a6c6d4e9252b9be506b7230a39b7751fd61d.udd" 6700
"C:/Users/minls/AppData/Local/UnrealEngine/Common/DerivedDataCache/Buckets/LegacyCARD/b7/77/56f298f5dc369dbc76cab58033a7413e6f6a.udd" 6701
"C:/Users/minls/AppData/Local/UnrealEngine/Common/DerivedDataCache/Buckets/LegacyNavCollision/71/13/2ed88151599a8284f724161c5c9063ab81ab.udd" 6702
"C:/Users/minls/AppData/Local/UnrealEngine/Common/DerivedDataCache/Buckets/LegacyNavCollision/31/db/c620667010ade12fa4086ec476833f2dc03e.udd" 6703
"C:/Users/minls/AppData/Local/UnrealEngine/Common/DerivedDataCache/Buckets/StaticMesh/66/f4/fb720edae1bdfe68b8f4f138b60647623bb3.udd" 6704
"C:/Users/minls/AppData/Local/UnrealEngine/Common/DerivedDataCache/Buckets/LegacyNavCollision/7a/02/65c3747b3fb2d0fc2be46cb978a31d549326.udd" 6705
"C:/Users/minls/AppData/Local/UnrealEngine/Common/DerivedDataCache/Buckets/LegacyDIST/ab/b4/040d4986650ddc2bf7fdc58da691d35f4de3.udd" 6706
"../../../Engine/Plugins/Interchange/Runtime/Content/gltf/M_Unlit.uasset" 6707
"C:/Users/minls/AppData/Local/UnrealEngine/Common/DerivedDataCache/Buckets/LegacyCARD/98/58/3a7715e087fa69b2a0d718514fbf3a062f12.udd" 6708
"C:/Users/minls/AppData/Local/UnrealEngine/Common/DerivedDataCache/Buckets/LegacyNavCollision/b0/43/288c2eaf723d5c8cbff277495a99135e2f48.udd" 6709
"C:/Users/minls/AppData/Local/UnrealEngine/Common/DerivedDataCache/Buckets/StaticMesh/90/2e/ff35b63dec731b3e8e3e4d17537123ff6039.udd" 6710
"../../../Engine/Plugins/Interchange/Runtime/Content/Materials/ThinTranslucentMaterial.uasset" 6711
"C:/Users/minls/AppData/Local/UnrealEngine/Common/DerivedDataCache/Buckets/LegacyDIST/f4/74/1bbe93be11f73820147943b2c676ce7ad2d1.udd" 6712
"C:/Users/minls/AppData/Local/UnrealEngine/Common/DerivedDataCache/Buckets/LegacyCARD/0e/47/88694440b7373bbac092c834c460f106b96a.udd" 6713
"C:/Users/minls/AppData/Local/UnrealEngine/Common/DerivedDataCache/Buckets/LegacyNavCollision/b0/c2/b18b557fb01dc953aaaf6cbfa7de0d438857.udd" 6714
"C:/Users/minls/AppData/Local/UnrealEngine/Common/DerivedDataCache/Buckets/StaticMesh/b1/71/8951b8dc2e51d2b3469267e38d9950de9e81.udd" 6715
"C:/Users/minls/AppData/Local/UnrealEngine/Common/DerivedDataCache/Buckets/LegacyDIST/4d/f9/c0cdd795ff62069c896f3347ee3d1f0de09f.udd" 6716
"../../../Engine/Plugins/Interchange/Runtime/Content/Materials/SubsurfaceMaterial.uasset" 6717
"C:/Users/minls/AppData/Local/UnrealEngine/Common/DerivedDataCache/Buckets/LegacyCARD/b3/6b/146a4e437de840a5c5484556ef804c76f827.udd" 6718
"C:/Users/minls/AppData/Local/UnrealEngine/Common/DerivedDataCache/Buckets/StaticMesh/1c/2d/1a78e66df105b726a66c49a0409f85d4bd8e.udd" 6719
"C:/Users/minls/AppData/Local/UnrealEngine/Common/DerivedDataCache/Buckets/LegacyDIST/f3/f5/710aa8191da51b8b9e8640421d9f2ad0bb59.udd" 6720
"C:/Users/minls/AppData/Local/UnrealEngine/Common/DerivedDataCache/Buckets/LegacyNavCollision/21/b1/6a9458721f80ca760242eeec5357d3134318.udd" 6721
"C:/Users/minls/AppData/Local/UnrealEngine/Common/DerivedDataCache/Buckets/LegacyCARD/45/c4/2a32dbe47da74215a819b55be5d79958b808.udd" 6722
"C:/Users/minls/AppData/Local/UnrealEngine/Common/DerivedDataCache/Buckets/LegacyNavCollision/59/d3/cf682a01d738466bf184e2165c524969a4a0.udd" 6723
"../../../Engine/Plugins/Interchange/Runtime/Content/Materials/SheenMaterial.uasset" 6724
"../../../Engine/Plugins/Interchange/Runtime/Content/Materials/ClearCoatMaterial.uasset" 6725
"C:/Users/minls/AppData/Local/UnrealEngine/Common/DerivedDataCache/Buckets/BulkDataList/b4/51/4bb69b83ab78694deea8d5b3da5a3d25edec.udd" 6726
"../../../Engine/Plugins/Interchange/Runtime/Content/Materials/PBRSurfaceMaterial.uasset" 6727
"E:/Workspace_ISECONVI/ISECONVI/Content/3DTeamAsset/ProceduralBiomes/Materials/MI_RockScatter01.uasset" 6728
"E:/Workspace_ISECONVI/ISECONVI/Content/3DTeamAsset/AssetsvilleTown/Meshes/InteriorProps/House/SM_Ship_01.uasset" 6729
"E:/Workspace_ISECONVI/ISECONVI/Content/3DTeamAsset/AssetsvilleTown/Meshes/StreetProps/SM_airCondition_01.uasset" 6730
"E:/Workspace_ISECONVI/ISECONVI/Content/3DTeamAsset/AssetsvilleTown/Meshes/StreetProps/SM_Bicycle_01.uasset" 6731
"E:/Workspace_ISECONVI/ISECONVI/Content/3DTeamAsset/AssetsvilleTown/Meshes/StreetProps/SM_Bicycle_02.uasset" 6732
"E:/Workspace_ISECONVI/ISECONVI/Content/3DTeamAsset/AssetsvilleTown/Meshes/StreetProps/SM_bike_rack.uasset" 6733
"../../../../../Workspace_ISECONVI/ISECONVI/Content/3DTeamAsset/Architecture_ModuleHouse/Moudule_House_Wall_BaseWinSup_3_001.uasset" 6734
"../../../../../Workspace_ISECONVI/ISECONVI/Content/3DTeamAsset/Architecture_ModuleHouse/Moudule_House_Wall_Diag_5_001.uasset" 6735
"../../../../../Workspace_ISECONVI/ISECONVI/Content/3DTeamAsset/Architecture_ModuleHouse/Moudule_House_Wall_Sup_001.uasset" 6736
"../../../../../Workspace_ISECONVI/ISECONVI/Content/3DTeamAsset/Architecture_ModuleHouse/Moudule_House_Wall_Sup_Half_001.uasset" 6737
"../../../../../Workspace_ISECONVI/ISECONVI/Content/3DTeamAsset/Architecture_ModuleHouse/Moudule_House_Wall_SupDiag_1_001.uasset" 6738
"../../../../../Workspace_ISECONVI/ISECONVI/Content/3DTeamAsset/Architecture_ModuleHouse/Moudule_House_Wall_SupDiag_2_001.uasset" 6739
"../../../../../Workspace_ISECONVI/ISECONVI/Content/3DTeamAsset/Architecture_ModuleHouse/Moudule_House_Wall_SupDiag_3_001.uasset" 6740
"../../../../../Workspace_ISECONVI/ISECONVI/Content/3DTeamAsset/Architecture_ModuleHouse/Moudule_House_Wall_SupDiag_5_001.uasset" 6741
"../../../../../Workspace_ISECONVI/ISECONVI/Content/3DTeamAsset/Architecture_ModuleHouse/Moudule_House_Wall_Tri_L_1_001.uasset" 6742
"../../../../../Workspace_ISECONVI/ISECONVI/Content/3DTeamAsset/Architecture_ModuleHouse/Moudule_House_Wall_Tri_L_3_001.uasset" 6743
"../../../../../Workspace_ISECONVI/ISECONVI/Content/3DTeamAsset/Architecture_ModuleHouse/Moudule_House_Wall_Tri_L_4_001.uasset" 6744
"../../../../../Workspace_ISECONVI/ISECONVI/Content/3DTeamAsset/Architecture_ModuleHouse/Moudule_House_Wall_Tri_R_1_001.uasset" 6745
"../../../../../Workspace_ISECONVI/ISECONVI/Content/3DTeamAsset/Architecture_ModuleHouse/Moudule_House_Wall_Tri_R_3_001.uasset" 6746
"../../../../../Workspace_ISECONVI/ISECONVI/Content/3DTeamAsset/Architecture_ModuleHouse/Moudule_House_Wall_Tri_R_4_001.uasset" 6747
"../../../../../Workspace_ISECONVI/ISECONVI/Content/3DTeamAsset/Architecture_ModuleHouse/Moudule_House_Wall_WinSup_2_001.uasset" 6748
"../../../../../Workspace_ISECONVI/ISECONVI/Content/3DTeamAsset/Architecture_ModuleHouse/Moudule_House_Window_001.uasset" 6749
"../../../Engine/Plugins/Interchange/Runtime/Content/Functions/MX_TransmissionSurface.uasset" 6750
"C:/Users/minls/AppData/Local/UnrealEngine/Common/DerivedDataCache/Buckets/MaterialShaderMap/56/15/cbea786d01278887f1920fe6b074678266fb.udd" 6751
"C:/Users/minls/AppData/Local/UnrealEngine/Common/DerivedDataCache/Buckets/MaterialShaderMap/c3/35/2096c7d08a9d2e8a5704487b3bc8e324823c.udd" 6752
"C:/Users/minls/AppData/Local/UnrealEngine/Common/DerivedDataCache/Buckets/MaterialShaderMap/70/34/26e5a3fdf4ebd9db49fd0720efb81b211a8c.udd" 6753
"C:/Users/minls/AppData/Local/UnrealEngine/Common/DerivedDataCache/Buckets/MaterialShaderMap/78/a5/01d7690c5cf7aa79a438d1b819e95423cd7c.udd" 6754
"C:/Users/minls/AppData/Local/UnrealEngine/Common/DerivedDataCache/Buckets/MaterialShaderMap/75/38/5298a8bcc63ab65dead47907818017a70433.udd" 6755
"C:/Users/minls/AppData/Local/UnrealEngine/Common/DerivedDataCache/Buckets/MaterialShaderMap/bc/5d/5bc58dfed85edecd9e7be962ce2df0bd4d0b.udd" 6756
"C:/Users/minls/AppData/Local/UnrealEngine/Common/DerivedDataCache/Buckets/MaterialShaderMap/5e/24/962d0b741221c8df9be9d291bb65b2e91eec.udd" 6757
"C:/Users/minls/AppData/Local/UnrealEngine/Common/DerivedDataCache/Buckets/MaterialShaderMap/62/e5/bb897e0ad70387432f822bc12df23741103e.udd" 6758
"C:/Users/minls/AppData/Local/UnrealEngine/Common/DerivedDataCache/Buckets/MaterialShaderMap/5b/4a/5f17be5008190e83f65a337ac9e3c6a95a42.udd" 6759
"C:/Users/minls/AppData/Local/UnrealEngine/Common/DerivedDataCache/Buckets/MaterialShaderMap/29/6b/5c7b316c1d463733a1df0d1e8095ff6a39e1.udd" 6760
"E:/Workspace_ISECONVI/ISECONVI/Content/3DTeamAsset/AssetsvilleTown/Meshes/StreetProps/SM_camera.uasset" 6761
"E:/Workspace_ISECONVI/ISECONVI/Content/3DTeamAsset/AssetsvilleTown/Meshes/StreetProps/SM_crate_1_set001.uasset" 6762
"E:/Workspace_ISECONVI/ISECONVI/Content/3DTeamAsset/AssetsvilleTown/Meshes/StreetProps/SM_crate_bottles.uasset" 6763
"E:/Workspace_ISECONVI/ISECONVI/Content/3DTeamAsset/AssetsvilleTown/Meshes/StreetProps/SM_fence_101.uasset" 6764
"E:/Workspace_ISECONVI/ISECONVI/Content/3DTeamAsset/AssetsvilleTown/Meshes/StreetProps/SM_fence_102_long.uasset" 6765
"E:/Workspace_ISECONVI/ISECONVI/Content/3DTeamAsset/AssetsvilleTown/Meshes/StreetProps/SM_fence_102a.uasset" 6766
"E:/Workspace_ISECONVI/ISECONVI/Content/3DTeamAsset/AssetsvilleTown/Meshes/StreetProps/SM_fence_102end.uasset" 6767
"E:/Workspace_ISECONVI/ISECONVI/Content/3DTeamAsset/AssetsvilleTown/Meshes/StreetProps/SM_handTruck_01.uasset" 6768
"E:/Workspace_ISECONVI/ISECONVI/Content/3DTeamAsset/AssetsvilleTown/Meshes/StreetProps/SM_hose_01.uasset" 6769
"E:/Workspace_ISECONVI/ISECONVI/Content/3DTeamAsset/AssetsvilleTown/Meshes/StreetProps/SM_ladder_01a.uasset" 6770
"E:/Workspace_ISECONVI/ISECONVI/Content/3DTeamAsset/AssetsvilleTown/Meshes/StreetProps/SM_mailbox_2.uasset" 6771
"C:/Users/minls/AppData/Local/UnrealEngine/Common/DerivedDataCache/Buckets/StaticMesh/60/e8/ccf8a945a643ae51d476bd84d65c17780c87.udd" 6772
"E:/Workspace_ISECONVI/ISECONVI/Content/3DTeamAsset/AssetsvilleTown/Meshes/StreetProps/SM_palette_euro.uasset" 6773
"C:/Users/minls/AppData/Local/UnrealEngine/Common/DerivedDataCache/Buckets/LegacyDIST/67/29/371a5112dcdc4ed786c1e78128e98584c7fe.udd" 6774
"C:/Users/minls/AppData/Local/UnrealEngine/Common/DerivedDataCache/Buckets/LegacyCARD/aa/78/c8cee2d7c5a21ed095b4c6ef9ae8bb37a503.udd" 6775
"C:/Users/minls/AppData/Local/UnrealEngine/Common/DerivedDataCache/Buckets/StaticMesh/5b/be/e3945c13c7ec7aefab1a717e986d1cd539f2.udd" 6776
"E:/Workspace_ISECONVI/ISECONVI/Content/3DTeamAsset/AssetsvilleTown/Meshes/StreetProps/SM_pipesStock_01.uasset" 6777
"C:/Users/minls/AppData/Local/UnrealEngine/Common/DerivedDataCache/Buckets/LegacyDIST/22/45/bea8be4ada75143b39f0875b1a6122d76fcc.udd" 6778
"C:/Users/minls/AppData/Local/UnrealEngine/Common/DerivedDataCache/Buckets/LegacyCARD/ea/45/937acc1d1c796e2cdf8af6dbf650de82e18e.udd" 6779
"C:/Users/minls/AppData/Local/UnrealEngine/Common/DerivedDataCache/Buckets/StaticMesh/ec/63/7cc7c1f0ba0c64f9567c8512931f19f50d95.udd" 6780
"E:/Workspace_ISECONVI/ISECONVI/Content/3DTeamAsset/AssetsvilleTown/Meshes/StreetProps/SM_road_cone.uasset" 6781
"C:/Users/minls/AppData/Local/UnrealEngine/Common/DerivedDataCache/Buckets/LegacyNavCollision/68/77/dea30fcb586a90562124a8e90c453fd1897e.udd" 6782
"C:/Users/minls/AppData/Local/UnrealEngine/Common/DerivedDataCache/Buckets/StaticMesh/35/f9/9cad0e1d4c2ffe1938e6fe7053825a614f2e.udd" 6783
"E:/Workspace_ISECONVI/ISECONVI/Content/3DTeamAsset/AssetsvilleTown/Meshes/StreetProps/SM_trash_bag.uasset" 6784
"C:/Users/minls/AppData/Local/UnrealEngine/Common/DerivedDataCache/Buckets/LegacyNavCollision/2e/6f/cb9923d929f85aa2403f13a666133145c4ea.udd" 6785
"C:/Users/minls/AppData/Local/UnrealEngine/Common/DerivedDataCache/Buckets/LegacyDIST/87/0f/2ae8dc0c3ed42bed72bd42722f4404c9d760.udd" 6786
"C:/Users/minls/AppData/Local/UnrealEngine/Common/DerivedDataCache/Buckets/LegacyCARD/bc/6d/73328d433093bf1f455b3d5104035c30d533.udd" 6787
"C:/Users/minls/AppData/Local/UnrealEngine/Common/DerivedDataCache/Buckets/StaticMesh/50/eb/6aa21aa238ecde96596cbaed49accf9cb06a.udd" 6788
"C:/Users/minls/AppData/Local/UnrealEngine/Common/DerivedDataCache/Buckets/LegacyDIST/64/73/5b45049488b28ee1f72df6b0a6e56ec9000d.udd" 6789
"../../../../../Workspace_ISECONVI/ISECONVI/Content/3DTeamAsset/AssetsvilleTown/Meshes/InteriorProps/House/SM_Ship_01.uasset" 6790
"C:/Users/minls/AppData/Local/UnrealEngine/Common/DerivedDataCache/Buckets/LegacyCARD/b3/68/f7117225c591faf5a2be623dd15b57a0edb8.udd" 6791
"../../../../../Workspace_ISECONVI/ISECONVI/Content/3DTeamAsset/AssetsvilleTown/Meshes/StreetProps/SM_airCondition_01.uasset" 6792
"C:/Users/minls/AppData/Local/UnrealEngine/Common/DerivedDataCache/Buckets/LegacyDIST/70/0f/7834c9486cfa34b148f6ceadec931bb5af79.udd" 6793
"C:/Users/minls/AppData/Local/UnrealEngine/Common/DerivedDataCache/Buckets/LegacyCARD/a2/a5/b8661e0ef9dd509a7390979718e6e5a28207.udd" 6794
"C:/Users/minls/AppData/Local/UnrealEngine/Common/DerivedDataCache/Buckets/LegacyNavCollision/d4/41/790bd717e5d47c3990a5ef2f507f325dd487.udd" 6795
"C:/Users/minls/AppData/Local/UnrealEngine/Common/DerivedDataCache/Buckets/LegacyNavCollision/1a/e1/32bc9d3f78a4305cb7d41721af540cdc3cc9.udd" 6796
"C:/Users/minls/AppData/Local/UnrealEngine/Common/DerivedDataCache/Buckets/LegacyNavCollision/12/f3/e0acb25ec0608c94df241682b6235fe43900.udd" 6797
"C:/Users/minls/AppData/Local/UnrealEngine/Common/DerivedDataCache/Buckets/MaterialShaderMap/f9/e9/88d9b7a2842172a901242d46b2ce7a5dff15.udd" 6798
"C:/Users/minls/AppData/Local/UnrealEngine/Common/DerivedDataCache/Buckets/MaterialShaderMap/a2/d5/6113c738b9e5593f0d9f2abd906e10a36e82.udd" 6799
"C:/Users/minls/AppData/Local/UnrealEngine/Common/DerivedDataCache/Buckets/MaterialShaderMap/56/5a/4e7e7a72de18492155dc596b5624feae2d7e.udd" 6800
"E:/Workspace_ISECONVI/ISECONVI/Content/3DTeamAsset/AssetsvilleTown/Meshes/StreetProps/SM_trash_bin_3.uasset" 6801
"C:/Users/minls/AppData/Local/UnrealEngine/Common/DerivedDataCache/Buckets/StaticMesh/e6/74/e6b6351cae4ce1cc9500c8f395d94c8d13ac.udd" 6802
"C:/Users/minls/AppData/Local/UnrealEngine/Common/DerivedDataCache/Buckets/LegacyDIST/45/7c/ef31e3d9cd3b44399754800706f4daed6e3b.udd" 6803
"C:/Users/minls/AppData/Local/UnrealEngine/Common/DerivedDataCache/Buckets/LegacyCARD/ce/a9/2397ac7bab1598170050385476f67f1f3a1f.udd" 6804
"E:/Workspace_ISECONVI/ISECONVI/Content/3DTeamAsset/AssetsvilleTown/Meshes/StreetProps/SM_trash_bin_big.uasset" 6805
"C:/Users/minls/AppData/Local/UnrealEngine/Common/DerivedDataCache/Buckets/LegacyNavCollision/02/74/bc1d8a2d29024b21a877b681afd3072f30b3.udd" 6806
"C:/Users/minls/AppData/Local/UnrealEngine/Common/DerivedDataCache/Buckets/StaticMesh/bd/57/199fb689238cdfeff857395130116f068be6.udd" 6807
"E:/Workspace_ISECONVI/ISECONVI/Content/3DTeamAsset/AssetsvilleTown/Meshes/StreetProps/SM_Water_Tank_01.uasset" 6808
"C:/Users/minls/AppData/Local/UnrealEngine/Common/DerivedDataCache/Buckets/LegacyDIST/58/13/36eec96cb0c84880f2acbcc2f0847b688aa0.udd" 6809
"C:/Users/minls/AppData/Local/UnrealEngine/Common/DerivedDataCache/Buckets/LegacyCARD/f1/f2/d1c4685110a64df0082ed44c7d07fd6f0e7c.udd" 6810
"E:/Workspace_ISECONVI/ISECONVI/Content/3DTeamAsset/AssetsvilleTown/Meshes/StreetProps/SM_wooden_blocks.uasset" 6811
"C:/Users/minls/AppData/Local/UnrealEngine/Common/DerivedDataCache/Buckets/StaticMesh/c5/66/4b01f47498c0e92cd674c3a3fd6988f7c00b.udd" 6812
"C:/Users/minls/AppData/Local/UnrealEngine/Common/DerivedDataCache/Buckets/MaterialShaderMap/8e/19/515671cf5f7a882c61d78f225a1798dc9962.udd" 6813
"C:/Users/minls/AppData/Local/UnrealEngine/Common/DerivedDataCache/Buckets/LegacyDIST/7b/78/3fd56901459d21a6d496afb36a304fc0c822.udd" 6814
"C:/Users/minls/AppData/Local/UnrealEngine/Common/DerivedDataCache/Buckets/LegacyCARD/6e/f4/5c6e773fb24d7da2d84901c272992a44e8e1.udd" 6815
"C:/Users/minls/AppData/Local/UnrealEngine/Common/DerivedDataCache/Buckets/StaticMesh/93/7b/b9efaa98bbe679646d4dd83f6a06a6d12d0a.udd" 6816
"E:/Workspace_ISECONVI/ISECONVI/Content/3DTeamAsset/AssetsvilleTown/Meshes/Characters/SK_citizen_male_01.uasset" 6817
"C:/Users/minls/AppData/Local/UnrealEngine/Common/DerivedDataCache/Buckets/LegacyDIST/16/2c/bda79435d34aedd80feda12094e11abdbd76.udd" 6818
"C:/Users/minls/AppData/Local/UnrealEngine/Common/DerivedDataCache/Buckets/LegacyCARD/09/3d/c37bd292bc5878c4ccd779a86d3d0620461e.udd" 6819
"E:/Workspace_ISECONVI/ISECONVI/Content/3DTeamAsset/AssetsvilleTown/Meshes/InteriorProps/House/SM_foodCakePlate.uasset" 6820
"C:/Users/minls/AppData/Local/UnrealEngine/Common/DerivedDataCache/Buckets/LegacyNavCollision/83/33/22eb03616cc7eed62226f253e599a60d2c00.udd" 6821
"C:/Users/minls/AppData/Local/UnrealEngine/Common/DerivedDataCache/Buckets/StaticMesh/56/ae/c3b461ee9d0d36edb0f5c64a17861f73202b.udd" 6822
"C:/Users/minls/AppData/Local/UnrealEngine/Common/DerivedDataCache/Buckets/LegacyNavCollision/b0/c7/a3f567d4c6e99c3d16c06e312cde8a76ffa9.udd" 6823
"C:/Users/minls/AppData/Local/UnrealEngine/Common/DerivedDataCache/Buckets/LegacyDIST/6d/f2/7d1df4a1799b1a2b3d11892823ce86f27f75.udd" 6824
"C:/Users/minls/AppData/Local/UnrealEngine/Common/DerivedDataCache/Buckets/LegacyCARD/6e/ce/5c832c18a7227791ec539c23189da5338d56.udd" 6825
"C:/Users/minls/AppData/Local/UnrealEngine/Common/DerivedDataCache/Buckets/StaticMesh/f0/a7/d8ba26b99713a83953bb2ec68de29fad1a86.udd" 6826
"E:/Workspace_ISECONVI/ISECONVI/Content/3DTeamAsset/AssetsvilleTown/Meshes/InteriorProps/House/SM_kitchenCabinet_007.uasset" 6827
"C:/Users/minls/AppData/Local/UnrealEngine/Common/DerivedDataCache/Buckets/LegacyDIST/5b/c3/c7aa78cc17055ad789be11d640019cb20a05.udd" 6828
"C:/Users/minls/AppData/Local/UnrealEngine/Common/DerivedDataCache/Buckets/LegacyNavCollision/69/f3/dff4324d2eeb9a1d1a3554d49281a8a49651.udd" 6829
"C:/Users/minls/AppData/Local/UnrealEngine/Common/DerivedDataCache/Buckets/LegacyCARD/b5/52/0fd300e45927a53f44026d0b0ab70ca056d6.udd" 6830
"C:/Users/minls/AppData/Local/UnrealEngine/Common/DerivedDataCache/Buckets/LegacyNavCollision/07/1d/ad87f5cf3362bce9de37c7fa39957071c8fc.udd" 6831
"C:/Users/minls/AppData/Local/UnrealEngine/Common/DerivedDataCache/Buckets/LegacyNavCollision/4d/93/3ff136f6a68c1a6a8f72f20310e745f62027.udd" 6832
"C:/Users/minls/AppData/Local/UnrealEngine/Common/DerivedDataCache/Buckets/MaterialShaderMap/37/7e/baeff2c63c2661fe23d4bba877f2d109df42.udd" 6833
"C:/Users/minls/AppData/Local/UnrealEngine/Common/DerivedDataCache/Buckets/StaticMesh/e7/1f/dffe2ddcb60af6c74c6304d5c7dcd37bce97.udd" 6834
"E:/Workspace_ISECONVI/ISECONVI/Content/3DTeamAsset/AssetsvilleTown/Meshes/InteriorProps/House/SM_kitchenCabinet_008.uasset" 6835
"C:/Users/minls/AppData/Local/UnrealEngine/Common/DerivedDataCache/Buckets/LegacyDIST/bc/39/c90a89870a587d5720244a3f965ae888d601.udd" 6836
"C:/Users/minls/AppData/Local/UnrealEngine/Common/DerivedDataCache/Buckets/LegacyCARD/9a/53/f38450307e8d64e6b127001440277c49c731.udd" 6837
"C:/Users/minls/AppData/Local/UnrealEngine/Common/DerivedDataCache/Buckets/LegacyNavCollision/46/9f/6fd5a257d5b0e78368527cecfb7e0435b5d9.udd" 6838
"E:/Workspace_ISECONVI/ISECONVI/Content/3DTeamAsset/AssetsvilleTown/Meshes/InteriorProps/House/SM_kitchenCabinet_009.uasset" 6839
"C:/Users/minls/AppData/Local/UnrealEngine/Common/DerivedDataCache/Buckets/StaticMesh/10/d8/277bb05618dbba68cec8b3c53d2f4415370c.udd" 6840
"C:/Users/minls/AppData/Local/UnrealEngine/Common/DerivedDataCache/Buckets/LegacyDIST/88/2d/ca19c3e253006fa8091df0b5960651e29127.udd" 6841
"C:/Users/minls/AppData/Local/UnrealEngine/Common/DerivedDataCache/Buckets/LegacyCARD/dc/f7/e9a53aab71ff99b1c718fab440d5e6d27868.udd" 6842
"C:/Users/minls/AppData/Local/UnrealEngine/Common/DerivedDataCache/Buckets/StaticMesh/27/fc/683710c3e5bdba30f46857769c8998b3af86.udd" 6843
"C:/Users/minls/AppData/Local/UnrealEngine/Common/DerivedDataCache/Buckets/MaterialShaderMap/70/ca/679e7a32d0663924491df758718f83dd7178.udd" 6844
"C:/Users/minls/AppData/Local/UnrealEngine/Common/DerivedDataCache/Buckets/MaterialShaderMap/6a/48/e01ae8f4b28784177961bf0da9d44b9d7773.udd" 6845
"E:/Workspace_ISECONVI/ISECONVI/Content/3DTeamAsset/AssetsvilleTown/Meshes/InteriorProps/House/SM_kitchenPot_01.uasset" 6846
"C:/Users/minls/AppData/Local/UnrealEngine/Common/DerivedDataCache/Buckets/LegacyDIST/02/24/e04e5c1c25cba4a152abfd0aaba09746f482.udd" 6847
"C:/Users/minls/AppData/Local/UnrealEngine/Common/DerivedDataCache/Buckets/LegacyCARD/77/ed/96c133b25f39b1d5fb070f673793b60f2693.udd" 6848
"C:/Users/minls/AppData/Local/UnrealEngine/Common/DerivedDataCache/Buckets/StaticMesh/b7/76/adc40a798b22c07bcdf6e897de010687676e.udd" 6849
"E:/Workspace_ISECONVI/ISECONVI/Content/3DTeamAsset/AssetsvilleTown/Meshes/InteriorProps/Other/SM_fruitTable_03.uasset" 6850
"C:/Users/minls/AppData/Local/UnrealEngine/Common/DerivedDataCache/Buckets/LegacyNavCollision/dc/9f/64490768961d90ddae545460d46cb73c1727.udd" 6851
"C:/Users/minls/AppData/Local/UnrealEngine/Common/DerivedDataCache/Buckets/LegacyDIST/8f/66/3ecaf0ed3bd8f0fa560abf81346c0ce0c158.udd" 6852
"C:/Users/minls/AppData/Local/UnrealEngine/Common/DerivedDataCache/Buckets/LegacyCARD/8f/51/fe4ad6f7002462cd178e74fb533bb2c9b401.udd" 6853
"C:/Users/minls/AppData/Local/UnrealEngine/Common/DerivedDataCache/Buckets/StaticMesh/dd/7e/7df2653cedd6a3a527d86d6ef7c7a78d6daf.udd" 6854
"E:/Workspace_ISECONVI/ISECONVI/Content/3DTeamAsset/AssetsvilleTown/Meshes/StreetProps/SM_Windmill_01.uasset" 6855
"C:/Users/minls/AppData/Local/UnrealEngine/Common/DerivedDataCache/Buckets/LegacyNavCollision/2c/30/7536e314f532bd18376fa8411f7756ca2b58.udd" 6856
"C:/Users/minls/AppData/Local/UnrealEngine/Common/DerivedDataCache/Buckets/LegacyDIST/ff/84/04ce5093308a109f0e18e2f4adb281eafa62.udd" 6857
"C:/Users/minls/AppData/Local/UnrealEngine/Common/DerivedDataCache/Buckets/MaterialShaderMap/fb/e6/5fbd0b3ecbb13a3499ebc9a239ac43d503d1.udd" 6858
"C:/Users/minls/AppData/Local/UnrealEngine/Common/DerivedDataCache/Buckets/LegacyCARD/99/b7/1d2ba31db8bb04fda56a49e27bbd0d3453e5.udd" 6859
"C:/Users/minls/AppData/Local/UnrealEngine/Common/DerivedDataCache/Buckets/LegacyNavCollision/5f/d7/d5eea240186910281a68ad504bfb23c38fc6.udd" 6860
"C:/Users/minls/AppData/Local/UnrealEngine/Common/DerivedDataCache/Buckets/LegacyNavCollision/b1/75/3b7cef31d573992a1376867edb34e5e92178.udd" 6861
"C:/Users/minls/AppData/Local/UnrealEngine/Common/DerivedDataCache/Buckets/StaticMesh/6b/29/7081f3333f1f20eb1eac51873d9558fccf74.udd" 6862
"E:/Workspace_ISECONVI/ISECONVI/Content/3DTeamAsset/Fantastic_Village_Pack/meshes/props/food/SM_PROP_bowl_wood_01.uasset" 6863
"C:/Users/minls/AppData/Local/UnrealEngine/Common/DerivedDataCache/Buckets/LegacyDIST/80/4c/66b4076462362d3a3290ac8a9454da1a7c34.udd" 6864
"C:/Users/minls/AppData/Local/UnrealEngine/Common/DerivedDataCache/Buckets/LegacyCARD/12/c8/640fd506f6fcedc6b5e3792227abb3022668.udd" 6865
"C:/Users/minls/AppData/Local/UnrealEngine/Common/DerivedDataCache/Buckets/StaticMesh/42/7b/6b5ae301ab26c7f7c445342a096408586d21.udd" 6866
"E:/Workspace_ISECONVI/ISECONVI/Content/3DTeamAsset/Fantastic_Village_Pack/meshes/buildings/SM_BLD_body_add_v02_01.uasset" 6867
"C:/Users/minls/AppData/Local/UnrealEngine/Common/DerivedDataCache/Buckets/LegacyDIST/74/c3/d6fcb6fc015bb2c0ef34dab249b902ae915c.udd" 6868
"C:/Users/minls/AppData/Local/UnrealEngine/Common/DerivedDataCache/Buckets/LegacyCARD/df/8f/707adffb2dfd7dd69a9022d1217583943100.udd" 6869
"C:/Users/minls/AppData/Local/UnrealEngine/Common/DerivedDataCache/Buckets/LegacyNavCollision/ca/82/ab32d06a56563a2343e3afe3006794cda984.udd" 6870
"C:/Users/minls/AppData/Local/UnrealEngine/Common/DerivedDataCache/Buckets/StaticMesh/ef/6a/521b05db3d3618d279e043f71445bdcc52cc.udd" 6871
"E:/Workspace_ISECONVI/ISECONVI/Content/3DTeamAsset/Fantastic_Village_Pack/meshes/buildings/SM_BLD_stairs_v02_01.uasset" 6872
"C:/Users/minls/AppData/Local/UnrealEngine/Common/DerivedDataCache/Buckets/LegacyDIST/30/f2/122f5ee6f5ee7a0dc7e4e40b96dea2e31956.udd" 6873
"C:/Users/minls/AppData/Local/UnrealEngine/Common/DerivedDataCache/Buckets/LegacyCARD/91/c0/c1b6f21de6ece774c731e5ea51ae2a974817.udd" 6874
"C:/Users/minls/AppData/Local/UnrealEngine/Common/DerivedDataCache/Buckets/LegacyNavCollision/64/0f/d583c7fe1948a34caaa373648bcac33ac245.udd" 6875
"C:/Users/minls/AppData/Local/UnrealEngine/Common/DerivedDataCache/Buckets/LegacyNavCollision/f1/16/d7c5d09b31ece3b1b50c2ed17316aee42ff2.udd" 6876
"C:/Users/minls/AppData/Local/UnrealEngine/Common/DerivedDataCache/Buckets/StaticMesh/eb/bc/6154c9f4733ca8828df559017a713c6602b2.udd" 6877
"E:/Workspace_ISECONVI/ISECONVI/Content/3DTeamAsset/Fantastic_Village_Pack/meshes/props/deco/SM_PROP_firepit.uasset" 6878
"C:/Users/minls/AppData/Local/UnrealEngine/Common/DerivedDataCache/Buckets/LegacyDIST/4e/88/66957c1edece3d9c5b2c4c6e260a6c0cca1d.udd" 6879
"C:/Users/minls/AppData/Local/UnrealEngine/Common/DerivedDataCache/Buckets/LegacyCARD/e0/2d/12ae4b251882120bdc5983dfd4c07f98993c.udd" 6880
"C:/Users/minls/AppData/Local/UnrealEngine/Common/DerivedDataCache/Buckets/StaticMesh/d9/ed/650b08eee9513a1276eeca6bc8610f20be33.udd" 6881
"../../../../../Workspace_ISECONVI/ISECONVI/Content/3DTeamAsset/AssetsvilleTown/Meshes/StreetProps/SM_Bicycle_01.uasset" 6882
"../../../../../Workspace_ISECONVI/ISECONVI/Content/3DTeamAsset/AssetsvilleTown/Meshes/StreetProps/SM_Bicycle_02.uasset" 6883
"../../../../../Workspace_ISECONVI/ISECONVI/Content/3DTeamAsset/AssetsvilleTown/Meshes/StreetProps/SM_bike_rack.uasset" 6884
"C:/Users/minls/AppData/Local/UnrealEngine/Common/DerivedDataCache/Buckets/LegacyDIST/ff/06/8b182b281f416158322cb182270b25090a22.udd" 6885
"../../../../../Workspace_ISECONVI/ISECONVI/Content/3DTeamAsset/AssetsvilleTown/Meshes/StreetProps/SM_camera.uasset" 6886
"../../../../../Workspace_ISECONVI/ISECONVI/Content/3DTeamAsset/AssetsvilleTown/Meshes/StreetProps/SM_crate_1_set001.uasset" 6887
"C:/Users/minls/AppData/Local/UnrealEngine/Common/DerivedDataCache/Buckets/LegacyNavCollision/1e/89/3ba79e4e83e87aa67fb60f2c0a690e6a7532.udd" 6888
"C:/Users/minls/AppData/Local/UnrealEngine/Common/DerivedDataCache/Buckets/LegacyCARD/f5/2d/82fb69eaedbfc68b1f53950a6db5b3c58a3d.udd" 6889
"../../../../../Workspace_ISECONVI/ISECONVI/Content/3DTeamAsset/AssetsvilleTown/Meshes/StreetProps/SM_crate_bottles.uasset" 6890
"../../../../../Workspace_ISECONVI/ISECONVI/Content/3DTeamAsset/AssetsvilleTown/Meshes/StreetProps/SM_fence_101.uasset" 6891
"../../../../../Workspace_ISECONVI/ISECONVI/Content/3DTeamAsset/AssetsvilleTown/Meshes/StreetProps/SM_fence_102_long.uasset" 6892
"../../../../../Workspace_ISECONVI/ISECONVI/Content/3DTeamAsset/AssetsvilleTown/Meshes/StreetProps/SM_fence_102a.uasset" 6893
"C:/Users/minls/AppData/Local/UnrealEngine/Common/DerivedDataCache/Buckets/MaterialShaderMap/8b/b8/1157413e2b58a6ff7266b6e2c922cb1efa0c.udd" 6894
"../../../../../Workspace_ISECONVI/ISECONVI/Content/3DTeamAsset/AssetsvilleTown/Meshes/StreetProps/SM_fence_102end.uasset" 6895
"../../../../../Workspace_ISECONVI/ISECONVI/Content/3DTeamAsset/AssetsvilleTown/Meshes/StreetProps/SM_handTruck_01.uasset" 6896
"C:/Users/minls/AppData/Local/UnrealEngine/Common/DerivedDataCache/Buckets/LegacyNavCollision/7a/d2/99f879ffc67ba1b2dbbf36ed64af10632315.udd" 6897
"../../../../../Workspace_ISECONVI/ISECONVI/Content/3DTeamAsset/AssetsvilleTown/Meshes/StreetProps/SM_hose_01.uasset" 6898
"../../../../../Workspace_ISECONVI/ISECONVI/Content/3DTeamAsset/AssetsvilleTown/Meshes/StreetProps/SM_ladder_01a.uasset" 6899
"../../../../../Workspace_ISECONVI/ISECONVI/Content/3DTeamAsset/AssetsvilleTown/Meshes/StreetProps/SM_mailbox_2.uasset" 6900
"../../../../../Workspace_ISECONVI/ISECONVI/Content/3DTeamAsset/AssetsvilleTown/Meshes/StreetProps/SM_palette_euro.uasset" 6901
"C:/Users/minls/AppData/Local/UnrealEngine/Common/DerivedDataCache/Buckets/MaterialShaderMap/95/fa/25ca07b0f275d3c81772e219a7e850031432.udd" 6902
"../../../../../Workspace_ISECONVI/ISECONVI/Content/3DTeamAsset/AssetsvilleTown/Meshes/StreetProps/SM_pipesStock_01.uasset" 6903
"../../../../../Workspace_ISECONVI/ISECONVI/Content/3DTeamAsset/AssetsvilleTown/Meshes/StreetProps/SM_road_cone.uasset" 6904
"C:/Users/minls/AppData/Local/UnrealEngine/Common/DerivedDataCache/Buckets/MaterialShaderMap/fa/7a/3231480890d0e87f70be7991e57c8bf4bfc9.udd" 6905
"../../../../../Workspace_ISECONVI/ISECONVI/Content/3DTeamAsset/AssetsvilleTown/Meshes/StreetProps/SM_trash_bag.uasset" 6906
"../../../../../Workspace_ISECONVI/ISECONVI/Content/3DTeamAsset/AssetsvilleTown/Meshes/StreetProps/SM_trash_bin_3.uasset" 6907
"C:/Users/minls/AppData/Local/UnrealEngine/Common/DerivedDataCache/Buckets/MaterialShaderMap/4f/d0/a9069aefbb1cdd496837cad942deb1b455e6.udd" 6908
"E:/Workspace_ISECONVI/ISECONVI/Content/3DTeamAsset/Fantastic_Village_Pack/meshes/buildings/SM_BLD_base_v01_01.uasset" 6909
"E:/Workspace_ISECONVI/ISECONVI/Content/3DTeamAsset/Fantastic_Village_Pack/meshes/buildings/SM_BLD_base_v04_02.uasset" 6910
"E:/Workspace_ISECONVI/ISECONVI/Content/3DTeamAsset/Fantastic_Village_Pack/meshes/buildings/SM_BLD_stairs_v01_01.uasset" 6911
"E:/Workspace_ISECONVI/ISECONVI/Content/3DTeamAsset/Fantastic_Village_Pack/meshes/props/construction/SM_PROP_bridge_wood_02.uasset" 6912
"C:/Users/minls/AppData/Local/UnrealEngine/Common/DerivedDataCache/Buckets/LegacySKELETALMESH/d5/f3/336c94230715d3cc9914b02e78f578ca090c.udd" 6913
"E:/Workspace_ISECONVI/ISECONVI/Content/3DTeamAsset/Fantastic_Village_Pack/meshes/props/furniture/SM_PROP_bench_02.uasset" 6914
"E:/Workspace_ISECONVI/ISECONVI/Content/3DTeamAsset/Fantastic_Village_Pack/meshes/props/furniture/SM_PROP_chair_03.uasset" 6915
"E:/Workspace_ISECONVI/ISECONVI/Content/3DTeamAsset/Fantastic_Village_Pack/meshes/props/furniture/SM_PROP_market_shelf_01.uasset" 6916
"C:/Users/minls/AppData/Local/UnrealEngine/Common/DerivedDataCache/Buckets/StaticMesh/69/ae/620e1801a455037535442cd0f00f6da894a8.udd" 6917
"C:/Users/minls/AppData/Local/UnrealEngine/Common/DerivedDataCache/Buckets/StaticMesh/03/58/10832b28187890187f8a4a5dc61fc35c06a7.udd" 6918
"C:/Users/minls/AppData/Local/UnrealEngine/Common/DerivedDataCache/Buckets/LegacyDIST/85/c4/f683e7ede14c2e06a72cba0ef960888bd20b.udd" 6919
"C:/Users/minls/AppData/Local/UnrealEngine/Common/DerivedDataCache/Buckets/LegacyCARD/f8/f4/63fd7c262930de0956fbe3a42965830b8801.udd" 6920
"C:/Users/minls/AppData/Local/UnrealEngine/Common/DerivedDataCache/Buckets/LegacyDIST/b8/76/7d90b205c3b9989fa20d1f01c98f1ddf5e87.udd" 6921
"E:/Workspace_ISECONVI/ISECONVI/Content/3DTeamAsset/Fantastic_Village_Pack/meshes/props/furniture/SM_PROP_market_shelf_03.uasset" 6922
"C:/Users/minls/AppData/Local/UnrealEngine/Common/DerivedDataCache/Buckets/LegacyCARD/fd/e1/a0fa28eac870b5748f5be225938de2171c00.udd" 6923
"C:/Users/minls/AppData/Local/UnrealEngine/Common/DerivedDataCache/Buckets/StaticMesh/75/52/034a2b99e031bdc08d839625053332b0337d.udd" 6924
"C:/Users/minls/AppData/Local/UnrealEngine/Common/DerivedDataCache/Buckets/LegacyDIST/01/47/72360e7911dd4147d436e88a267c79080eee.udd" 6925
"C:/Users/minls/AppData/Local/UnrealEngine/Common/DerivedDataCache/Buckets/LegacyNavCollision/1b/84/260116ca87fd183b36ba7ced44ee1365ca20.udd" 6926
"C:/Users/minls/AppData/Local/UnrealEngine/Common/DerivedDataCache/Buckets/LegacyCARD/06/2c/92cdc00a1716b2fbd2c0905d4177c182e303.udd" 6927
"E:/Workspace_ISECONVI/ISECONVI/Content/3DTeamAsset/Fantastic_Village_Pack/meshes/props/furniture/SM_PROP_table_01.uasset" 6928
"C:/Users/minls/AppData/Local/UnrealEngine/Common/DerivedDataCache/Buckets/StaticMesh/01/26/6b2b1ed7e2a6e6298a5900aa655de7c05d3e.udd" 6929
"C:/Users/minls/AppData/Local/UnrealEngine/Common/DerivedDataCache/Buckets/LegacyDIST/5c/78/ecf59ac69783b276010a17d7e87b5b8e2a0d.udd" 6930
"C:/Users/minls/AppData/Local/UnrealEngine/Common/DerivedDataCache/Buckets/LegacyNavCollision/d4/07/7eca984153bf6deedc27cab7e067fd79dfa8.udd" 6931
"C:/Users/minls/AppData/Local/UnrealEngine/Common/DerivedDataCache/Buckets/LegacyCARD/47/21/fce270bd89b46721c92f141a844d2cd01d35.udd" 6932
"C:/Users/minls/AppData/Local/UnrealEngine/Common/DerivedDataCache/Buckets/StaticMesh/70/4a/4a9a0aedc9a23023aa9cc0341bdee8cce631.udd" 6933
"C:/Users/minls/AppData/Local/UnrealEngine/Common/DerivedDataCache/Buckets/LegacyNavCollision/84/58/b1ed46fdc0ed154ecbf5b0ced9fd69887ca9.udd" 6934
"C:/Users/minls/AppData/Local/UnrealEngine/Common/DerivedDataCache/Buckets/StaticMesh/9d/0c/2b2eb799565383f10a71f7bee1e1cdef1085.udd" 6935
"C:/Users/minls/AppData/Local/UnrealEngine/Common/DerivedDataCache/Buckets/StaticMesh/de/fa/d0d1975de7d753036b40d3df426215a5d16e.udd" 6936
"C:/Users/minls/AppData/Local/UnrealEngine/Common/DerivedDataCache/Buckets/LegacyDIST/46/8c/d49c9ac32148c7b66390c388b1c88fb2c507.udd" 6937
"C:/Users/minls/AppData/Local/UnrealEngine/Common/DerivedDataCache/Buckets/LegacyCARD/29/e9/855b0e6f92b70980e3bb1cf3c08b796a1949.udd" 6938
"C:/Users/minls/AppData/Local/UnrealEngine/Common/DerivedDataCache/Buckets/LegacyDIST/80/80/cf9aa3ec29c8ffeb5247b4c557ff4a97d4be.udd" 6939
"C:/Users/minls/AppData/Local/UnrealEngine/Common/DerivedDataCache/Buckets/LegacyDIST/44/2d/b604f30ffc24fe5d42983a537b44fc0493c7.udd" 6940
"C:/Users/minls/AppData/Local/UnrealEngine/Common/DerivedDataCache/Buckets/LegacyCARD/7b/e8/311215f7e13508af55e2b404799e2cbf806b.udd" 6941
"C:/Users/minls/AppData/Local/UnrealEngine/Common/DerivedDataCache/Buckets/LegacyCARD/af/f4/34654720938a9215ca28f9c464a1ac7a8993.udd" 6942
"C:/Users/minls/AppData/Local/UnrealEngine/Common/DerivedDataCache/Buckets/LegacyNavCollision/2d/c4/9a245f4c3fb8705e7a7f69d90c2acbb55765.udd" 6943
"C:/Users/minls/AppData/Local/UnrealEngine/Common/DerivedDataCache/Buckets/LegacyNavCollision/ce/37/ce88148fa350f09a0c17ccf459bb85086624.udd" 6944
"C:/Users/minls/AppData/Local/UnrealEngine/Common/DerivedDataCache/Buckets/StaticMesh/af/7d/4aec9aa90ed121092d1c1c576aa758b2fefb.udd" 6945
"E:/Workspace_ISECONVI/ISECONVI/Content/3DTeamAsset/Fantastic_Village_Pack/meshes/props/construction/SM_PROP_walkway_wood.uasset" 6946
"C:/Users/minls/AppData/Local/UnrealEngine/Common/DerivedDataCache/Buckets/LegacyNavCollision/25/9b/0028b62c1576cbd152698d4dcf95138f2ed5.udd" 6947
"C:/Users/minls/AppData/Local/UnrealEngine/Common/DerivedDataCache/Buckets/LegacyDIST/5a/d3/7a86bbf8b0076b0724835c6cd71c9a2efb06.udd" 6948
"C:/Users/minls/AppData/Local/UnrealEngine/Common/DerivedDataCache/Buckets/LegacyCARD/24/f5/2b3e41fb12184b157a215d0f302e473eee67.udd" 6949
"E:/Workspace_ISECONVI/ISECONVI/Content/3DTeamAsset/Fantastic_Village_Pack/meshes/props/container/SM_PROP_barrel_01.uasset" 6950
"C:/Users/minls/AppData/Local/UnrealEngine/Common/DerivedDataCache/Buckets/StaticMesh/ae/33/367b5f0059fdebe2d69aa308703fada83390.udd" 6951
"C:/Users/minls/AppData/Local/UnrealEngine/Common/DerivedDataCache/Buckets/LegacyNavCollision/dd/4f/0be68c678ef6a0abfbffb58f414a98b2c45d.udd" 6952
"E:/Workspace_ISECONVI/ISECONVI/Content/3DTeamAsset/Fantastic_Village_Pack/meshes/props/container/SM_PROP_barrel_02.uasset" 6953
"C:/Users/minls/AppData/Local/UnrealEngine/Common/DerivedDataCache/Buckets/StaticMesh/a5/69/850556516ffd4c49e8e1936ae73a0d4f9e83.udd" 6954
"C:/Users/minls/AppData/Local/UnrealEngine/Common/DerivedDataCache/Buckets/LegacyNavCollision/28/ee/a19daff86fe01962a8c28f597d8a9d7b841c.udd" 6955
"C:/Users/minls/AppData/Local/UnrealEngine/Common/DerivedDataCache/Buckets/LegacyDIST/b4/3b/0e7513e81a49b87d61b10165657963dee14e.udd" 6956
"C:/Users/minls/AppData/Local/UnrealEngine/Common/DerivedDataCache/Buckets/StaticMesh/4c/83/1ae743e5041617a072a71cd896c72fd97309.udd" 6957
"C:/Users/minls/AppData/Local/UnrealEngine/Common/DerivedDataCache/Buckets/LegacyDIST/1b/98/6efe26aa9cba2d5a19eec593a3a4f90309b0.udd" 6958
"E:/Workspace_ISECONVI/ISECONVI/Content/3DTeamAsset/Fantastic_Village_Pack/meshes/props/container/SM_PROP_barrel_06.uasset" 6959
"C:/Users/minls/AppData/Local/UnrealEngine/Common/DerivedDataCache/Buckets/LegacyCARD/a3/08/e635c36327728628bac62cbdeadbac0b6469.udd" 6960
"C:/Users/minls/AppData/Local/UnrealEngine/Common/DerivedDataCache/Buckets/LegacyDIST/8b/02/1c92ebb9a9442331c4bbf943aafa367eca1d.udd" 6961
"C:/Users/minls/AppData/Local/UnrealEngine/Common/DerivedDataCache/Buckets/LegacyCARD/d6/b3/276f462770a3446e8d3e617bb8007df5ad23.udd" 6962
"E:/Workspace_ISECONVI/ISECONVI/Content/3DTeamAsset/Fantastic_Village_Pack/meshes/props/container/SM_PROP_barrel_07.uasset" 6963
"C:/Users/minls/AppData/Local/UnrealEngine/Common/DerivedDataCache/Buckets/LegacyCARD/b4/d3/237e1a5ab5d6d32398056b027ac95472643a.udd" 6964
"C:/Users/minls/AppData/Local/UnrealEngine/Common/DerivedDataCache/Buckets/StaticMesh/d5/2f/ccd775e44302c40e397ba6588441afb14dd7.udd" 6965
"C:/Users/minls/AppData/Local/UnrealEngine/Common/DerivedDataCache/Buckets/LegacyDIST/5b/31/2c03cb373119f5ec58d2952c84c4fa14bece.udd" 6966
"E:/Workspace_ISECONVI/ISECONVI/Content/3DTeamAsset/Fantastic_Village_Pack/meshes/props/container/SM_PROP_box_05.uasset" 6967
"C:/Users/minls/AppData/Local/UnrealEngine/Common/DerivedDataCache/Buckets/StaticMesh/ee/41/6a086f92afb5dafe9fa2d1017ba4f0f55230.udd" 6968
"C:/Users/minls/AppData/Local/UnrealEngine/Common/DerivedDataCache/Buckets/LegacyChaosGeometryData/3a/10/3eab9ef2ec4de472417abe09ff93c3c6d013.udd" 6969
"C:/Users/minls/AppData/Local/UnrealEngine/Common/DerivedDataCache/Buckets/LegacyDIST/92/14/ae575accb00f019a687730f0522c75cd3fb2.udd" 6970
"C:/Users/minls/AppData/Local/UnrealEngine/Common/DerivedDataCache/Buckets/StaticMesh/83/d9/28f37ab67e44100a84ea0143878f79c4c89a.udd" 6971
"E:/Workspace_ISECONVI/ISECONVI/Content/3DTeamAsset/Fantastic_Village_Pack/meshes/props/container/SM_PROP_bucket_04.uasset" 6972
"C:/Users/minls/AppData/Local/UnrealEngine/Common/DerivedDataCache/Buckets/LegacyCARD/11/8a/4f73fa8c5732a7e879dd88e5fe60389ac4ad.udd" 6973
"C:/Users/minls/AppData/Local/UnrealEngine/Common/DerivedDataCache/Buckets/LegacyDIST/ba/b3/2c0a7b968fe0f3c8d0f730673d8c2a067a90.udd" 6974
"C:/Users/minls/AppData/Local/UnrealEngine/Common/DerivedDataCache/Buckets/LegacyCARD/25/88/9fae3b89d5ebead295251977a2791e13d35f.udd" 6975
"C:/Users/minls/AppData/Local/UnrealEngine/Common/DerivedDataCache/Buckets/LegacyCARD/cf/49/4d67c7f382b248ccf022318c8dff6ddc7b78.udd" 6976
"C:/Users/minls/AppData/Local/UnrealEngine/Common/DerivedDataCache/Buckets/LegacyNavCollision/1c/03/b23e99d279e904167f078089093bcdc9d877.udd" 6977
"C:/Users/minls/AppData/Local/UnrealEngine/Common/DerivedDataCache/Buckets/LegacyNavCollision/fb/ef/0543be685a9623489c09121de288086763e9.udd" 6978
"C:/Users/minls/AppData/Local/UnrealEngine/Common/DerivedDataCache/Buckets/LegacyNavCollision/88/f6/0bb4781f1af53629ce8b5c70700331714673.udd" 6979
"../../../../../Workspace_ISECONVI/ISECONVI/Content/3DTeamAsset/AssetsvilleTown/Meshes/Characters/SK_citizen_male_01.uasset" 6980
"C:/Users/minls/AppData/Local/UnrealEngine/Common/DerivedDataCache/Buckets/LegacyNavCollision/a1/4b/6d74808a244ce7d90aed2304306255fdf60a.udd" 6981
"E:/Workspace_ISECONVI/ISECONVI/Content/3DTeamAsset/Fantastic_Village_Pack/meshes/props/natural/SM_PROP_stone_01.uasset" 6982
"C:/Users/minls/AppData/Local/UnrealEngine/Common/DerivedDataCache/Buckets/LegacyNavCollision/6d/4a/b39761bce53d39c3fcd058f30b71a1fa0529.udd" 6983
"C:/Users/minls/AppData/Local/UnrealEngine/Common/DerivedDataCache/Buckets/LegacyNavCollision/fd/d9/f3160af8792010af619af7162e2035b60748.udd" 6984
"C:/Users/minls/AppData/Local/UnrealEngine/Common/DerivedDataCache/Buckets/StaticMesh/6c/2e/d68471cdbe030d794c5899626556ceb0a62e.udd" 6985
"E:/Workspace_ISECONVI/ISECONVI/Content/3DTeamAsset/Fantastic_Village_Pack/meshes/props/deco/SM_PROP_cup.uasset" 6986
"C:/Users/minls/AppData/Local/UnrealEngine/Common/DerivedDataCache/Buckets/StaticMesh/69/05/27b9c534c06e077ba1fd68d05df2b0f4201f.udd" 6987
"C:/Users/minls/AppData/Local/UnrealEngine/Common/DerivedDataCache/Buckets/LegacyDIST/e0/61/0b161c3376fbba75b56bca017efe0b3c23da.udd" 6988
"C:/Users/minls/AppData/Local/UnrealEngine/Common/DerivedDataCache/Buckets/LegacyDIST/76/c4/61efa509b3018ea4a7d817fc2c352945ce69.udd" 6989
"C:/Users/minls/AppData/Local/UnrealEngine/Common/DerivedDataCache/Buckets/LegacyCARD/8d/73/f593526a346f0fcd04c882cd4a2b56380d5b.udd" 6990
"C:/Users/minls/AppData/Local/UnrealEngine/Common/DerivedDataCache/Buckets/StaticMesh/84/45/13f1c500f288b2deb7c46b409e06b5fbd40a.udd" 6991
"C:/Users/minls/AppData/Local/UnrealEngine/Common/DerivedDataCache/Buckets/LegacyDIST/48/bd/9f4c5143021377e03c37f2dc13b5fe5af9d4.udd" 6992
"E:/Workspace_ISECONVI/ISECONVI/Content/3DTeamAsset/Fantastic_Village_Pack/meshes/props/food/SM_PROP_sack_11.uasset" 6993
"C:/Users/minls/AppData/Local/UnrealEngine/Common/DerivedDataCache/Buckets/LegacyCARD/72/01/d8e1649d73022113ab13893313dc2e22e2b7.udd" 6994
"C:/Users/minls/AppData/Local/UnrealEngine/Common/DerivedDataCache/Buckets/LegacyNavCollision/6a/e7/c4aca05185f6cad8af70a3b65cbdadfea389.udd" 6995
"E:/Workspace_ISECONVI/ISECONVI/Content/3DTeamAsset/Fantastic_Village_Pack/meshes/buildings/SM_BLD_chimney_v01_03.uasset" 6996
"C:/Users/minls/AppData/Local/UnrealEngine/Common/DerivedDataCache/Buckets/StaticMesh/a3/c7/aa6566b161a4ae6f325534c344823868b0d9.udd" 6997
"C:/Users/minls/AppData/Local/UnrealEngine/Common/DerivedDataCache/Buckets/LegacyCARD/1b/ce/dc70e1b30591da8fd3b55efb9cc7202a8eca.udd" 6998
"C:/Users/minls/AppData/Local/UnrealEngine/Common/DerivedDataCache/Buckets/LegacyNavCollision/7f/d1/e0d51a6306608ddc33b34a7b6af33291daad.udd" 6999
"C:/Users/minls/AppData/Local/UnrealEngine/Common/DerivedDataCache/Buckets/LegacyDIST/b7/1b/5cb95bcf384baa729319cd7af1f4319bf2a9.udd" 7000
"C:/Users/minls/AppData/Local/UnrealEngine/Common/DerivedDataCache/Buckets/StaticMesh/d7/8b/23f9cae287b1dec03c92ab9005a65a7dd32c.udd" 7001
"E:/Workspace_ISECONVI/ISECONVI/Content/3DTeamAsset/Fantastic_Village_Pack/meshes/props/deco/SM_PROP_pitchfork.uasset" 7002
"C:/Users/minls/AppData/Local/UnrealEngine/Common/DerivedDataCache/Buckets/LegacyCARD/65/61/c546500ae7dce047a7b4209bafcfcf25cbc2.udd" 7003
"C:/Users/minls/AppData/Local/UnrealEngine/Common/DerivedDataCache/Buckets/LegacyDIST/a4/6c/a927d99b78a9f3e382edc03f6717137dea01.udd" 7004
"C:/Users/minls/AppData/Local/UnrealEngine/Common/DerivedDataCache/Buckets/StaticMesh/f0/95/24782274c5b8d0744d9301230b1fb0907305.udd" 7005
"E:/Workspace_ISECONVI/ISECONVI/Content/3DTeamAsset/Fantastic_Village_Pack/meshes/props/deco/SM_PROP_plate_metal_01.uasset" 7006
"C:/Users/minls/AppData/Local/UnrealEngine/Common/DerivedDataCache/Buckets/LegacyCARD/c9/64/9c7441095c28193837514a76b548fcb60738.udd" 7007
"C:/Users/minls/AppData/Local/UnrealEngine/Common/DerivedDataCache/Buckets/LegacyNavCollision/46/e4/b5cc081c0500757f966040e5d663ca2e55cb.udd" 7008
"C:/Users/minls/AppData/Local/UnrealEngine/Common/DerivedDataCache/Buckets/LegacyDIST/32/1c/eedd869644cf225d9566e93abafca9b92444.udd" 7009
"C:/Users/minls/AppData/Local/UnrealEngine/Common/DerivedDataCache/Buckets/LegacyCARD/2e/d2/60cd76c8dff6859a0c1bc3dbcc756ad18d78.udd" 7010
"C:/Users/minls/AppData/Local/UnrealEngine/Common/DerivedDataCache/Buckets/LegacyNavCollision/1e/23/c962563effce70a5c3f8d79f4185c1d9530d.udd" 7011
"C:/Users/minls/AppData/Local/UnrealEngine/Common/DerivedDataCache/Buckets/LegacyNavCollision/f1/af/a458e943d4482d4143a6f9ff5b0b0ae8e553.udd" 7012
"E:/Workspace_ISECONVI/ISECONVI/Content/3DTeamAsset/Fantastic_Village_Pack/meshes/props/deco/SM_PROP_spoon_01.uasset" 7013
"C:/Users/minls/AppData/Local/UnrealEngine/Common/DerivedDataCache/Buckets/StaticMesh/ea/45/112ad94b3570623e0f80080e5f4799c2ba17.udd" 7014
"C:/Users/minls/AppData/Local/UnrealEngine/Common/DerivedDataCache/Buckets/LegacyNavCollision/12/0f/bf130cd782b56adaa902e690d3228fbbf1fe.udd" 7015
"C:/Users/minls/AppData/Local/UnrealEngine/Common/DerivedDataCache/Buckets/LegacyDIST/91/45/c94bd60869add6d9c5acd5d034de46b63818.udd" 7016
"C:/Users/minls/AppData/Local/UnrealEngine/Common/DerivedDataCache/Buckets/LegacyCARD/62/d7/6af8ca25deea20e6ebefb0c6bedff1858cb2.udd" 7017
"C:/Users/minls/AppData/Local/UnrealEngine/Common/DerivedDataCache/Buckets/StaticMesh/4b/f6/1f874d3fe3087634d6946e696e3747d05cee.udd" 7018
"E:/Workspace_ISECONVI/ISECONVI/Content/3DTeamAsset/Fantastic_Village_Pack/meshes/props/food/SM_PROP_bowl_metal.uasset" 7019
"C:/Users/minls/AppData/Local/UnrealEngine/Common/DerivedDataCache/Buckets/LegacyDIST/ad/25/edfa90deedbace799f7a7651286eadb1c916.udd" 7020
"C:/Users/minls/AppData/Local/UnrealEngine/Common/DerivedDataCache/Buckets/LegacyCARD/f1/f5/acc8de17b648f6a621b72cd617e2e80e5fdc.udd" 7021
"C:/Users/minls/AppData/Local/UnrealEngine/Common/DerivedDataCache/Buckets/StaticMesh/b8/00/0bbe2fb72b2b53832c150edab085fd3bed99.udd" 7022
"E:/Workspace_ISECONVI/ISECONVI/Content/3DTeamAsset/AssetsvilleTown/Meshes/Buildings/SM_buildingBarn_01.uasset" 7023
"C:/Users/minls/AppData/Local/UnrealEngine/Common/DerivedDataCache/Buckets/LegacyNavCollision/9c/75/63755f96f4ff6c5e0b112c9239b2b824c4b9.udd" 7024
"C:/Users/minls/AppData/Local/UnrealEngine/Common/DerivedDataCache/Buckets/LegacyDIST/ff/48/5342a85cb10dff2bbba62fbc2313fc5bd658.udd" 7025
"C:/Users/minls/AppData/Local/UnrealEngine/Common/DerivedDataCache/Buckets/LegacyNavCollision/89/c1/12cf4496b3a245256eb7ccd8ae13f360ab20.udd" 7026
"C:/Users/minls/AppData/Local/UnrealEngine/Common/DerivedDataCache/Buckets/LegacyCARD/04/52/ec07860e13e41380c040ea5c02ead2303ca0.udd" 7027
"C:/Users/minls/AppData/Local/UnrealEngine/Common/DerivedDataCache/Buckets/StaticMesh/c4/6a/2925cdd58cdf45df1092898f3d323d8d407c.udd" 7028
"E:/Workspace_ISECONVI/ISECONVI/Content/3DTeamAsset/AssetsvilleTown/Meshes/GroundTilset/SM_grassHill_01.uasset" 7029
"C:/Users/minls/AppData/Local/UnrealEngine/Common/DerivedDataCache/Buckets/LegacyDIST/c4/bb/d9099a317efe83a86c4e0128a5c15b906828.udd" 7030
"C:/Users/minls/AppData/Local/UnrealEngine/Common/DerivedDataCache/Buckets/StaticMesh/6e/21/7df7d34bad7c2ae76afe310e7143f4b98291.udd" 7031
"C:/Users/minls/AppData/Local/UnrealEngine/Common/DerivedDataCache/Buckets/LegacyNavCollision/5a/a3/450ac2281267363c5f0a570c626f9ea91292.udd" 7032
"E:/Workspace_ISECONVI/ISECONVI/Content/CartoonSkyShader/Materials/MaterialFunctions/LightFunction/M_LightFunction_Sky.uasset" 7033
"C:/Users/minls/AppData/Local/UnrealEngine/Common/DerivedDataCache/Buckets/LegacyCARD/cd/45/03118194994817fad5dd6eff21e727884c54.udd" 7034
"C:/Users/minls/AppData/Local/UnrealEngine/Common/DerivedDataCache/Buckets/LegacyDIST/46/19/1849452a55bc5249434eb9ce503e46754512.udd" 7035
"C:/Users/minls/AppData/Local/UnrealEngine/Common/DerivedDataCache/Buckets/LegacyCARD/c2/c6/fa4d33ac1297d64d31d2dbc3233ce4b6ee78.udd" 7036
"C:/Users/minls/AppData/Local/UnrealEngine/Common/DerivedDataCache/Buckets/StaticMesh/13/c4/0d96f10e42389365688e455279ec129cce66.udd" 7037
"C:/Users/minls/AppData/Local/UnrealEngine/Common/DerivedDataCache/Buckets/LegacyNavCollision/d4/79/a4e510361f4ffde9e3750ac93f4e8bc500ea.udd" 7038
"../../../Engine/Content/Functions/Engine_MaterialFunctions01/Texturing/WorldAlignedNormal.uasset" 7039
"C:/Users/minls/AppData/Local/UnrealEngine/Common/DerivedDataCache/Buckets/LegacyDIST/3e/ed/b86ab0d4d22ed91aad8681b43d817d9bf6a3.udd" 7040
"C:/Users/minls/AppData/Local/UnrealEngine/Common/DerivedDataCache/Buckets/LegacyCARD/44/8d/8cb60073b3719c544b9b0288a5391ca178fa.udd" 7041
"C:/Users/minls/AppData/Local/UnrealEngine/Common/DerivedDataCache/Buckets/LegacyNavCollision/cc/2a/498e37e46b7aedea9e9794658c408ae2ab95.udd" 7042
"C:/Users/minls/AppData/Local/UnrealEngine/Common/DerivedDataCache/Buckets/StaticMesh/99/7e/4dfbae4fb420fdc3452248ec29224ddd415b.udd" 7043
"E:/Workspace_ISECONVI/ISECONVI/Content/3DTeamAsset/ProceduralBiomes/Materials/MaterialFunctions/MF_SimpleWind.uasset" 7044
"C:/Users/minls/AppData/Local/UnrealEngine/Common/DerivedDataCache/Buckets/LegacyDIST/16/c0/2259704b8fa2e63a3a1f5bc9064028a7c53e.udd" 7045
"C:/Users/minls/AppData/Local/UnrealEngine/Common/DerivedDataCache/Buckets/LegacyCARD/8e/4f/fe0ec6b1ec7d9619ace010e9a446a959a9d3.udd" 7046
"C:/Users/minls/AppData/Local/UnrealEngine/Common/DerivedDataCache/Buckets/LegacyNavCollision/64/20/e9c4af5be402aed46e46d83d9be1fe1abe89.udd" 7047
"C:/Users/minls/AppData/Local/UnrealEngine/Common/DerivedDataCache/Buckets/StaticMesh/c4/35/e02421aaf86083616e4009a58d7cf1267665.udd" 7048
"E:/Workspace_ISECONVI/ISECONVI/Content/3DTeamAsset/Fantastic_Village_Pack/meshes/props/construction/SM_PROP_wall_wood_post_02.uasset" 7049
"C:/Users/minls/AppData/Local/UnrealEngine/Common/DerivedDataCache/Buckets/LegacyDIST/74/e6/d3eac3fa2b482734af3831430bb619ff48a8.udd" 7050
"C:/Users/minls/AppData/Local/UnrealEngine/Common/DerivedDataCache/Buckets/StaticMesh/f9/5d/f567a62d8b32b40e7ec2c00bf2210b001bc1.udd" 7051
"E:/Workspace_ISECONVI/ISECONVI/Content/3DTeamAsset/Fantastic_Village_Pack/meshes/props/deco/SM_PROP_well.uasset" 7052
"C:/Users/minls/AppData/Local/UnrealEngine/Common/DerivedDataCache/Buckets/LegacyCARD/19/7d/38fdb576d5ed9c6d3ebfe933b162cc9ade80.udd" 7053
"C:/Users/minls/AppData/Local/UnrealEngine/Common/DerivedDataCache/Buckets/LegacyDIST/66/de/5a812ef09bc9cb540625dbb51e7e42af9832.udd" 7054
"C:/Users/minls/AppData/Local/UnrealEngine/Common/DerivedDataCache/Buckets/LegacyNavCollision/84/7c/a326283edd8e8421f2f3a7ffa770dd70b2b8.udd" 7055
"E:/Workspace_ISECONVI/ISECONVI/Content/3DTeamAsset/Fantastic_Village_Pack/meshes/props/natural/SM_PROP_treetrunk_01.uasset" 7056
"C:/Users/minls/AppData/Local/UnrealEngine/Common/DerivedDataCache/Buckets/LegacyCARD/97/72/86d6e6f3f1d7d7bd43f795cdfa15c0e4d535.udd" 7057
"C:/Users/minls/AppData/Local/UnrealEngine/Common/DerivedDataCache/Buckets/LegacyNavCollision/11/c9/091c4d626a609039f403b1fd6d28b2256d7b.udd" 7058
"C:/Users/minls/AppData/Local/UnrealEngine/Common/DerivedDataCache/Buckets/StaticMesh/22/94/186214156ff10dfd3b6870b7c54592f04c81.udd" 7059
"../../../../../Workspace_ISECONVI/ISECONVI/Content/3DTeamAsset/AssetsvilleTown/Meshes/StreetProps/SM_trash_bin_big.uasset" 7060
"C:/Users/minls/AppData/Local/UnrealEngine/Common/DerivedDataCache/Buckets/LegacyDIST/01/00/576207f76b66308a8b364fd1a594c1a779e0.udd" 7061
"../../../../../Workspace_ISECONVI/ISECONVI/Content/3DTeamAsset/AssetsvilleTown/Meshes/StreetProps/SM_Water_Tank_01.uasset" 7062
"C:/Users/minls/AppData/Local/UnrealEngine/Common/DerivedDataCache/Buckets/StaticMesh/be/7a/001580bbb00df057d4b00705a1d1432712c8.udd" 7063
"../../../../../Workspace_ISECONVI/ISECONVI/Content/3DTeamAsset/AssetsvilleTown/Meshes/StreetProps/SM_wooden_blocks.uasset" 7064
"../../../../../Workspace_ISECONVI/ISECONVI/Content/3DTeamAsset/AssetsvilleTown/Meshes/InteriorProps/House/SM_foodCakePlate.uasset" 7065
"C:/Users/minls/AppData/Local/UnrealEngine/Common/DerivedDataCache/Buckets/LegacyNavCollision/9d/7e/0b1590e1988b70a7eb921634a9d342d46620.udd" 7066
"../../../../../Workspace_ISECONVI/ISECONVI/Content/3DTeamAsset/AssetsvilleTown/Meshes/InteriorProps/House/SM_kitchenCabinet_007.uasset" 7067
"../../../../../Workspace_ISECONVI/ISECONVI/Content/3DTeamAsset/AssetsvilleTown/Meshes/InteriorProps/House/SM_kitchenCabinet_008.uasset" 7068
"../../../../../Workspace_ISECONVI/ISECONVI/Content/3DTeamAsset/AssetsvilleTown/Meshes/InteriorProps/House/SM_kitchenCabinet_009.uasset" 7069
"C:/Users/minls/AppData/Local/UnrealEngine/Common/DerivedDataCache/Buckets/LegacyDIST/9f/31/b081fd350f966bbb74a52f1ad5deac51c43b.udd" 7070
"../../../../../Workspace_ISECONVI/ISECONVI/Content/3DTeamAsset/AssetsvilleTown/Meshes/InteriorProps/House/SM_kitchenPot_01.uasset" 7071
"../../../../../Workspace_ISECONVI/ISECONVI/Content/3DTeamAsset/AssetsvilleTown/Meshes/InteriorProps/Other/SM_fruitTable_03.uasset" 7072
"../../../../../Workspace_ISECONVI/ISECONVI/Content/3DTeamAsset/AssetsvilleTown/Meshes/StreetProps/SM_Windmill_01.uasset" 7073
"C:/Users/minls/AppData/Local/UnrealEngine/Common/DerivedDataCache/Buckets/LegacyCARD/18/72/f0a595fdc11af042ae5feb877a455fb3be22.udd" 7074
"../../../../../Workspace_ISECONVI/ISECONVI/Content/3DTeamAsset/Fantastic_Village_Pack/meshes/props/food/SM_PROP_bowl_wood_01.uasset" 7075
"C:/Users/minls/AppData/Local/UnrealEngine/Common/DerivedDataCache/Buckets/LegacyCARD/97/22/c7eafd70639cb1ac6f6a265d6901bebfe7fd.udd" 7076
"../../../../../Workspace_ISECONVI/ISECONVI/Content/3DTeamAsset/Fantastic_Village_Pack/meshes/buildings/SM_BLD_body_add_v02_01.uasset" 7077
"C:/Users/minls/AppData/Local/UnrealEngine/Common/DerivedDataCache/Buckets/LegacyNavCollision/35/81/a303013c5059b43e28f9dce960e7805b0961.udd" 7078
"../../../../../Workspace_ISECONVI/ISECONVI/Content/3DTeamAsset/Fantastic_Village_Pack/meshes/buildings/SM_BLD_stairs_v02_01.uasset" 7079
"../../../../../Workspace_ISECONVI/ISECONVI/Content/3DTeamAsset/Fantastic_Village_Pack/meshes/props/deco/SM_PROP_firepit.uasset" 7080
"../../../../../Workspace_ISECONVI/ISECONVI/Content/3DTeamAsset/Fantastic_Village_Pack/meshes/buildings/SM_BLD_base_v01_01.uasset" 7081
"C:/Users/minls/AppData/Local/UnrealEngine/Common/DerivedDataCache/Buckets/LegacyNavCollision/67/6e/5fa861241984f3f08eba7f1fc02311c290ec.udd" 7082
"../../../../../Workspace_ISECONVI/ISECONVI/Content/3DTeamAsset/Fantastic_Village_Pack/meshes/buildings/SM_BLD_base_v04_02.uasset" 7083
"../../../../../Workspace_ISECONVI/ISECONVI/Content/3DTeamAsset/Fantastic_Village_Pack/meshes/buildings/SM_BLD_stairs_v01_01.uasset" 7084
"../../../../../Workspace_ISECONVI/ISECONVI/Content/3DTeamAsset/Fantastic_Village_Pack/meshes/props/construction/SM_PROP_bridge_wood_02.uasset" 7085
"../../../../../Workspace_ISECONVI/ISECONVI/Content/3DTeamAsset/Fantastic_Village_Pack/meshes/props/furniture/SM_PROP_bench_02.uasset" 7086
"../../../../../Workspace_ISECONVI/ISECONVI/Content/3DTeamAsset/Fantastic_Village_Pack/meshes/props/furniture/SM_PROP_chair_03.uasset" 7087
"../../../../../Workspace_ISECONVI/ISECONVI/Content/3DTeamAsset/Fantastic_Village_Pack/meshes/props/furniture/SM_PROP_market_shelf_01.uasset" 7088
"../../../../../Workspace_ISECONVI/ISECONVI/Content/3DTeamAsset/Fantastic_Village_Pack/meshes/props/furniture/SM_PROP_market_shelf_03.uasset" 7089
"../../../../../Workspace_ISECONVI/ISECONVI/Content/3DTeamAsset/Fantastic_Village_Pack/meshes/props/furniture/SM_PROP_table_01.uasset" 7090
"../../../../../Workspace_ISECONVI/ISECONVI/Content/3DTeamAsset/Fantastic_Village_Pack/meshes/props/construction/SM_PROP_walkway_wood.uasset" 7091
"../../../../../Workspace_ISECONVI/ISECONVI/Content/3DTeamAsset/Fantastic_Village_Pack/meshes/props/container/SM_PROP_barrel_01.uasset" 7092
"../../../../../Workspace_ISECONVI/ISECONVI/Content/3DTeamAsset/Fantastic_Village_Pack/meshes/props/container/SM_PROP_barrel_02.uasset" 7093
"../../../../../Workspace_ISECONVI/ISECONVI/Content/3DTeamAsset/Fantastic_Village_Pack/meshes/props/container/SM_PROP_barrel_06.uasset" 7094
"../../../../../Workspace_ISECONVI/ISECONVI/Content/3DTeamAsset/Fantastic_Village_Pack/meshes/props/container/SM_PROP_barrel_07.uasset" 7095
"../../../../../Workspace_ISECONVI/ISECONVI/Content/3DTeamAsset/Fantastic_Village_Pack/meshes/props/container/SM_PROP_box_05.uasset" 7096
"../../../../../Workspace_ISECONVI/ISECONVI/Content/3DTeamAsset/Fantastic_Village_Pack/meshes/props/container/SM_PROP_bucket_04.uasset" 7097
"../../../../../Workspace_ISECONVI/ISECONVI/Content/3DTeamAsset/Fantastic_Village_Pack/meshes/props/natural/SM_PROP_stone_01.uasset" 7098
"E:/Workspace_ISECONVI/ISECONVI/Content/3DTeamAsset/Fantastic_Village_Pack/meshes/buildings/SM_BLD_windmill_sail.uasset" 7099
"E:/Workspace_ISECONVI/ISECONVI/Content/3DTeamAsset/Fantastic_Village_Pack/meshes/props/construction/SM_PROP_market_v01_01.uasset" 7100
"E:/Workspace_ISECONVI/ISECONVI/Content/3DTeamAsset/Fantastic_Village_Pack/meshes/props/construction/SM_PROP_market_v04_01.uasset" 7101
"C:/Users/minls/AppData/Local/UnrealEngine/Common/DerivedDataCache/Buckets/StaticMesh/2a/8c/a570789eb82edab801d0249c5210b76bf045.udd" 7102
"C:/Users/minls/AppData/Local/UnrealEngine/Common/DerivedDataCache/Buckets/LegacyDIST/e2/ad/b2178d7ec7090faed5e65683892369823d44.udd" 7103
"C:/Users/minls/AppData/Local/UnrealEngine/Common/DerivedDataCache/Buckets/LegacyCARD/d6/f0/6fceabeab088e78101e9a40a5f17635245f6.udd" 7104
"E:/Workspace_ISECONVI/ISECONVI/Content/3DTeamAsset/Fantastic_Village_Pack/meshes/props/deco/SM_PROP_signpost_01.uasset" 7105
"C:/Users/minls/AppData/Local/UnrealEngine/Common/DerivedDataCache/Buckets/LegacyNavCollision/ce/5e/e18e8f4bac9ffdafd0783c5e84143735349f.udd" 7106
"C:/Users/minls/AppData/Local/UnrealEngine/Common/DerivedDataCache/Buckets/StaticMesh/2f/60/0d553d5b5b68597dae766747f3f61bbb83bb.udd" 7107
"E:/Workspace_ISECONVI/ISECONVI/Content/3DTeamAsset/Fantastic_Village_Pack/meshes/props/deco/SM_PROP_signpost_02.uasset" 7108
"C:/Users/minls/AppData/Local/UnrealEngine/Common/DerivedDataCache/Buckets/LegacyDIST/f1/9f/6c835a25e613cde876905ae0e2ea4c5d95b7.udd" 7109
"C:/Users/minls/AppData/Local/UnrealEngine/Common/DerivedDataCache/Buckets/LegacyCARD/80/b5/7e6278c712b02bff17ffe14a467e8c35a20a.udd" 7110
"C:/Users/minls/AppData/Local/UnrealEngine/Common/DerivedDataCache/Buckets/LegacyNavCollision/b9/e5/299f9d6f36cd6db7a92443395754c11fe731.udd" 7111
"E:/Workspace_ISECONVI/ISECONVI/Content/3DTeamAsset/Fantastic_Village_Pack/meshes/props/deco/SM_PROP_board_01.uasset" 7112
"C:/Users/minls/AppData/Local/UnrealEngine/Common/DerivedDataCache/Buckets/StaticMesh/ba/0e/264ff0497eab9db6650d20146b1e90bb4ee0.udd" 7113
"C:/Users/minls/AppData/Local/UnrealEngine/Common/DerivedDataCache/Buckets/StaticMesh/99/76/fa41790e748d12848a48b0f251730f0a54e2.udd" 7114
"C:/Users/minls/AppData/Local/UnrealEngine/Common/DerivedDataCache/Buckets/LegacyDIST/d3/aa/8d99407e6f902b7b3ca7641a3b6c6cb716fe.udd" 7115
"C:/Users/minls/AppData/Local/UnrealEngine/Common/DerivedDataCache/Buckets/LegacyCARD/a4/05/909e8691de4211aa271ee3a1c2efc1d390bc.udd" 7116
"C:/Users/minls/AppData/Local/UnrealEngine/Common/DerivedDataCache/Buckets/LegacyDIST/d5/41/39095b092b2338730b88fa88f157ac2ed134.udd" 7117
"E:/Workspace_ISECONVI/ISECONVI/Content/3DTeamAsset/Fantastic_Village_Pack/meshes/props/deco/SM_PROP_paper_03.uasset" 7118
"C:/Users/minls/AppData/Local/UnrealEngine/Common/DerivedDataCache/Buckets/LegacyCARD/0e/58/4c4fb445d4d3ee24d4f31e640bd15bb5c4d4.udd" 7119
"C:/Users/minls/AppData/Local/UnrealEngine/Common/DerivedDataCache/Buckets/StaticMesh/0e/04/8ad2a65ed5ce9cc7fc58c77f32348213fbeb.udd" 7120
"C:/Users/minls/AppData/Local/UnrealEngine/Common/DerivedDataCache/Buckets/LegacyNavCollision/52/20/1c8c5cda1a9f4edc4d7811a65692fd1b5918.udd" 7121
"C:/Users/minls/AppData/Local/UnrealEngine/Common/DerivedDataCache/Buckets/LegacyDIST/d7/bd/838d4cbe1330165310f3fd56e17dffa9ad12.udd" 7122
"C:/Users/minls/AppData/Local/UnrealEngine/Common/DerivedDataCache/Buckets/LegacyNavCollision/19/c7/35eda57e2c7c33d7ef47d3dd51f82a00b9c4.udd" 7123
"C:/Users/minls/AppData/Local/UnrealEngine/Common/DerivedDataCache/Buckets/LegacyCARD/85/bb/d24be2589f7c536c669637a9d81317f05f17.udd" 7124
"C:/Users/minls/AppData/Local/UnrealEngine/Common/DerivedDataCache/Buckets/StaticMesh/0b/e6/1d8c8964eddfc162f5a398225475b0cb8e26.udd" 7125
"C:/Users/minls/AppData/Local/UnrealEngine/Common/DerivedDataCache/Buckets/StaticMesh/b1/96/71acd7d3f52350bdab3e828f3b4ea17abe7d.udd" 7126
"C:/Users/minls/AppData/Local/UnrealEngine/Common/DerivedDataCache/Buckets/LegacyDIST/f5/29/790ccf75f0029b763ecff2e9522b1a4420f3.udd" 7127
"E:/Workspace_ISECONVI/ISECONVI/Content/3DTeamAsset/Fantastic_Village_Pack/meshes/props/deco/SM_PROP_poster_01.uasset" 7128
"C:/Users/minls/AppData/Local/UnrealEngine/Common/DerivedDataCache/Buckets/LegacyCARD/ab/c3/8f8a76250a9f9a8d5c74fbb88c13700e67a0.udd" 7129
"C:/Users/minls/AppData/Local/UnrealEngine/Common/DerivedDataCache/Buckets/LegacyDIST/e5/42/2bb9cb75d3365175810fa810ccb4b88bd45b.udd" 7130
"C:/Users/minls/AppData/Local/UnrealEngine/Common/DerivedDataCache/Buckets/LegacyNavCollision/98/9c/1fc8ea2dc3bc29ed6246ca1b2d29032c1ddf.udd" 7131
"C:/Users/minls/AppData/Local/UnrealEngine/Common/DerivedDataCache/Buckets/LegacyCARD/71/28/7439bba30aa1e96ca0fa8e892e4820667804.udd" 7132
"C:/Users/minls/AppData/Local/UnrealEngine/Common/DerivedDataCache/Buckets/LegacyNavCollision/7d/46/8a58a644e5bd9cd1abe07270e1bf5f1daeb3.udd" 7133
"C:/Users/minls/AppData/Local/UnrealEngine/Common/DerivedDataCache/Buckets/LegacyNavCollision/a7/55/45ee69efcc95e27ebf597cee1157d36d4caa.udd" 7134
"C:/Users/minls/AppData/Local/UnrealEngine/Common/DerivedDataCache/Buckets/StaticMesh/8f/54/6e4818266960eb2c0b212f22c2a420bdc6bd.udd" 7135
"E:/Workspace_ISECONVI/ISECONVI/Content/3DTeamAsset/Fantastic_Village_Pack/meshes/props/deco/SM_PROP_poster_02.uasset" 7136
"C:/Users/minls/AppData/Local/UnrealEngine/Common/DerivedDataCache/Buckets/LegacyDIST/8a/c3/c78d8e016a8b6e44e670f934f654375a2aa6.udd" 7137
"C:/Users/minls/AppData/Local/UnrealEngine/Common/DerivedDataCache/Buckets/StaticMesh/c8/7d/3a11ca3dd3fa6b5e8298fffccf80cb59b6ea.udd" 7138
"E:/Workspace_ISECONVI/ISECONVI/Content/3DTeamAsset/Fantastic_Village_Pack/meshes/props/deco/SM_PROP_horsestation.uasset" 7139
"C:/Users/minls/AppData/Local/UnrealEngine/Common/DerivedDataCache/Buckets/LegacyDIST/8a/64/17ad4155c442f1f7b19bb1aa48cacb34a0c2.udd" 7140
"C:/Users/minls/AppData/Local/UnrealEngine/Common/DerivedDataCache/Content/c8/a8/23ce0e23da6cf645d408e04f0ecc78fe3eb8.udd" 7141
"C:/Users/minls/AppData/Local/UnrealEngine/Common/DerivedDataCache/Buckets/LegacyCARD/c9/5d/036072eb4a564acfa6de70c20a26ff7fe01e.udd" 7142
"C:/Users/minls/AppData/Local/UnrealEngine/Common/DerivedDataCache/Buckets/LegacyCARD/50/47/f0c486620cc0408e6b05b02d83e3c5d6e896.udd" 7143
"E:/Workspace_ISECONVI/ISECONVI/Content/3DTeamAsset/Fantastic_Village_Pack/meshes/props/deco/SM_PROP_sign_02.uasset" 7144
"C:/Users/minls/AppData/Local/UnrealEngine/Common/DerivedDataCache/Buckets/LegacyNavCollision/d1/77/446c78f65e2c5a9f069e5df32168b9131a9b.udd" 7145
"C:/Users/minls/AppData/Local/UnrealEngine/Common/DerivedDataCache/Buckets/LegacyNavCollision/40/08/a0761d6c89a6942f15bf59865c29388d7a51.udd" 7146
"E:/Workspace_ISECONVI/ISECONVI/Content/3DTeamAsset/Fantastic_Village_Pack/meshes/props/deco/SM_PROP_sign_03.uasset" 7147
"E:/Workspace_ISECONVI/ISECONVI/Content/3DTeamAsset/Fantastic_Village_Pack/meshes/props/deco/SM_PROP_sign_04.uasset" 7148
"C:/Users/minls/AppData/Local/UnrealEngine/Common/DerivedDataCache/Buckets/StaticMesh/f5/24/aaef5d3eb7bca34be2adec6fbda96c6737b8.udd" 7149
"E:/Workspace_ISECONVI/ISECONVI/Content/3DTeamAsset/Fantastic_Village_Pack/meshes/props/deco/SM_PROP_sign_05.uasset" 7150
"C:/Users/minls/AppData/Local/UnrealEngine/Common/DerivedDataCache/Buckets/LegacyDIST/ed/2c/9351b68f9f62d4396b04451801f2817d5278.udd" 7151
"C:/Users/minls/AppData/Local/UnrealEngine/Common/DerivedDataCache/Buckets/LegacyCARD/22/b6/5b7645543fac0421b26302f3998b93535c37.udd" 7152
"C:/Users/minls/AppData/Local/UnrealEngine/Common/DerivedDataCache/Buckets/StaticMesh/53/c9/0ae4767e54a202a1dc9e3dd68c21f4601242.udd" 7153
"E:/Workspace_ISECONVI/ISECONVI/Content/3DTeamAsset/Fantastic_Village_Pack/meshes/props/deco/SM_PROP_sign_06.uasset" 7154
"C:/Users/minls/AppData/Local/UnrealEngine/Common/DerivedDataCache/Buckets/LegacyDIST/cc/a1/f7d751808c08779deddb1178ca3d4d509482.udd" 7155
"C:/Users/minls/AppData/Local/UnrealEngine/Common/DerivedDataCache/Buckets/LegacyNavCollision/00/dd/f4611f45d8d71f9b3fde63abcb92190e34c9.udd" 7156
"C:/Users/minls/AppData/Local/UnrealEngine/Common/DerivedDataCache/Buckets/StaticMesh/a8/21/032c942c90f3cce449829a3deee3061ea681.udd" 7157
"E:/Workspace_ISECONVI/ISECONVI/Content/3DTeamAsset/Fantastic_Village_Pack/meshes/props/container/SM_PROP_barrel_05.uasset" 7158
"C:/Users/minls/AppData/Local/UnrealEngine/Common/DerivedDataCache/Buckets/LegacyCARD/61/d9/ec535a8d02402330df8e3148824dfc1fc651.udd" 7159
"C:/Users/minls/AppData/Local/UnrealEngine/Common/DerivedDataCache/Buckets/LegacyDIST/7b/f3/eb3804789a2d2db7b43a76dd4230c6f93e27.udd" 7160
"C:/Users/minls/AppData/Local/UnrealEngine/Common/DerivedDataCache/Buckets/StaticMesh/78/ba/f09a2a5f248577266c2761007b8434d5abb2.udd" 7161
"C:/Users/minls/AppData/Local/UnrealEngine/Common/DerivedDataCache/Buckets/LegacyCARD/ae/8e/3f82241a337d383030d8a7257edc11bc4b5d.udd" 7162
"C:/Users/minls/AppData/Local/UnrealEngine/Common/DerivedDataCache/Buckets/LegacyDIST/b6/15/5e6571da0dbff00d070c4ca048920765483f.udd" 7163
"C:/Users/minls/AppData/Local/UnrealEngine/Common/DerivedDataCache/Buckets/LegacyNavCollision/95/21/99c94a96aaf6769f06243959071a570d3e10.udd" 7164
"C:/Users/minls/AppData/Local/UnrealEngine/Common/DerivedDataCache/Buckets/LegacyNavCollision/e9/e3/8217e3ce7bb59caff59d6d7ec723bd6430b5.udd" 7165
"C:/Users/minls/AppData/Local/UnrealEngine/Common/DerivedDataCache/Buckets/LegacyCARD/fd/dd/035db2054f547873c428e9645605a47eff69.udd" 7166
"C:/Users/minls/AppData/Local/UnrealEngine/Common/DerivedDataCache/Buckets/LegacyNavCollision/3c/2b/079aff64f0450463b814f00ab3434c1111fa.udd" 7167
"E:/Workspace_ISECONVI/ISECONVI/Content/3DTeamAsset/Fantastic_Village_Pack/meshes/props/container/SM_PROP_box_03.uasset" 7168
"C:/Users/minls/AppData/Local/UnrealEngine/Common/DerivedDataCache/Buckets/StaticMesh/df/25/ecdcc01b4ac438e869064776358cd077f1f4.udd" 7169
"C:/Users/minls/AppData/Local/UnrealEngine/Common/DerivedDataCache/Buckets/LegacyDIST/a3/0c/78df4153011fa6cea0e44db3b0f88db98626.udd" 7170
"E:/Workspace_ISECONVI/ISECONVI/Content/3DTeamAsset/Fantastic_Village_Pack/meshes/props/food/SM_PROP_bottle_08.uasset" 7171
"C:/Users/minls/AppData/Local/UnrealEngine/Common/DerivedDataCache/Buckets/LegacyCARD/6b/1e/665a50831d8af2a1c9c7aad0c23ce80999a2.udd" 7172
"C:/Users/minls/AppData/Local/UnrealEngine/Common/DerivedDataCache/Buckets/MaterialShaderMap/79/11/55caf341c20f03de16ffd1c6ad5c649a591e.udd" 7173
"C:/Users/minls/AppData/Local/UnrealEngine/Common/DerivedDataCache/Buckets/LegacyNavCollision/df/6b/929c3b709c53e30e607aafee09c59b59fa8d.udd" 7174
"C:/Users/minls/AppData/Local/UnrealEngine/Common/DerivedDataCache/Buckets/StaticMesh/33/81/bc9b73827006d5c1892b4bebe470a9a5387f.udd" 7175
"E:/Workspace_ISECONVI/ISECONVI/Content/3DTeamAsset/Fantastic_Village_Pack/meshes/props/food/SM_PROP_bottle_09.uasset" 7176
"C:/Users/minls/AppData/Local/UnrealEngine/Common/DerivedDataCache/Buckets/LegacyDIST/b7/40/0a0e9a15f5b8af2a1d4d8528a5c83d97d5a4.udd" 7177
"C:/Users/minls/AppData/Local/UnrealEngine/Common/DerivedDataCache/Buckets/LegacyCARD/e1/48/9e344504c029473d67abf3063db8b07b0cdb.udd" 7178
"C:/Users/minls/AppData/Local/UnrealEngine/Common/DerivedDataCache/Buckets/StaticMesh/21/7b/6b2f9b29cae403c814bcd65693b9865595b4.udd" 7179
"C:/Users/minls/AppData/Local/UnrealEngine/Common/DerivedDataCache/Buckets/LegacyDIST/b7/68/114453d75a0e9458304c6b828705471ab626.udd" 7180
"C:/Users/minls/AppData/Local/UnrealEngine/Common/DerivedDataCache/Buckets/LegacyCARD/8d/69/9d9e3f8b5d06e438f6e9bec1af0bd442dd4a.udd" 7181
"C:/Users/minls/AppData/Local/UnrealEngine/Common/DerivedDataCache/Buckets/LegacyNavCollision/7a/95/287e5a663255c01797c0d09566fccb3ebeb0.udd" 7182
"C:/Users/minls/AppData/Local/UnrealEngine/Common/DerivedDataCache/Buckets/LegacyNavCollision/79/61/2269851e46a4211c7bb3c79a1149a92c04b7.udd" 7183
"E:/Workspace_ISECONVI/ISECONVI/Content/3DTeamAsset/Fantastic_Village_Pack/meshes/props/food/SM_PROP_cookingpot_small.uasset" 7184
"C:/Users/minls/AppData/Local/UnrealEngine/Common/DerivedDataCache/Buckets/MaterialShaderMap/a6/df/4a105b4be719f37912d503e37c8961e85676.udd" 7185
"C:/Users/minls/AppData/Local/UnrealEngine/Common/DerivedDataCache/Buckets/StaticMesh/30/26/d0a0f14e44521505460a5373abc64f413158.udd" 7186
"E:/Workspace_ISECONVI/ISECONVI/Content/3DTeamAsset/Fantastic_Village_Pack/meshes/props/food/SM_PROP_crate_03.uasset" 7187
"C:/Users/minls/AppData/Local/UnrealEngine/Common/DerivedDataCache/Buckets/LegacyDIST/be/1f/38665d93ede1fbf10f146949f214ab816f15.udd" 7188
"C:/Users/minls/AppData/Local/UnrealEngine/Common/DerivedDataCache/Buckets/LegacyCARD/f3/79/d7fa950d1bbb62db9d421e3b938fe6de73ee.udd" 7189
"C:/Users/minls/AppData/Local/UnrealEngine/Common/DerivedDataCache/Buckets/StaticMesh/e8/ed/3543438cff7fb64faeb9f7161029c2af10b9.udd" 7190
"E:/Workspace_ISECONVI/ISECONVI/Content/3DTeamAsset/Fantastic_Village_Pack/meshes/props/food/SM_PROP_crate_04.uasset" 7191
"C:/Users/minls/AppData/Local/UnrealEngine/Common/DerivedDataCache/Buckets/LegacyDIST/ef/8c/6dca699abb43c4393bb637531e5f87ada783.udd" 7192
"C:/Users/minls/AppData/Local/UnrealEngine/Common/DerivedDataCache/Buckets/LegacyNavCollision/3f/13/042e3304f7f58eb1c4b36a828ca0b6a258c3.udd" 7193
"C:/Users/minls/AppData/Local/UnrealEngine/Common/DerivedDataCache/Buckets/LegacyCARD/77/b1/8a8d88da5ef13b4ffa6335c898b67c8bd58a.udd" 7194
"C:/Users/minls/AppData/Local/UnrealEngine/Common/DerivedDataCache/Buckets/StaticMesh/6e/0d/2588fe7311c652a826d46c6326673c000cb2.udd" 7195
"E:/Workspace_ISECONVI/ISECONVI/Content/3DTeamAsset/Fantastic_Village_Pack/meshes/props/food/SM_PROP_crate_05.uasset" 7196
"C:/Users/minls/AppData/Local/UnrealEngine/Common/DerivedDataCache/Buckets/LegacyDIST/e9/c1/96918e45eef0037085a2f21594bfa4d4fe0b.udd" 7197
"C:/Users/minls/AppData/Local/UnrealEngine/Common/DerivedDataCache/Buckets/LegacyCARD/a1/72/08f30481e8196060f7a2de59bd88e8000bd1.udd" 7198
"C:/Users/minls/AppData/Local/UnrealEngine/Common/DerivedDataCache/Buckets/StaticMesh/f8/90/59a053b02e26ee69640288fdb39caf87255f.udd" 7199
"C:/Users/minls/AppData/Local/UnrealEngine/Common/DerivedDataCache/Buckets/LegacyNavCollision/43/3c/e7bcce0dbb83fb4c56a0b947cbd3ff13d650.udd" 7200
"E:/Workspace_ISECONVI/ISECONVI/Content/3DTeamAsset/Fantastic_Village_Pack/meshes/props/food/SM_PROP_food_bread_11.uasset" 7201
"C:/Users/minls/AppData/Local/UnrealEngine/Common/DerivedDataCache/Buckets/LegacyDIST/ab/ed/b042eb943ddd9b486d03b30bcbb1dab4ce97.udd" 7202
"C:/Users/minls/AppData/Local/UnrealEngine/Common/DerivedDataCache/Buckets/LegacyNavCollision/bd/62/c978fa53b1da76995d2e52d55e1627494cea.udd" 7203
"C:/Users/minls/AppData/Local/UnrealEngine/Common/DerivedDataCache/Buckets/LegacyCARD/83/da/11ce07ec904a12ecefadf2be49dc1000ff68.udd" 7204
"C:/Users/minls/AppData/Local/UnrealEngine/Common/DerivedDataCache/Buckets/StaticMesh/fb/83/33db1b58d06bc1f2f1566480a28fe8b3744c.udd" 7205
"E:/Workspace_ISECONVI/ISECONVI/Content/3DTeamAsset/Fantastic_Village_Pack/meshes/props/food/SM_PROP_food_cheese_05.uasset" 7206
"C:/Users/minls/AppData/Local/UnrealEngine/Common/DerivedDataCache/Buckets/LegacyDIST/9b/53/9ac176744ab7b4e61e131fce3fc2fa46e7d3.udd" 7207
"C:/Users/minls/AppData/Local/UnrealEngine/Common/DerivedDataCache/Buckets/LegacyNavCollision/8f/08/e8486289d8a6ea86fadfb8db95c2b22acdd4.udd" 7208
"C:/Users/minls/AppData/Local/UnrealEngine/Common/DerivedDataCache/Buckets/LegacyCARD/b7/f2/ac59cfd89a4412a4ac84dcd68776740671e0.udd" 7209
"C:/Users/minls/AppData/Local/UnrealEngine/Common/DerivedDataCache/Buckets/StaticMesh/63/93/58dce50c873c4e89dad67fe2573bbc0b2f12.udd" 7210
"E:/Workspace_ISECONVI/ISECONVI/Content/3DTeamAsset/Fantastic_Village_Pack/meshes/props/food/SM_PROP_food_meat_10.uasset" 7211
"C:/Users/minls/AppData/Local/UnrealEngine/Common/DerivedDataCache/Buckets/LegacyNavCollision/b1/74/6c05b56d9408c2b2494a81e0220979d6b682.udd" 7212
"C:/Users/minls/AppData/Local/UnrealEngine/Common/DerivedDataCache/Buckets/LegacyDIST/e0/5b/53db99abff9c278d9568d2b56860d5d0d597.udd" 7213
"C:/Users/minls/AppData/Local/UnrealEngine/Common/DerivedDataCache/Buckets/LegacyCARD/fb/c7/3fae55365b1bcbda0ede403e6fa6c2227595.udd" 7214
"C:/Users/minls/AppData/Local/UnrealEngine/Common/DerivedDataCache/Buckets/StaticMesh/cb/2b/13984205333ed04ef67fc4c95e41399f2c12.udd" 7215
"E:/Workspace_ISECONVI/ISECONVI/Content/3DTeamAsset/Fantastic_Village_Pack/meshes/props/food/SM_PROP_sack_10.uasset" 7216
"C:/Users/minls/AppData/Local/UnrealEngine/Common/DerivedDataCache/Buckets/LegacyDIST/23/a1/9f77e9376f1a237448bd8fbd7cad3f4308eb.udd" 7217
"C:/Users/minls/AppData/Local/UnrealEngine/Common/DerivedDataCache/Buckets/LegacyNavCollision/db/66/1b86faec21375c3f0313980739783363f848.udd" 7218
"C:/Users/minls/AppData/Local/UnrealEngine/Common/DerivedDataCache/Buckets/LegacyCARD/9c/2f/54b835b426986d9063bd846c8bc2392ea47a.udd" 7219
"C:/Users/minls/AppData/Local/UnrealEngine/Common/DerivedDataCache/Buckets/StaticMesh/e2/6a/a2f4e86e269d30d93b63d5fe04d0453e6ec5.udd" 7220
"E:/Workspace_ISECONVI/ISECONVI/Content/3DTeamAsset/Fantastic_Village_Pack/meshes/props/food/SM_PROP_sack_09.uasset" 7221
"C:/Users/minls/AppData/Local/UnrealEngine/Common/DerivedDataCache/Buckets/LegacyDIST/7b/6d/48f03f162bf6223b206e21186b5af9b2b824.udd" 7222
"C:/Users/minls/AppData/Local/UnrealEngine/Common/DerivedDataCache/Buckets/LegacyCARD/e2/c1/903da2ee51667312a5f61b41f76d2e1578b6.udd" 7223
"C:/Users/minls/AppData/Local/UnrealEngine/Common/DerivedDataCache/Buckets/LegacyNavCollision/19/26/86eb7fc2316c01c2fa3e25202966054a7c4c.udd" 7224
"C:/Users/minls/AppData/Local/UnrealEngine/Common/DerivedDataCache/Buckets/StaticMesh/eb/23/b9b5a46395c80d0a9d09eb313f16997c3325.udd" 7225
"E:/Workspace_ISECONVI/ISECONVI/Content/3DTeamAsset/Fantastic_Village_Pack/meshes/props/light/SM_PROP_brazier_01.uasset" 7226
"C:/Users/minls/AppData/Local/UnrealEngine/Common/DerivedDataCache/Buckets/LegacyDIST/3c/1c/88c2a215146b39525c3aa52ce3222df82495.udd" 7227
"C:/Users/minls/AppData/Local/UnrealEngine/Common/DerivedDataCache/Buckets/LegacyNavCollision/d7/23/1f187213cc087ac873e3cfe7d751092ea143.udd" 7228
"C:/Users/minls/AppData/Local/UnrealEngine/Common/DerivedDataCache/Buckets/LegacyCARD/ca/ac/0238c8584c50ae7d7caa36eada265c21012d.udd" 7229
"C:/Users/minls/AppData/Local/UnrealEngine/Common/DerivedDataCache/Buckets/StaticMesh/80/55/e8bb62cdd3dcb98c1f70759b3284e14c91be.udd" 7230
"E:/Workspace_ISECONVI/ISECONVI/Content/3DTeamAsset/ProceduralBiomes/Meshes/SM_R_Background_b.uasset" 7231
"C:/Users/minls/AppData/Local/UnrealEngine/Common/DerivedDataCache/Buckets/LegacyDIST/0e/c0/6e64504686afef08646f693b83cf873f6336.udd" 7232
"C:/Users/minls/AppData/Local/UnrealEngine/Common/DerivedDataCache/Buckets/LegacyNavCollision/ce/61/20f2c3fcbdd2e348c76c6ea9db4e5bf599fb.udd" 7233
"C:/Users/minls/AppData/Local/UnrealEngine/Common/DerivedDataCache/Buckets/LegacyCARD/71/64/38acc6c22ac8eb9715e33446b5c6e5ba0e1e.udd" 7234
"C:/Users/minls/AppData/Local/UnrealEngine/Common/DerivedDataCache/Buckets/StaticMesh/2e/83/2d66090967999cda534ff450f865ac5e5f79.udd" 7235
"E:/Workspace_ISECONVI/ISECONVI/Content/MSPresets/M_MS_Glass_Material/M_MS_Glass_Material.uasset" 7236
"C:/Users/minls/AppData/Local/UnrealEngine/Common/DerivedDataCache/Buckets/LegacyDIST/47/79/c1007178ff2d09aca7115d2d18897a95319a.udd" 7237
"C:/Users/minls/AppData/Local/UnrealEngine/Common/DerivedDataCache/Buckets/LegacyCARD/e3/2b/494b68e9e2bf3a7637e0e849d1e28b8ccdc4.udd" 7238
"C:/Users/minls/AppData/Local/UnrealEngine/Common/DerivedDataCache/Buckets/LegacyNavCollision/de/ff/0a61587d95771bd1cab9ba9aa5231a4fade1.udd" 7239
"C:/Users/minls/AppData/Local/UnrealEngine/Common/DerivedDataCache/Buckets/StaticMesh/56/a6/54fcc94d1932f7b64566efefdd89dad93785.udd" 7240
"C:/Users/minls/AppData/Local/UnrealEngine/Common/DerivedDataCache/Buckets/LegacyDIST/72/bb/7a174b00c8deaeb630ad877dec5c21036710.udd" 7241
"C:/Users/minls/AppData/Local/UnrealEngine/Common/DerivedDataCache/Buckets/LegacyNavCollision/4c/28/ee1942d83cc3b3b5d842c6a20a3ce210f1f3.udd" 7242
"C:/Users/minls/AppData/Local/UnrealEngine/Common/DerivedDataCache/Buckets/LegacyCARD/02/74/d6bf9a94a3ffdd01232c1bc741f50a08d31e.udd" 7243
"C:/Users/minls/AppData/Local/UnrealEngine/Common/DerivedDataCache/Buckets/StaticMesh/8f/15/114cd73a59fe68d57e83dcbf1a34ad7564a5.udd" 7244
"../../../../../Workspace_ISECONVI/ISECONVI/Content/3DTeamAsset/Fantastic_Village_Pack/meshes/props/deco/SM_PROP_cup.uasset" 7245
"../../../../../Workspace_ISECONVI/ISECONVI/Content/3DTeamAsset/Fantastic_Village_Pack/meshes/props/food/SM_PROP_sack_11.uasset" 7246
"C:/Users/minls/AppData/Local/UnrealEngine/Common/DerivedDataCache/Buckets/LegacyDIST/45/2b/ccf1dfcec409d97b7df3feeff5826181b32d.udd" 7247
"../../../../../Workspace_ISECONVI/ISECONVI/Content/3DTeamAsset/Fantastic_Village_Pack/meshes/buildings/SM_BLD_chimney_v01_03.uasset" 7248
"C:/Users/minls/AppData/Local/UnrealEngine/Common/DerivedDataCache/Buckets/LegacyNavCollision/1d/a5/b771c6c21473ba4bd2633b3931403b38a35a.udd" 7249
"../../../../../Workspace_ISECONVI/ISECONVI/Content/3DTeamAsset/Fantastic_Village_Pack/meshes/props/deco/SM_PROP_pitchfork.uasset" 7250
"C:/Users/minls/AppData/Local/UnrealEngine/Common/DerivedDataCache/Buckets/LegacyCARD/f7/3d/735a2e188a40dc776623d0a9a3cae29fb116.udd" 7251
"../../../../../Workspace_ISECONVI/ISECONVI/Content/3DTeamAsset/Fantastic_Village_Pack/meshes/props/deco/SM_PROP_plate_metal_01.uasset" 7252
"../../../../../Workspace_ISECONVI/ISECONVI/Content/3DTeamAsset/Fantastic_Village_Pack/meshes/props/deco/SM_PROP_spoon_01.uasset" 7253
"../../../../../Workspace_ISECONVI/ISECONVI/Content/3DTeamAsset/Fantastic_Village_Pack/meshes/props/food/SM_PROP_bowl_metal.uasset" 7254
"../../../../../Workspace_ISECONVI/ISECONVI/Content/3DTeamAsset/AssetsvilleTown/Meshes/Buildings/SM_buildingBarn_01.uasset" 7255
"C:/Users/minls/AppData/Local/UnrealEngine/Common/DerivedDataCache/Buckets/LegacyNavCollision/02/0f/fa4335707bbe259cec1ad642f083745ae7b2.udd" 7256
"../../../../../Workspace_ISECONVI/ISECONVI/Content/3DTeamAsset/AssetsvilleTown/Meshes/GroundTilset/SM_grassHill_01.uasset" 7257
"../../../../../Workspace_ISECONVI/ISECONVI/Content/3DTeamAsset/Fantastic_Village_Pack/meshes/props/construction/SM_PROP_wall_wood_post_02.uasset" 7258
"../../../../../Workspace_ISECONVI/ISECONVI/Content/3DTeamAsset/Fantastic_Village_Pack/meshes/props/deco/SM_PROP_well.uasset" 7259
"../../../../../Workspace_ISECONVI/ISECONVI/Content/3DTeamAsset/Fantastic_Village_Pack/meshes/props/natural/SM_PROP_treetrunk_01.uasset" 7260
"../../../../../Workspace_ISECONVI/ISECONVI/Content/3DTeamAsset/Fantastic_Village_Pack/meshes/buildings/SM_BLD_windmill_sail.uasset" 7261
"../../../../../Workspace_ISECONVI/ISECONVI/Content/3DTeamAsset/Fantastic_Village_Pack/meshes/props/construction/SM_PROP_market_v01_01.uasset" 7262
"../../../../../Workspace_ISECONVI/ISECONVI/Content/3DTeamAsset/Fantastic_Village_Pack/meshes/props/construction/SM_PROP_market_v04_01.uasset" 7263
"../../../../../Workspace_ISECONVI/ISECONVI/Content/3DTeamAsset/Fantastic_Village_Pack/meshes/props/deco/SM_PROP_signpost_01.uasset" 7264
"../../../../../Workspace_ISECONVI/ISECONVI/Content/3DTeamAsset/Fantastic_Village_Pack/meshes/props/deco/SM_PROP_signpost_02.uasset" 7265
"../../../../../Workspace_ISECONVI/ISECONVI/Content/3DTeamAsset/Fantastic_Village_Pack/meshes/props/deco/SM_PROP_board_01.uasset" 7266
"../../../../../Workspace_ISECONVI/ISECONVI/Content/3DTeamAsset/Fantastic_Village_Pack/meshes/props/deco/SM_PROP_paper_03.uasset" 7267
"../../../../../Workspace_ISECONVI/ISECONVI/Content/3DTeamAsset/Fantastic_Village_Pack/meshes/props/deco/SM_PROP_poster_01.uasset" 7268
"../../../../../Workspace_ISECONVI/ISECONVI/Content/3DTeamAsset/Fantastic_Village_Pack/meshes/props/deco/SM_PROP_poster_02.uasset" 7269
"../../../../../Workspace_ISECONVI/ISECONVI/Content/3DTeamAsset/Fantastic_Village_Pack/meshes/props/deco/SM_PROP_horsestation.uasset" 7270
"../../../../../Workspace_ISECONVI/ISECONVI/Content/3DTeamAsset/Fantastic_Village_Pack/meshes/props/deco/SM_PROP_sign_02.uasset" 7271
"../../../../../Workspace_ISECONVI/ISECONVI/Content/3DTeamAsset/Fantastic_Village_Pack/meshes/props/deco/SM_PROP_sign_03.uasset" 7272
"../../../../../Workspace_ISECONVI/ISECONVI/Content/3DTeamAsset/Fantastic_Village_Pack/meshes/props/deco/SM_PROP_sign_04.uasset" 7273
"../../../../../Workspace_ISECONVI/ISECONVI/Content/3DTeamAsset/Fantastic_Village_Pack/meshes/props/deco/SM_PROP_sign_05.uasset" 7274
"../../../../../Workspace_ISECONVI/ISECONVI/Content/3DTeamAsset/Fantastic_Village_Pack/meshes/props/deco/SM_PROP_sign_06.uasset" 7275
"../../../../../Workspace_ISECONVI/ISECONVI/Content/3DTeamAsset/Fantastic_Village_Pack/meshes/props/container/SM_PROP_barrel_05.uasset" 7276
"../../../../../Workspace_ISECONVI/ISECONVI/Content/3DTeamAsset/Fantastic_Village_Pack/meshes/props/container/SM_PROP_box_03.uasset" 7277
"E:/Workspace_ISECONVI/ISECONVI/Content/3DTeamAsset/Environment_DreamscapeSeries/DreamscapeTower/Materials/Trees/Billboards/MI_TreeA_01_BB.uasset" 7278
"E:/Workspace_ISECONVI/ISECONVI/Content/3DTeamAsset/Environment_DreamscapeSeries/DreamscapeTower/Materials/Trees/Billboards/MI_TreeA_03_BB.uasset" 7279
"E:/Workspace_ISECONVI/ISECONVI/Content/3DTeamAsset/Environment_DreamscapeSeries/DreamscapeTower/Materials/Trees/Billboards/MI_TreeB_02_BB.uasset" 7280
"E:/Workspace_ISECONVI/ISECONVI/Content/3DTeamAsset/Environment_DreamscapeSeries/DreamscapeTower/Materials/Trees/Billboards/MI_TreeC_01_BB.uasset" 7281
"E:/Workspace_ISECONVI/ISECONVI/Content/3DTeamAsset/Environment_DreamscapeSeries/DreamscapeTower/Materials/Trees/Billboards/MI_TreeC_02_BB.uasset" 7282
"C:/Users/minls/AppData/Local/UnrealEngine/Common/DerivedDataCache/Buckets/StaticMesh/38/54/f0b25584eab5a3aa43f07f96848ad87ebfea.udd" 7283
"C:/Users/minls/AppData/Local/UnrealEngine/Common/DerivedDataCache/Buckets/LegacyDIST/93/a0/0a7eb2e185ddfafa9b30d6a64c66a1886111.udd" 7284
"C:/Users/minls/AppData/Local/UnrealEngine/Common/DerivedDataCache/Buckets/StaticMesh/e7/25/129d50e191b6c8d7be1e5b00a5ab66bb0741.udd" 7285
"C:/Users/minls/AppData/Local/UnrealEngine/Common/DerivedDataCache/Buckets/StaticMesh/fd/fe/de715b982a469fa7aa784db2883ceeaab729.udd" 7286
"C:/Users/minls/AppData/Local/UnrealEngine/Common/DerivedDataCache/Buckets/LegacyCARD/2b/93/dc7e834c8296995552aa5e64b05b3259eeb6.udd" 7287
"C:/Users/minls/AppData/Local/UnrealEngine/Common/DerivedDataCache/Buckets/LegacyDIST/19/70/1d75ae19b2fee5a5d942508d96a03d128c8b.udd" 7288
"C:/Users/minls/AppData/Local/UnrealEngine/Common/DerivedDataCache/Buckets/LegacyCARD/fe/38/6636d248b012708f203eceb7dcb0b79ba9bc.udd" 7289
"E:/Workspace_ISECONVI/ISECONVI/Content/3DTeamAsset/Environment_DreamscapeSeries/DreamscapeTower/Materials/Trees/Billboards/MI_TreeF_02_BB.uasset" 7290
"C:/Users/minls/AppData/Local/UnrealEngine/Common/DerivedDataCache/Buckets/LegacyDIST/d3/27/3bfdcf4388e7070b758848b97fd0a384d7ca.udd" 7291
"C:/Users/minls/AppData/Local/UnrealEngine/Common/DerivedDataCache/Buckets/LegacyNavCollision/ba/42/f39e6d8848d72618afa095ac957cf2b57a72.udd" 7292
"C:/Users/minls/AppData/Local/UnrealEngine/Common/DerivedDataCache/Buckets/StaticMesh/07/a5/60d4c620fd4bf74186b7cb8194965a60b05d.udd" 7293
"C:/Users/minls/AppData/Local/UnrealEngine/Common/DerivedDataCache/Buckets/LegacyNavCollision/81/24/10898e6c025380cd447bc91fb852c5941f5e.udd" 7294
"C:/Users/minls/AppData/Local/UnrealEngine/Common/DerivedDataCache/Buckets/LegacyDIST/61/7e/e9b818022088fa68896b7bbb209ed77ae9b8.udd" 7295
"C:/Users/minls/AppData/Local/UnrealEngine/Common/DerivedDataCache/Buckets/StaticMesh/bc/10/73f18df881ca6ae7ae6a97e71f8dae150c05.udd" 7296
"E:/Workspace_ISECONVI/ISECONVI/Content/3DTeamAsset/Environment_DreamscapeSeries/DreamscapeTower/Materials/Trees/Billboards/MI_TreeD_02_BB.uasset" 7297
"C:/Users/minls/AppData/Local/UnrealEngine/Common/DerivedDataCache/Buckets/LegacyCARD/9d/39/296a2484b086f5c3ac2bad3b461ac1f74b5c.udd" 7298
"C:/Users/minls/AppData/Local/UnrealEngine/Common/DerivedDataCache/Buckets/LegacyDIST/cd/1d/f7111b791f2aeedd490325e15d12e851ab6e.udd" 7299
"C:/Users/minls/AppData/Local/UnrealEngine/Common/DerivedDataCache/Buckets/LegacyCARD/a3/99/47849ff060428bb1f5c259528c723690bf26.udd" 7300
"C:/Users/minls/AppData/Local/UnrealEngine/Common/DerivedDataCache/Buckets/StaticMesh/79/be/49a15a154e7f27ad448ee9a532c91092f516.udd" 7301
"C:/Users/minls/AppData/Local/UnrealEngine/Common/DerivedDataCache/Buckets/LegacyNavCollision/27/3f/2052785e26d43491ebd023b8c187770facb4.udd" 7302
"C:/Users/minls/AppData/Local/UnrealEngine/Common/DerivedDataCache/Buckets/LegacyDIST/15/f0/551153c726d3217042e0bc00b0ea6ca1859b.udd" 7303
"C:/Users/minls/AppData/Local/UnrealEngine/Common/DerivedDataCache/Buckets/StaticMesh/4c/be/c62365b3cdc2d7ccaf9efc7ffc53815b566b.udd" 7304
"C:/Users/minls/AppData/Local/UnrealEngine/Common/DerivedDataCache/Buckets/LegacyCARD/e2/87/2e267a512f4b84f2fa64d51bb370a975fdfc.udd" 7305
"C:/Users/minls/AppData/Local/UnrealEngine/Common/DerivedDataCache/Buckets/LegacyDIST/05/17/d69bed5e5673dac701fcdb2fb04b769af2bd.udd" 7306
"C:/Users/minls/AppData/Local/UnrealEngine/Common/DerivedDataCache/Buckets/LegacyCARD/02/1c/3ba229c6e3b367bd270eec9b5f77b06a76fd.udd" 7307
"C:/Users/minls/AppData/Local/UnrealEngine/Common/DerivedDataCache/Buckets/LegacyCARD/ac/8a/706dc4dd88d17b9dce90c112dcdd73997eec.udd" 7308
"C:/Users/minls/AppData/Local/UnrealEngine/Common/DerivedDataCache/Buckets/LegacyNavCollision/a6/3e/3ebea5cc6f906b320b6671bce5d38ee6c0d8.udd" 7309
"C:/Users/minls/AppData/Local/UnrealEngine/Common/DerivedDataCache/Buckets/LegacyNavCollision/4c/c6/505595b0b64146d623a2f8e933ce8527caa4.udd" 7310
"E:/Workspace_ISECONVI/ISECONVI/Content/3DTeamAsset/Environment_DreamscapeSeries/DreamscapeTower/Materials/Trees/Billboards/MI_TreeF_01_BB.uasset" 7311
"C:/Users/minls/AppData/Local/UnrealEngine/Common/DerivedDataCache/Buckets/LegacyNavCollision/6c/88/15db5f0751dee5beee44ed8781d341fb8c69.udd" 7312
"C:/Users/minls/AppData/Local/UnrealEngine/Common/DerivedDataCache/Buckets/StaticMesh/03/00/beb8a3e5bdef888a3988b31082b92101712a.udd" 7313
"C:/Users/minls/AppData/Local/UnrealEngine/Common/DerivedDataCache/Buckets/LegacyDIST/83/22/455eecb239e877fb64fb8cb6e5f86c33a051.udd" 7314
"C:/Users/minls/AppData/Local/UnrealEngine/Common/DerivedDataCache/Buckets/LegacyCARD/7c/c7/b13be77864af61389205191fe963e870867e.udd" 7315
"E:/Workspace_ISECONVI/ISECONVI/Content/3DTeamAsset/Environment_DreamscapeSeries/SharedResources/Materials/Foliage/M_Tree_GlobalWind_Master.uasset" 7316
"C:/Users/minls/AppData/Local/UnrealEngine/Common/DerivedDataCache/Buckets/LegacyNavCollision/df/a9/a561b7c37850f39c4d3435bb27084259556c.udd" 7317
"C:/Users/minls/AppData/Local/UnrealEngine/Common/DerivedDataCache/Buckets/StaticMesh/a2/08/62c24c497fa67b1d192f3d1b168284be3ba7.udd" 7318
"C:/Users/minls/AppData/Local/UnrealEngine/Common/DerivedDataCache/Buckets/LegacyNavCollision/b9/1e/bcef86841d9a4de844664aa0783e19750665.udd" 7319
"C:/Users/minls/AppData/Local/UnrealEngine/Common/DerivedDataCache/Buckets/LegacyDIST/29/ca/bbc1346c634569703f93c80ba82c730f371b.udd" 7320
"C:/Users/minls/AppData/Local/UnrealEngine/Common/DerivedDataCache/Buckets/LegacyCARD/af/c5/d1a9d5be72ab5a84ec88d8329aca285472ae.udd" 7321
"E:/Workspace_ISECONVI/ISECONVI/Content/DreamscapeSeries/SharedResources/Materials/Foliage/M_Tree_GlobalWind_Master.uasset" 7322
"C:/Users/minls/AppData/Local/UnrealEngine/Common/DerivedDataCache/Buckets/StaticMesh/66/61/7fa2abff2432a5fa4bdf53db378cc8f01366.udd" 7323
"C:/Users/minls/AppData/Local/UnrealEngine/Common/DerivedDataCache/Buckets/LegacyNavCollision/a8/f3/bd8dde7cf55a218c3b836d60b7ed92212e0a.udd" 7324
"C:/Users/minls/AppData/Local/UnrealEngine/Common/DerivedDataCache/Buckets/LegacyDIST/5c/63/4c9e3c1f7af38086883b0fb97e6f6917a9df.udd" 7325
"C:/Users/minls/AppData/Local/UnrealEngine/Common/DerivedDataCache/Buckets/LegacyCARD/6f/90/4fe593554867c065aff2eb38915bd0eed2c2.udd" 7326
"C:/Users/minls/AppData/Local/UnrealEngine/Common/DerivedDataCache/Buckets/StaticMesh/62/09/40c3ba7ee6dea5aba7da4ffdd91323fd3415.udd" 7327
"E:/Workspace_ISECONVI/ISECONVI/Content/3DTeamAsset/Environment_DreamscapeSeries/DreamscapeTower/Materials/Foliage/MI_GrassMedium.uasset" 7328
"C:/Users/minls/AppData/Local/UnrealEngine/Common/DerivedDataCache/Buckets/LegacyDIST/b5/ac/181b7b8a55525217d8d352a2a1e8f8f5b312.udd" 7329
"C:/Users/minls/AppData/Local/UnrealEngine/Common/DerivedDataCache/Buckets/LegacyCARD/02/d8/9b64f48f7eb6a8e8c6d4018558fe86cae3bc.udd" 7330
"C:/Users/minls/AppData/Local/UnrealEngine/Common/DerivedDataCache/Buckets/LegacyNavCollision/3a/92/eaa567312ec7dfc80bf290a6d023409f6465.udd" 7331
"C:/Users/minls/AppData/Local/UnrealEngine/Common/DerivedDataCache/Buckets/StaticMesh/0a/36/86aaf0b41c401fd944f20cbf0f3a0d90b1ec.udd" 7332
"E:/Workspace_ISECONVI/ISECONVI/Content/CartoonSkyShader/Materials/CartoonSky/M_CartoonSky.uasset" 7333
"E:/Workspace_ISECONVI/ISECONVI/Content/DreamscapeSeries/DreamscapeTower/Materials/Trees/Billboards/MI_TreeA_03_BB.uasset" 7334
"C:/Users/minls/AppData/Local/UnrealEngine/Common/DerivedDataCache/Buckets/LegacyDIST/4a/70/68f4d6fe257dc90f9a644dba7ac03cf0b229.udd" 7335
"C:/Users/minls/AppData/Local/UnrealEngine/Common/DerivedDataCache/Buckets/LegacyNavCollision/a4/9e/cb57a9e4492bab9a9ba3f684d858798124ac.udd" 7336
"C:/Users/minls/AppData/Local/UnrealEngine/Common/DerivedDataCache/Buckets/LegacyCARD/35/43/5f74c0e4b730da13d1169516a26a1a39231c.udd" 7337
"C:/Users/minls/AppData/Local/UnrealEngine/Common/DerivedDataCache/Buckets/LegacyNavCollision/43/18/380beb51278a1f3308dab8b4bebeb727bf63.udd" 7338
"C:/Users/minls/AppData/Local/UnrealEngine/Common/DerivedDataCache/Buckets/StaticMesh/ed/43/f167440fade0101c07a5526ffab40a784ef4.udd" 7339
"C:/Users/minls/AppData/Local/UnrealEngine/Common/DerivedDataCache/Content/5f/4a/60fb2879425f66842d5404638c6a0b2b9890.udd" 7340
"E:/Workspace_ISECONVI/ISECONVI/Content/3DTeamAsset/PN_MeadowFlowers/Materials/MaterialFunctions/PN_AnimationShader.uasset" 7341
"E:/Workspace_ISECONVI/ISECONVI/Content/BusinessSequence/UI/WBP_HUD_DayAndMoney.uasset" 7342
"../../../../../Workspace_ISECONVI/ISECONVI/Content/3DTeamAsset/Fantastic_Village_Pack/meshes/props/food/SM_PROP_bottle_08.uasset" 7343
"../../../../../Workspace_ISECONVI/ISECONVI/Content/3DTeamAsset/Fantastic_Village_Pack/meshes/props/food/SM_PROP_bottle_09.uasset" 7344
"../../../../../Workspace_ISECONVI/ISECONVI/Content/3DTeamAsset/Fantastic_Village_Pack/meshes/props/food/SM_PROP_cookingpot_small.uasset" 7345
"../../../../../Workspace_ISECONVI/ISECONVI/Content/3DTeamAsset/Fantastic_Village_Pack/meshes/props/food/SM_PROP_crate_03.uasset" 7346
"../../../../../Workspace_ISECONVI/ISECONVI/Content/3DTeamAsset/Fantastic_Village_Pack/meshes/props/food/SM_PROP_crate_04.uasset" 7347
"../../../../../Workspace_ISECONVI/ISECONVI/Content/3DTeamAsset/Fantastic_Village_Pack/meshes/props/food/SM_PROP_crate_05.uasset" 7348
"../../../../../Workspace_ISECONVI/ISECONVI/Content/3DTeamAsset/Fantastic_Village_Pack/meshes/props/food/SM_PROP_food_bread_11.uasset" 7349
"../../../../../Workspace_ISECONVI/ISECONVI/Content/3DTeamAsset/Fantastic_Village_Pack/meshes/props/food/SM_PROP_food_cheese_05.uasset" 7350
"../../../../../Workspace_ISECONVI/ISECONVI/Content/3DTeamAsset/Fantastic_Village_Pack/meshes/props/food/SM_PROP_food_meat_10.uasset" 7351
"../../../../../Workspace_ISECONVI/ISECONVI/Content/3DTeamAsset/Fantastic_Village_Pack/meshes/props/food/SM_PROP_sack_10.uasset" 7352
"../../../../../Workspace_ISECONVI/ISECONVI/Content/3DTeamAsset/Fantastic_Village_Pack/meshes/props/food/SM_PROP_sack_09.uasset" 7353
"../../../../../Workspace_ISECONVI/ISECONVI/Content/3DTeamAsset/Fantastic_Village_Pack/meshes/props/light/SM_PROP_brazier_01.uasset" 7354
"C:/Users/minls/AppData/Local/UnrealEngine/Common/DerivedDataCache/Buckets/LegacyDIST/6b/0e/afafce12f160e0f0698ad7d6412793fd62eb.udd" 7355
"C:/Users/minls/AppData/Local/UnrealEngine/Common/DerivedDataCache/Content/ed/7a/a358b3c43f35b1bc00c41725731b1c7e888e.udd" 7356
"C:/Users/minls/AppData/Local/UnrealEngine/Common/DerivedDataCache/Buckets/LegacyCARD/ce/25/61f5b8f84fc34d6ade0c90d8a6479e4c4188.udd" 7357
"C:/Users/minls/AppData/Local/UnrealEngine/Common/DerivedDataCache/Buckets/LegacyChaosGeometryData/2d/88/adc5d593bc1588d1b8a514a1ea325e84014a.udd" 7358
"../../../Engine/Plugins/Interchange/Runtime/Content/gltf/M_Transmission.uasset" 7359
"C:/Users/minls/AppData/Local/UnrealEngine/Common/DerivedDataCache/Content/fe/5d/e24586b92dff50032c1112601fef471634a8.udd" 7360
"C:/Users/minls/AppData/Local/UnrealEngine/Common/DerivedDataCache/Buckets/LegacyNavCollision/28/46/0057c709ec2b458c49ab9bdd4a9d7cdcfffc.udd" 7361
"../../../../../Workspace_ISECONVI/ISECONVI/Content/3DTeamAsset/ProceduralBiomes/Meshes/SM_R_Background_b.uasset" 7362
"../../../Engine/Plugins/Interchange/Runtime/Content/gltf/M_Sheen.uasset" 7363
"../../../Engine/Plugins/Interchange/Runtime/Content/gltf/M_Translucent.uasset" 7364
"E:/Workspace_ISECONVI/ISECONVI/Content/3DTeamAsset/ProceduralBiomes/Meshes/SM_RocksScatter01.uasset" 7365
"E:/Workspace_ISECONVI/ISECONVI/Content/3DTeamAsset/ProceduralBiomes/Materials/MI_Road_A01.uasset" 7366
"../../../Engine/Plugins/Interchange/Runtime/Content/gltf/M_Opaque.uasset" 7367
"E:/Workspace_ISECONVI/ISECONVI/Content/CartoonSkyShader/Materials/MaterialFunctions/LightFunction/MI_LightFunction_Sky.uasset" 7368
"../../../Engine/Plugins/Interchange/Runtime/Content/gltf/MaterialInstances_MR/MI_Opaque_Unlit_TS.uasset" 7369
"../../../Engine/Plugins/Interchange/Runtime/Content/gltf/MaterialInstances_MR/MI_Opaque_Unlit.uasset" 7370
"E:/Workspace_ISECONVI/ISECONVI/Content/3DTeamAsset/ProceduralBiomes/Materials/MaterialFunctions/MF_Snow.uasset" 7371
"E:/Workspace_ISECONVI/ISECONVI/Content/TravelSequence/Travel_Actor/BP_WindmillArm.uasset" 7372
"E:/Workspace_ISECONVI/ISECONVI/Content/MSPresets/M_MS_Glass_Material/MI_Convi_Glass1.uasset" 7373
"E:/Workspace_ISECONVI/ISECONVI/Content/MSPresets/M_MS_Glass_Material/MI_Convi_Glass2.uasset" 7374
"E:/Workspace_ISECONVI/ISECONVI/Content/3DTeamAsset/Environment_DreamscapeSeries/DreamscapeTower/Materials/Trees/MI_TreeLeaves_01.uasset" 7375
"E:/Workspace_ISECONVI/ISECONVI/Content/3DTeamAsset/Environment_DreamscapeSeries/DreamscapeTower/Materials/Trees/MI_TreeTrunk_01.uasset" 7376
"E:/Workspace_ISECONVI/ISECONVI/Content/DreamscapeSeries/DreamscapeTower/Materials/Trees/MI_TreeLeaves_01.uasset" 7377
"C:/Users/minls/AppData/Local/UnrealEngine/Common/DerivedDataCache/Buckets/MaterialShaderMap/34/83/b2af00a0454d5d2da7f7c15279c43daedb22.udd" 7378
"C:/Users/minls/AppData/Local/UnrealEngine/Common/DerivedDataCache/Buckets/MaterialShaderMap/50/aa/2ee2d0b6c4bce120f7914706a0e97d2301a0.udd" 7379
"C:/Users/minls/AppData/Local/UnrealEngine/Common/DerivedDataCache/Buckets/MaterialShaderMap/c8/69/b209a201f5e1fb7755363be9607c00b9d83a.udd" 7380
"E:/Workspace_ISECONVI/ISECONVI/Content/DreamscapeSeries/DreamscapeTower/Materials/Trees/MI_TreeTrunk_01.uasset" 7381
"C:/Users/minls/AppData/Local/UnrealEngine/Common/DerivedDataCache/Buckets/MaterialShaderMap/ed/a7/95ea8bbd850f99726106f863866a5ab70b9d.udd" 7382
"C:/Users/minls/AppData/Local/UnrealEngine/Common/DerivedDataCache/Buckets/MaterialShaderMap/7a/71/134a9277e32ec836b4130516eddef1b907cc.udd" 7383
"E:/Workspace_ISECONVI/ISECONVI/Content/3DTeamAsset/Environment_DreamscapeSeries/DreamscapeTower/Meshes/Foliage/SM_Grass_Large.uasset" 7384
"C:/Users/minls/AppData/Local/UnrealEngine/Common/DerivedDataCache/Buckets/MaterialShaderMap/4f/d1/3b99879d82e47b1ecb83f5bc81cce6f4a605.udd" 7385
"E:/Workspace_ISECONVI/ISECONVI/Content/3DTeamAsset/Environment_DreamscapeSeries/DreamscapeTower/Meshes/Foliage/SM_Grass_Medium.uasset" 7386
"E:/Workspace_ISECONVI/ISECONVI/Content/CartoonSkyShader/Materials/CartoonSkyInstances/MI_CartoonSky_Type_5_High_Detail.uasset" 7387
"E:/Workspace_ISECONVI/ISECONVI/Content/CartoonSkyShader/Materials/CartoonSkyInstances/MI_CartoonSky_Type_1_High_Detail.uasset" 7388
"E:/Workspace_ISECONVI/ISECONVI/Content/CartoonSkyShader/Materials/CartoonSkyInstances/MI_CartoonSky_Type_1_Low_Detail.uasset" 7389
"C:/Users/minls/AppData/Local/UnrealEngine/Common/DerivedDataCache/Buckets/StaticMesh/ba/32/cecef2fcf0b5ce7e5f5fe67437f8eec59871.udd" 7390
"E:/Workspace_ISECONVI/ISECONVI/Content/CartoonSkyShader/Materials/CartoonSkyInstances/MI_CartoonSky_Type_2_High_Detail.uasset" 7391
"C:/Users/minls/AppData/Local/UnrealEngine/Common/DerivedDataCache/Buckets/LegacyDIST/7a/f7/ade2c8e38695bc16b997f09a0c01c7982468.udd" 7392
"E:/Workspace_ISECONVI/ISECONVI/Content/CartoonSkyShader/Materials/CartoonSkyInstances/MI_CartoonSky_Type_2_Low_Detail.uasset" 7393
"C:/Users/minls/AppData/Local/UnrealEngine/Common/DerivedDataCache/Buckets/LegacyCARD/8e/3d/839499462b874d64d8fba8f6915c8b140701.udd" 7394
"E:/Workspace_ISECONVI/ISECONVI/Content/CartoonSkyShader/Materials/CartoonSkyInstances/MI_CartoonSky_Type_3_High_Detail.uasset" 7395
"C:/Users/minls/AppData/Local/UnrealEngine/Common/DerivedDataCache/Buckets/LegacyNavCollision/82/24/0eaf32d705842983ed4efd0530b69c0cbed9.udd" 7396
"E:/Workspace_ISECONVI/ISECONVI/Content/CartoonSkyShader/Materials/CartoonSkyInstances/MI_CartoonSky_Type_3_Low_Detail.uasset" 7397
"E:/Workspace_ISECONVI/ISECONVI/Content/CartoonSkyShader/Materials/CartoonSkyInstances/MI_CartoonSky_Type_4_High_Detail.uasset" 7398
"E:/Workspace_ISECONVI/ISECONVI/Content/CartoonSkyShader/Materials/CartoonSkyInstances/MI_CartoonSky_Type_4_Low_Detail.uasset" 7399
"E:/Workspace_ISECONVI/ISECONVI/Content/CartoonSkyShader/Materials/CartoonSkyInstances/MI_CartoonSky_Type_5_Low_Detail.uasset" 7400
"E:/Workspace_ISECONVI/ISECONVI/Content/3DTeamAsset/PN_MeadowFlowers/Materials/flowerMaterials/MA_Flowers.uasset" 7401
"C:/Users/minls/AppData/Local/UnrealEngine/Common/DerivedDataCache/Buckets/MaterialShaderMap/d5/27/c8044cb1b0a573f4fc74aa52a456812b0f1b.udd" 7402
"C:/Users/minls/AppData/Local/UnrealEngine/Common/DerivedDataCache/Buckets/MaterialShaderMap/cd/6c/e097112a409cfe5d4287b5e247a5eec3d66e.udd" 7403
"C:/Users/minls/AppData/Local/UnrealEngine/Common/DerivedDataCache/Buckets/MaterialShaderMap/1f/c6/c08cee21c97ddce866d70b42d76c0c5241f0.udd" 7404
"C:/Users/minls/AppData/Local/UnrealEngine/Common/DerivedDataCache/Buckets/MaterialShaderMap/8d/ad/6fe7398e55e335082f5fddc5170b86737ba5.udd" 7405
"../../../../../Workspace_ISECONVI/ISECONVI/Content/3DTeamAsset/ProceduralBiomes/Meshes/SM_RocksScatter01.uasset" 7406
"C:/Users/minls/AppData/Local/UnrealEngine/Common/DerivedDataCache/Buckets/MaterialShaderMap/aa/e0/0b1d69de210e43caa09965f2be4feca50dba.udd" 7407
"C:/Users/minls/AppData/Local/UnrealEngine/Common/DerivedDataCache/Buckets/MaterialShaderMap/76/16/8827ac4ff73333e1f6cb3e6efc6fda110d5c.udd" 7408
"C:/Users/minls/AppData/Local/UnrealEngine/Common/DerivedDataCache/Buckets/MaterialShaderMap/f7/c3/c9524dcaeef61473c0d185f4dc951b08830a.udd" 7409
"C:/Users/minls/AppData/Local/UnrealEngine/Common/DerivedDataCache/Buckets/MaterialShaderMap/db/3f/9feba86b46d91408892e11dc1e459b5ea3ba.udd" 7410
"C:/Users/minls/AppData/Local/UnrealEngine/Common/DerivedDataCache/Buckets/MaterialShaderMap/23/d4/4a3c8f0bbec10df95ad808eedd5fb83465a9.udd" 7411
"C:/Users/minls/AppData/Local/UnrealEngine/Common/DerivedDataCache/Buckets/MaterialShaderMap/4d/33/be45f2b7b45b1ba6981b7b5bcf097af21bd9.udd" 7412
"C:/Users/minls/AppData/Local/UnrealEngine/Common/DerivedDataCache/Buckets/StaticMesh/d4/a4/149c0f9c8537e15af3157ed5aa71bd6f4ce0.udd" 7413
"C:/Users/minls/AppData/Local/UnrealEngine/Common/DerivedDataCache/Buckets/LegacyDIST/76/41/e688b05428735e998013f33eeb4759ad6ac8.udd" 7414
"C:/Users/minls/AppData/Local/UnrealEngine/Common/DerivedDataCache/Buckets/LegacyCARD/27/3a/8d6247b6845f20751652e6906c3a3daebf34.udd" 7415
"../../../Engine/Plugins/Interchange/Runtime/Content/gltf/MaterialInstances_MR/MI_Transmission.uasset" 7416
"C:/Users/minls/AppData/Local/UnrealEngine/Common/DerivedDataCache/Buckets/LegacyNavCollision/f8/ea/54de2a905da1ca79077449f1a550d1e9bb1c.udd" 7417
"C:/Users/minls/AppData/Local/UnrealEngine/Common/DerivedDataCache/Buckets/StaticMesh/c7/33/d8140b36c80fd5eb5f83640f1806a6f2c73f.udd" 7418
"C:/Users/minls/AppData/Local/UnrealEngine/Common/DerivedDataCache/Buckets/LegacyDIST/7d/60/5228bf6acf041820261b41a08bfcec423485.udd" 7419
"C:/Users/minls/AppData/Local/UnrealEngine/Common/DerivedDataCache/Buckets/LegacyCARD/04/69/b66df00d9b8a70b4965d05f8b28a773935ee.udd" 7420
"C:/Users/minls/AppData/Local/UnrealEngine/Common/DerivedDataCache/Buckets/LegacyNavCollision/ab/4b/1e29d5b805863835dee4c23579f31161a641.udd" 7421
"../../../Engine/Plugins/Interchange/Runtime/Content/gltf/MaterialInstances_MR/MI_Transmission_TS.uasset" 7422
"../../../Engine/Plugins/Interchange/Runtime/Content/gltf/MaterialInstances_SG/MI_Transmission_TS.uasset" 7423
"../../../Engine/Plugins/Interchange/Runtime/Content/gltf/MaterialInstances_MR/MI_Opaque_Sheen_TS.uasset" 7424
"../../../Engine/Plugins/Interchange/Runtime/Content/gltf/MaterialInstances_SG/MI_Opaque_Sheen_TS.uasset" 7425
"../../../Engine/Plugins/Interchange/Runtime/Content/gltf/MaterialInstances_MR/MI_Opaque_Sheen.uasset" 7426
"../../../Engine/Plugins/Interchange/Runtime/Content/gltf/MaterialInstances_SG/MI_Transmission.uasset" 7427
"../../../Engine/Plugins/Interchange/Runtime/Content/gltf/MaterialInstances_SG/MI_Opaque_Sheen.uasset" 7428
"../../../Engine/Plugins/Interchange/Runtime/Content/gltf/MaterialInstances_MR/MI_Translucent_TS.uasset" 7429
"../../../Engine/Plugins/Interchange/Runtime/Content/gltf/MaterialInstances_MR/MI_Translucent_ClearCoat_TS.uasset" 7430
"../../../Engine/Plugins/Interchange/Runtime/Content/gltf/MaterialInstances_MR/MI_Translucent_ClearCoat.uasset" 7431
"../../../Engine/Plugins/Interchange/Runtime/Content/gltf/MaterialInstances_MR/MI_Translucent.uasset" 7432
"../../../Engine/Plugins/Interchange/Runtime/Content/gltf/MaterialInstances_SG/MI_Translucent_TS.uasset" 7433
"../../../Engine/Plugins/Interchange/Runtime/Content/gltf/MaterialInstances_SG/MI_Translucent_ClearCoat_TS.uasset" 7434
"../../../Engine/Plugins/Interchange/Runtime/Content/gltf/MaterialInstances_SG/MI_Translucent_ClearCoat.uasset" 7435
"../../../../../Workspace_ISECONVI/ISECONVI/Content/3DTeamAsset/Environment_DreamscapeSeries/DreamscapeTower/Meshes/Foliage/SM_Grass_Large.uasset" 7436
"../../../../../Workspace_ISECONVI/ISECONVI/Content/3DTeamAsset/Environment_DreamscapeSeries/DreamscapeTower/Meshes/Foliage/SM_Grass_Medium.uasset" 7437
"C:/Users/minls/AppData/Local/UnrealEngine/Common/DerivedDataCache/Buckets/MaterialShaderMap/26/17/6806a54c44624d7b3d1ec8414c6b832ce621.udd" 7438
"C:/Users/minls/AppData/Local/UnrealEngine/Common/DerivedDataCache/Buckets/MaterialShaderMap/84/69/42d143d0526feb1a190ac5cef9418c6e3bba.udd" 7439
"C:/Users/minls/AppData/Local/UnrealEngine/Common/DerivedDataCache/Buckets/MaterialShaderMap/07/bf/67577d26ba68c4c9022b453397fa45e51646.udd" 7440
"C:/Users/minls/AppData/Local/UnrealEngine/Common/DerivedDataCache/Buckets/MaterialShaderMap/c3/ef/63fed1ca107f99da003c2d461be708e02b76.udd" 7441
"C:/Users/minls/AppData/Local/UnrealEngine/Common/DerivedDataCache/Buckets/MaterialShaderMap/d4/44/d840d665272b7a7f919c8be099130c4a8bd8.udd" 7442
"C:/Users/minls/AppData/Local/UnrealEngine/Common/DerivedDataCache/Buckets/MaterialShaderMap/43/f2/41165da8f8e8c74dc70796f561514b6dfdf9.udd" 7443
"C:/Users/minls/AppData/Local/UnrealEngine/Common/DerivedDataCache/Buckets/MaterialShaderMap/db/16/951cfec5807ba8aa11bf6a5c03427a304479.udd" 7444
"C:/Users/minls/AppData/Local/UnrealEngine/Common/DerivedDataCache/Buckets/MaterialShaderMap/db/97/64c6df08b8bc78230fe84000d27abc49d9ee.udd" 7445
"C:/Users/minls/AppData/Local/UnrealEngine/Common/DerivedDataCache/Buckets/MaterialShaderMap/3c/3f/e8fd53f6f7cfe17b4d845ab05a97e0a89c10.udd" 7446
"../../../Engine/Plugins/Interchange/Runtime/Content/gltf/MaterialInstances_SG/MI_Translucent.uasset" 7447
"../../../Engine/Plugins/Interchange/Runtime/Content/gltf/MaterialInstances_MR/MI_Opaque_TS.uasset" 7448
"C:/Users/minls/AppData/Local/UnrealEngine/Common/DerivedDataCache/Buckets/MaterialShaderMap/19/36/4ad92edc38981dca4d0f1046422fbc98499f.udd" 7449
"C:/Users/minls/AppData/Local/UnrealEngine/Common/DerivedDataCache/Buckets/MaterialShaderMap/bb/86/485745ea207c860e8aefd6bafb5e2d9e9686.udd" 7450
"C:/Users/minls/AppData/Local/UnrealEngine/Common/DerivedDataCache/Buckets/MaterialShaderMap/dc/86/9b7446468c0a2df4ebe0ee3f9a20cc694be3.udd" 7451
"C:/Users/minls/AppData/Local/UnrealEngine/Common/DerivedDataCache/Buckets/MaterialShaderMap/19/1a/cfa28ef9214b34692bd976ec23affc68744c.udd" 7452
"../../../Engine/Plugins/Interchange/Runtime/Content/gltf/MaterialInstances_MR/MI_Opaque_ClearCoat_TS.uasset" 7453
"E:/Workspace_ISECONVI/ISECONVI/Content/3DTeamAsset/ProceduralBiomes/Meshes/SM_Road.uasset" 7454
"../../../Engine/Plugins/Interchange/Runtime/Content/gltf/MaterialInstances_MR/MI_Opaque_ClearCoat.uasset" 7455
"../../../Engine/Plugins/Interchange/Runtime/Content/gltf/MaterialInstances_MR/MI_Opaque.uasset" 7456
"../../../Engine/Plugins/Interchange/Runtime/Content/gltf/MaterialInstances_SG/MI_Opaque_TS.uasset" 7457
"E:/Workspace_ISECONVI/ISECONVI/Content/3DTeamAsset/ProceduralBiomes/Materials/MasterMaterials/M_GroundProps.uasset" 7458
"../../../Engine/Plugins/Interchange/Runtime/Content/gltf/MaterialInstances_SG/MI_Opaque_ClearCoat.uasset" 7459
"C:/Users/minls/AppData/Local/UnrealEngine/Common/DerivedDataCache/Buckets/MaterialShaderMap/0b/52/6ac2e358b379d03756af928ad097eecde280.udd" 7460
"E:/Workspace_ISECONVI/ISECONVI/Content/3DTeamAsset/ProceduralBiomes/Materials/MasterMaterials/M_Vegetation.uasset" 7461
"E:/Workspace_ISECONVI/ISECONVI/Content/3DTeamAsset/Environment_DreamscapeSeries/DreamscapeTower/Meshes/Trees/SM_Tree_A_01.uasset" 7462
"../../../Engine/Plugins/Interchange/Runtime/Content/gltf/MaterialInstances_SG/MI_Opaque_ClearCoat_TS.uasset" 7463
"E:/Workspace_ISECONVI/ISECONVI/Content/3DTeamAsset/Environment_DreamscapeSeries/DreamscapeTower/Meshes/Trees/SM_Tree_A_03.uasset" 7464
"E:/Workspace_ISECONVI/ISECONVI/Content/3DTeamAsset/Environment_DreamscapeSeries/DreamscapeTower/Meshes/Trees/SM_Tree_B_02.uasset" 7465
"E:/Workspace_ISECONVI/ISECONVI/Content/3DTeamAsset/Environment_DreamscapeSeries/DreamscapeTower/Meshes/Trees/SM_Tree_C_01.uasset" 7466
"C:/Users/minls/AppData/Local/UnrealEngine/Common/DerivedDataCache/Buckets/MaterialShaderMap/fb/28/7cd6dcc18e21863ea8bc48e4c01d450cf08c.udd" 7467
"C:/Users/minls/AppData/Local/UnrealEngine/Common/DerivedDataCache/Buckets/MaterialShaderMap/84/91/cbf49831befd39c73bf487666e8c8b6aee7d.udd" 7468
"../../../Engine/Plugins/Interchange/Runtime/Content/gltf/MaterialInstances_SG/MI_Opaque.uasset" 7469
"C:/Users/minls/AppData/Local/UnrealEngine/Common/DerivedDataCache/Buckets/MaterialShaderMap/c5/69/2ae7943db79fff161b37b238f0bdfc6cfbd8.udd" 7470
"C:/Users/minls/AppData/Local/UnrealEngine/Common/DerivedDataCache/Buckets/MaterialShaderMap/9d/58/3a03623afe9f42701d2e0a05f357a44261c7.udd" 7471
"C:/Users/minls/AppData/Local/UnrealEngine/Common/DerivedDataCache/Buckets/MaterialShaderMap/1c/ba/4cb5210d859d6dee6092773a7b1f80f0ac99.udd" 7472
"C:/Users/minls/AppData/Local/UnrealEngine/Common/DerivedDataCache/Buckets/MaterialShaderMap/9f/60/75ba4b9c63c02e82be7a8a6d0e99cb4e8af8.udd" 7473
"C:/Users/minls/AppData/Local/UnrealEngine/Common/DerivedDataCache/Buckets/MaterialShaderMap/0b/31/f28e8eee28876a09525e086ad68a8eafd36a.udd" 7474
"C:/Users/minls/AppData/Local/UnrealEngine/Common/DerivedDataCache/Buckets/MaterialShaderMap/47/64/e658423cbff78be3b007b7147ce1dba80159.udd" 7475
"C:/Users/minls/AppData/Local/UnrealEngine/Common/DerivedDataCache/Buckets/MaterialShaderMap/15/20/7790bb9fac1241feb6ae0c0e36a26b4f082e.udd" 7476
"C:/Users/minls/AppData/Local/UnrealEngine/Common/DerivedDataCache/Buckets/MaterialShaderMap/6d/ff/eb876868258a2ac26e445de84f6de0cfdbd1.udd" 7477
"C:/Users/minls/AppData/Local/UnrealEngine/Common/DerivedDataCache/Buckets/MaterialShaderMap/41/6f/58cca80025b03b4a33494693eeaffc38a29e.udd" 7478
"C:/Users/minls/AppData/Local/UnrealEngine/Common/DerivedDataCache/Buckets/MaterialShaderMap/10/1f/afbc50f0b9f734828ea2c2154195b7f81006.udd" 7479
"C:/Users/minls/AppData/Local/UnrealEngine/Common/DerivedDataCache/Buckets/MaterialShaderMap/35/81/4a0404b43e2fb057502e5fd271b9836cd7b0.udd" 7480
"C:/Users/minls/AppData/Local/UnrealEngine/Common/DerivedDataCache/Buckets/MaterialShaderMap/68/65/d79b2bb2e687ff3718dae6c0e967f89053d4.udd" 7481
"C:/Users/minls/AppData/Local/UnrealEngine/Common/DerivedDataCache/Buckets/MaterialShaderMap/b0/8e/b4ef59736db10ca99f7a0149c45d57175847.udd" 7482
"C:/Users/minls/AppData/Local/UnrealEngine/Common/DerivedDataCache/Buckets/MaterialShaderMap/da/36/df51c5205c7125e3cfb704d60fad143e4bdf.udd" 7483
"C:/Users/minls/AppData/Local/UnrealEngine/Common/DerivedDataCache/Buckets/MaterialShaderMap/1e/e6/8691feee943946d6bf89c4dd102882252e07.udd" 7484
"C:/Users/minls/AppData/Local/UnrealEngine/Common/DerivedDataCache/Buckets/MaterialShaderMap/e6/b5/d99316e72076e15d1fef5663c39a9dbc9767.udd" 7485
"C:/Users/minls/AppData/Local/UnrealEngine/Common/DerivedDataCache/Buckets/MaterialShaderMap/a9/5b/282a57e696c96a483b31e19d5837998ea931.udd" 7486
"C:/Users/minls/AppData/Local/UnrealEngine/Common/DerivedDataCache/Buckets/MaterialShaderMap/87/cd/904d875a54e275432b2aaa71770e91bae16d.udd" 7487
"C:/Users/minls/AppData/Local/UnrealEngine/Common/DerivedDataCache/Buckets/MaterialShaderMap/2d/d0/4e125f9cae1db988ecbfa0e8f70e5d9e2aa6.udd" 7488
"C:/Users/minls/AppData/Local/UnrealEngine/Common/DerivedDataCache/Buckets/MaterialShaderMap/81/26/2c25f7dc10f541e048125af6e5882130b522.udd" 7489
"C:/Users/minls/AppData/Local/UnrealEngine/Common/DerivedDataCache/Buckets/MaterialShaderMap/62/9d/a12c82bfc177d17b65142dcb3b094589ffe3.udd" 7490
"C:/Users/minls/AppData/Local/UnrealEngine/Common/DerivedDataCache/Buckets/MaterialShaderMap/0c/c6/61b08843463b8539794a7f9b263d07b9d57a.udd" 7491
"C:/Users/minls/AppData/Local/UnrealEngine/Common/DerivedDataCache/Buckets/MaterialShaderMap/1e/25/b32f9322893f0b475ffe1b84ab02fe7eab71.udd" 7492
"C:/Users/minls/AppData/Local/UnrealEngine/Common/DerivedDataCache/Buckets/MaterialShaderMap/24/59/4e2cac84f4f44c6352fbc03f008bb78fd85f.udd" 7493
"C:/Users/minls/AppData/Local/UnrealEngine/Common/DerivedDataCache/Buckets/MaterialShaderMap/99/4a/f58bee76187d193575ae627da0f9c6002fec.udd" 7494
"C:/Users/minls/AppData/Local/UnrealEngine/Common/DerivedDataCache/Buckets/MaterialShaderMap/82/0a/14e203d36eac6adc7f74520e024ff26e6140.udd" 7495
"C:/Users/minls/AppData/Local/UnrealEngine/Common/DerivedDataCache/Buckets/MaterialShaderMap/f3/f2/e5d71946cbb47bcb3f002fdd5bcc7a93db9e.udd" 7496
"C:/Users/minls/AppData/Local/UnrealEngine/Common/DerivedDataCache/Buckets/MaterialShaderMap/8c/e4/659e10c0c81492df26be084327e76f56e58a.udd" 7497
"C:/Users/minls/AppData/Local/UnrealEngine/Common/DerivedDataCache/Buckets/MaterialShaderMap/97/d7/10db4ecbfb73fbc59e9026368e3208bd8ec0.udd" 7498
"C:/Users/minls/AppData/Local/UnrealEngine/Common/DerivedDataCache/Buckets/MaterialShaderMap/64/eb/7863869a90fc3a112c482348e35cbae0bc37.udd" 7499
"E:/Workspace_ISECONVI/ISECONVI/Content/3DTeamAsset/Environment_DreamscapeSeries/DreamscapeTower/Meshes/Trees/SM_Tree_C_02_WIP.uasset" 7500
"E:/Workspace_ISECONVI/ISECONVI/Content/3DTeamAsset/Environment_DreamscapeSeries/DreamscapeTower/Meshes/Trees/SM_Tree_F_02_WIP.uasset" 7501
"E:/Workspace_ISECONVI/ISECONVI/Content/3DTeamAsset/Environment_DreamscapeSeries/DreamscapeTower/Meshes/Trees/SM_Tree_D_02_WIP.uasset" 7502
"E:/Workspace_ISECONVI/ISECONVI/Content/3DTeamAsset/Environment_DreamscapeSeries/DreamscapeTower/Meshes/Trees/SM_Tree_F_01_WIP.uasset" 7503
"E:/Workspace_ISECONVI/ISECONVI/Content/DreamscapeSeries/DreamscapeTower/Meshes/Trees/SM_Tree_A_03.uasset" 7504
"E:/Workspace_ISECONVI/ISECONVI/Content/CartoonSkyShader/Meshes/Sky/SM_CartoonSky.uasset" 7505
"E:/Workspace_ISECONVI/ISECONVI/Content/3DTeamAsset/PN_MeadowFlowers/Materials/flowerMaterials/FlowerMaterials/flower_01_01_Mat.uasset" 7506
"E:/Workspace_ISECONVI/ISECONVI/Content/3DTeamAsset/PN_MeadowFlowers/Materials/flowerMaterials/FlowerMaterials/flower_01_02_Mat.uasset" 7507
"E:/Workspace_ISECONVI/ISECONVI/Content/3DTeamAsset/PN_MeadowFlowers/Materials/flowerMaterials/FlowerMaterials/flower_02_02_Mat.uasset" 7508
"E:/Workspace_ISECONVI/ISECONVI/Content/3DTeamAsset/PN_MeadowFlowers/Materials/flowerMaterials/FlowerMaterials/flower_02_03_Mat.uasset" 7509
"C:/Users/minls/AppData/Local/UnrealEngine/Common/DerivedDataCache/Buckets/StaticMesh/e4/60/08c00f03c01f2ae03d77bc49beda42d1d1eb.udd" 7510
"C:/Users/minls/AppData/Local/UnrealEngine/Common/DerivedDataCache/Buckets/LegacyDIST/3a/01/a1e1452a798402348de16bc8195af17c3109.udd" 7511
"C:/Users/minls/AppData/Local/UnrealEngine/Common/DerivedDataCache/Buckets/LegacyCARD/25/d2/fbe6be3d6ec8121d11560b50786615f0d829.udd" 7512
"E:/Workspace_ISECONVI/ISECONVI/Content/3DTeamAsset/PN_MeadowFlowers/Materials/flowerMaterials/FlowerMaterials/flower_02_04_Mat.uasset" 7513
"C:/Users/minls/AppData/Local/UnrealEngine/Common/DerivedDataCache/Buckets/LegacyNavCollision/a4/10/d94a8d8037b89e70b49d7dbeda54878ec4ab.udd" 7514
"E:/Workspace_ISECONVI/ISECONVI/Content/3DTeamAsset/PN_MeadowFlowers/Materials/flowerMaterials/FlowerMaterials/flower_03_01_Mat.uasset" 7515
"C:/Users/minls/AppData/Local/UnrealEngine/Common/DerivedDataCache/Buckets/StaticMesh/fd/32/d8d343591c70c0ede2b06f04fc22168852fd.udd" 7516
"E:/Workspace_ISECONVI/ISECONVI/Content/3DTeamAsset/PN_MeadowFlowers/Materials/flowerMaterials/FlowerMaterials/flower_03_02_Mat.uasset" 7517
"C:/Users/minls/AppData/Local/UnrealEngine/Common/DerivedDataCache/Buckets/LegacyDIST/3a/a7/d007900fbb497889a3c2eb2e29128ffe58fb.udd" 7518
"C:/Users/minls/AppData/Local/UnrealEngine/Common/DerivedDataCache/Buckets/StaticMesh/21/a2/e9ade78893a16a63882557cfa1c3151ad0f0.udd" 7519
"E:/Workspace_ISECONVI/ISECONVI/Content/3DTeamAsset/PN_MeadowFlowers/Materials/flowerMaterials/FlowerMaterials/flower_02_01_Mat.uasset" 7520
"C:/Users/minls/AppData/Local/UnrealEngine/Common/DerivedDataCache/Buckets/LegacyDIST/c2/c6/440a17ff00d7fba02c225d4c73d6a4e62643.udd" 7521
"C:/Users/minls/AppData/Local/UnrealEngine/Common/DerivedDataCache/Content/da/98/54fa1223563c7db56318f5ef67c860055673.udd" 7522
"../../../../../Workspace_ISECONVI/ISECONVI/Content/3DTeamAsset/ProceduralBiomes/Meshes/SM_Road.uasset" 7523
"C:/Users/minls/AppData/Local/UnrealEngine/Common/DerivedDataCache/Buckets/LegacyCARD/c8/31/37dab4a0aee8563825da89c4766611322d9b.udd" 7524
"C:/Users/minls/AppData/Local/UnrealEngine/Common/DerivedDataCache/Buckets/LegacyChaosGeometryData/b7/e5/2a205934c82318b9b7a18654723f188153b7.udd" 7525
"C:/Users/minls/AppData/Local/UnrealEngine/Common/DerivedDataCache/Buckets/LegacyCARD/cb/24/9cf3974da9d20fd9c1b77e1da6aac403cf44.udd" 7526
"C:/Users/minls/AppData/Local/UnrealEngine/Common/DerivedDataCache/Buckets/LegacyNavCollision/56/0c/03b75457326d33298f93b01d4da503b3b92e.udd" 7527
"C:/Users/minls/AppData/Local/UnrealEngine/Common/DerivedDataCache/Buckets/LegacyChaosGeometryData/c7/66/7cc15b56a51492949e57d424e8ce576f8525.udd" 7528
"C:/Users/minls/AppData/Local/UnrealEngine/Common/DerivedDataCache/Buckets/StaticMesh/42/39/55d7645f14ff63db7454e2ccb1ea33392529.udd" 7529
"C:/Users/minls/AppData/Local/UnrealEngine/Common/DerivedDataCache/Buckets/LegacyNavCollision/15/eb/5dd6f006c017c10d9b8b900f770e1c8914ff.udd" 7530
"C:/Users/minls/AppData/Local/UnrealEngine/Common/DerivedDataCache/Buckets/MaterialShaderMap/10/02/3e28b1ab68ad2d31a27ac3066f4303d52bfc.udd" 7531
"C:/Users/minls/AppData/Local/UnrealEngine/Common/DerivedDataCache/Buckets/MaterialShaderMap/c3/5e/3107d7a77c8c50e46d109e0f15c82071fe11.udd" 7532
"C:/Users/minls/AppData/Local/UnrealEngine/Common/DerivedDataCache/Buckets/LegacyDIST/7e/0e/95961716c765b5fa82b8a17dc609bcdaad39.udd" 7533
"C:/Users/minls/AppData/Local/UnrealEngine/Common/DerivedDataCache/Buckets/MaterialShaderMap/43/ed/cf7eb9f30b547ab6f7069bdb15d0a5fa00a9.udd" 7534
"C:/Users/minls/AppData/Local/UnrealEngine/Common/DerivedDataCache/Buckets/MaterialShaderMap/8c/b3/0cc82e3b45ae6624008bfac4fdbff8f0ec57.udd" 7535
"C:/Users/minls/AppData/Local/UnrealEngine/Common/DerivedDataCache/Buckets/MaterialShaderMap/ba/36/b452546caef6b122ddeae33615d6a5162826.udd" 7536
"C:/Users/minls/AppData/Local/UnrealEngine/Common/DerivedDataCache/Buckets/MaterialShaderMap/aa/d9/2773e1734dae5ae68d0046c533847b2cb132.udd" 7537
"E:/Workspace_ISECONVI/ISECONVI/Content/3DTeamAsset/PN_MeadowFlowers/Materials/flowerMaterials/FlowerMaterials/flower_01_03_Mat.uasset" 7538
"E:/Workspace_ISECONVI/ISECONVI/Content/3DTeamAsset/PN_MeadowFlowers/Materials/flowerMaterials/FlowerMaterials/flower_01_04_Mat.uasset" 7539
"C:/Users/minls/AppData/Local/UnrealEngine/Common/DerivedDataCache/Buckets/LegacyCARD/77/8d/56a3181430f4ec33adce85923f3a6774657a.udd" 7540
"C:/Users/minls/AppData/Local/UnrealEngine/Common/DerivedDataCache/Buckets/StaticMesh/ca/85/c2a1c903215cfd5fb22cdd59d11c4a70a6a9.udd" 7541
"E:/Workspace_ISECONVI/ISECONVI/Content/BusinessSequence/BP_BusinessPlayerController.uasset" 7542
"C:/Users/minls/AppData/Local/UnrealEngine/Common/DerivedDataCache/Buckets/MaterialShaderMap/d6/c6/215e6bc7b68ab61c6993c83c5810a8523083.udd" 7543
"C:/Users/minls/AppData/Local/UnrealEngine/Common/DerivedDataCache/Buckets/MaterialShaderMap/e7/6a/494effd089a42b8729e4a2753afb1b716b1e.udd" 7544
"C:/Users/minls/AppData/Local/UnrealEngine/Common/DerivedDataCache/Buckets/StaticMesh/6f/c9/2d54ca024a42045b2d5d8c8d21dbf1a0efae.udd" 7545
"C:/Users/minls/AppData/Local/UnrealEngine/Common/DerivedDataCache/Buckets/LegacyDIST/41/df/abcafbc0694055195bac48cc95a0d5ec696a.udd" 7546
"C:/Users/minls/AppData/Local/UnrealEngine/Common/DerivedDataCache/Content/e3/84/7381e37cac0857e17b4f34078753dbaeefee.udd" 7547
"E:/Workspace_ISECONVI/ISECONVI/Content/3DTeamAsset/ProceduralBiomes/Materials/MI_ConiferBark_A.uasset" 7548
"C:/Users/minls/AppData/Local/UnrealEngine/Common/DerivedDataCache/Buckets/LegacyCARD/49/57/4455a7e41785220d86e2af58c852a4d64160.udd" 7549
"C:/Users/minls/AppData/Local/UnrealEngine/Common/DerivedDataCache/Buckets/StaticMesh/02/b0/f5737128d878d7bc9a8ac2a1fafa1e0ca77e.udd" 7550
"C:/Users/minls/AppData/Local/UnrealEngine/Common/DerivedDataCache/Buckets/LegacyChaosGeometryData/d5/83/dae7f348d2fc0a9e2ff00430e225c1d78563.udd" 7551
"E:/Workspace_ISECONVI/ISECONVI/Content/3DTeamAsset/ProceduralBiomes/Materials/MI_PineGround.uasset" 7552
"C:/Users/minls/AppData/Local/UnrealEngine/Common/DerivedDataCache/Buckets/LegacyDIST/5a/82/6ba7088a61006c22153b1ea6996a92a8fd49.udd" 7553
"C:/Users/minls/AppData/Local/UnrealEngine/Common/DerivedDataCache/Buckets/LegacyDIST/ba/42/905f11c43d62825a270669778e803768143c.udd" 7554
"C:/Users/minls/AppData/Local/UnrealEngine/Common/DerivedDataCache/Buckets/LegacyNavCollision/9b/97/e9bd7119a9f79160725e5ad2c643035e1069.udd" 7555
"C:/Users/minls/AppData/Local/UnrealEngine/Common/DerivedDataCache/Content/4f/f6/414fdd424bb55feca6aca5222fafc3257777.udd" 7556
"C:/Users/minls/AppData/Local/UnrealEngine/Common/DerivedDataCache/Buckets/MaterialShaderMap/fd/61/07afded6a90892d2e9139366c550ba9a5f25.udd" 7557
"C:/Users/minls/AppData/Local/UnrealEngine/Common/DerivedDataCache/Buckets/LegacyCARD/19/9c/6ccf28b5987ce66d09701817098736b86aa4.udd" 7558
"C:/Users/minls/AppData/Local/UnrealEngine/Common/DerivedDataCache/Buckets/StaticMesh/ed/e6/00c4bb21a941810d38b514f05fc351c67da3.udd" 7559
"C:/Users/minls/AppData/Local/UnrealEngine/Common/DerivedDataCache/Buckets/LegacyChaosGeometryData/4a/16/cc2b026b5dd993a574fdea827b6c859de583.udd" 7560
"C:/Users/minls/AppData/Local/UnrealEngine/Common/DerivedDataCache/Buckets/StaticMesh/b2/aa/cdc541252646a61eaf430165bdf1fee7199b.udd" 7561
"E:/Workspace_ISECONVI/ISECONVI/Content/3DTeamAsset/ProceduralBiomes/Materials/MI_Rock001.uasset" 7562
"C:/Users/minls/AppData/Local/UnrealEngine/Common/DerivedDataCache/Buckets/LegacyCARD/3f/91/151013113047fbc7da987f2d7fe2e4cb533c.udd" 7563
"C:/Users/minls/AppData/Local/UnrealEngine/Common/DerivedDataCache/Buckets/LegacyDIST/43/2f/4e4fa19453da119c2d05e028d937369f2cec.udd" 7564
"C:/Users/minls/AppData/Local/UnrealEngine/Common/DerivedDataCache/Buckets/LegacyChaosGeometryData/4e/6f/5c241eb1e07e3ddb60f21531be17f02582b9.udd" 7565
"C:/Users/minls/AppData/Local/UnrealEngine/Common/DerivedDataCache/Buckets/LegacyChaosGeometryData/66/9b/6476390ea9cc308cbb795a48152506d4ad3f.udd" 7566
"C:/Users/minls/AppData/Local/UnrealEngine/Common/DerivedDataCache/Content/b5/e4/1c1c6bb4766e925e8d45682c408bd89dd359.udd" 7567
"E:/Workspace_ISECONVI/ISECONVI/Content/3DTeamAsset/ProceduralBiomes/Materials/MI_Rock002.uasset" 7568
"C:/Users/minls/AppData/Local/UnrealEngine/Common/DerivedDataCache/Buckets/StaticMesh/e8/0a/33f3c8d7dc028c408c459e5f1772b1a616cf.udd" 7569
"C:/Users/minls/AppData/Local/UnrealEngine/Common/DerivedDataCache/Buckets/LegacyNavCollision/1e/56/7559d4e39a72efa8f8bcb4949076d8b97225.udd" 7570
"C:/Users/minls/AppData/Local/UnrealEngine/Common/DerivedDataCache/Buckets/StaticMesh/55/8f/d3814669e1d78edc1dd3597689040f09a27e.udd" 7571
"C:/Users/minls/AppData/Local/UnrealEngine/Common/DerivedDataCache/Buckets/LegacyNavCollision/9c/71/7fb3fb16fb9f027ba3ced44e0d391362fa81.udd" 7572
"E:/Workspace_ISECONVI/ISECONVI/Content/3DTeamAsset/ProceduralBiomes/Materials/MI_Rock004.uasset" 7573
"C:/Users/minls/AppData/Local/UnrealEngine/Common/DerivedDataCache/Buckets/MaterialShaderMap/fa/4b/e4f33e3669878d9c356d8f874bd13ad59b9c.udd" 7574
"C:/Users/minls/AppData/Local/UnrealEngine/Common/DerivedDataCache/Buckets/MaterialShaderMap/fc/fe/325ef9609241e87365aa42e6facc0ebee48a.udd" 7575
"C:/Users/minls/AppData/Local/UnrealEngine/Common/DerivedDataCache/Buckets/LegacyDIST/d2/9a/0e04487e015bf274761355a769d3349c4223.udd" 7576
"C:/Users/minls/AppData/Local/UnrealEngine/Common/DerivedDataCache/Buckets/LegacyCARD/4e/70/3ef2ba1e23f648bdf4e863919671b5a05474.udd" 7577
"C:/Users/minls/AppData/Local/UnrealEngine/Common/DerivedDataCache/Buckets/LegacyChaosGeometryData/e0/14/1e98c6c87bc72438d8d95ef69534d2f90041.udd" 7578
"C:/Users/minls/AppData/Local/UnrealEngine/Common/DerivedDataCache/Buckets/LegacyNavCollision/2c/3f/f75f4605f8ed927a370df41dc5c47841f2f2.udd" 7579
"C:/Users/minls/AppData/Local/UnrealEngine/Common/DerivedDataCache/Buckets/LegacyCARD/cd/46/550ba9bacb6d8805fac7c0a920ffab2a7101.udd" 7580
"E:/Workspace_ISECONVI/ISECONVI/Content/3DTeamAsset/ProceduralBiomes/Materials/MI_Rock008.uasset" 7581
"C:/Users/minls/AppData/Local/UnrealEngine/Common/DerivedDataCache/Buckets/LegacyNavCollision/ef/15/e7ed25dc56a5a9ab82ac6c28ccf240b7580d.udd" 7582
"E:/Workspace_ISECONVI/ISECONVI/Content/3DTeamAsset/ProceduralBiomes/Materials/MI_BushBark02.uasset" 7583
"C:/Users/minls/AppData/Local/UnrealEngine/Common/DerivedDataCache/Buckets/MaterialShaderMap/8a/14/cb8adeac1af2501a531e3e3f415757ec2753.udd" 7584
"C:/Users/minls/AppData/Local/UnrealEngine/Common/DerivedDataCache/Buckets/MaterialShaderMap/d8/89/5541d7720162988d9b26bfec5f990b9c6c6a.udd" 7585
"E:/Workspace_ISECONVI/ISECONVI/Content/3DTeamAsset/ProceduralBiomes/Materials/MI_SummerConiferBark.uasset" 7586
"C:/Users/minls/AppData/Local/UnrealEngine/Common/DerivedDataCache/Buckets/LegacyNavCollision/3a/e1/f6dd7a557ae103478dc519c24d19aa492489.udd" 7587
"E:/Workspace_ISECONVI/ISECONVI/Content/3DTeamAsset/ProceduralBiomes/Materials/MI_Rock003.uasset" 7588
"C:/Users/minls/AppData/Local/UnrealEngine/Common/DerivedDataCache/Buckets/MaterialShaderMap/a0/30/fb4aa3267bb427e74ee6dc2d6a8f2ad9bba6.udd" 7589
"E:/Workspace_ISECONVI/ISECONVI/Content/3DTeamAsset/ProceduralBiomes/Materials/MI_Rock005.uasset" 7590
"E:/Workspace_ISECONVI/ISECONVI/Content/3DTeamAsset/ProceduralBiomes/Materials/MI_ConiferBranches_B.uasset" 7591
"C:/Users/minls/AppData/Local/UnrealEngine/Common/DerivedDataCache/Buckets/MaterialShaderMap/45/1d/c351c48c5a9209cfa6874fea1610be8c97b9.udd" 7592
"E:/Workspace_ISECONVI/ISECONVI/Content/3DTeamAsset/ProceduralBiomes/Materials/MI_Veg001.uasset" 7593
"E:/Workspace_ISECONVI/ISECONVI/Content/3DTeamAsset/ProceduralBiomes/Materials/MI_Veg002.uasset" 7594
"../../../../../Workspace_ISECONVI/ISECONVI/Content/3DTeamAsset/Environment_DreamscapeSeries/DreamscapeTower/Meshes/Trees/SM_Tree_A_01.uasset" 7595
"../../../../../Workspace_ISECONVI/ISECONVI/Content/3DTeamAsset/Environment_DreamscapeSeries/DreamscapeTower/Meshes/Trees/SM_Tree_A_03.uasset" 7596
"../../../../../Workspace_ISECONVI/ISECONVI/Content/3DTeamAsset/Environment_DreamscapeSeries/DreamscapeTower/Meshes/Trees/SM_Tree_B_02.uasset" 7597
"../../../../../Workspace_ISECONVI/ISECONVI/Content/3DTeamAsset/Environment_DreamscapeSeries/DreamscapeTower/Meshes/Trees/SM_Tree_C_02_WIP.uasset" 7598
"../../../../../Workspace_ISECONVI/ISECONVI/Content/3DTeamAsset/Environment_DreamscapeSeries/DreamscapeTower/Meshes/Trees/SM_Tree_F_02_WIP.uasset" 7599
"../../../../../Workspace_ISECONVI/ISECONVI/Content/3DTeamAsset/Environment_DreamscapeSeries/DreamscapeTower/Meshes/Trees/SM_Tree_D_02_WIP.uasset" 7600
"../../../../../Workspace_ISECONVI/ISECONVI/Content/3DTeamAsset/Environment_DreamscapeSeries/DreamscapeTower/Meshes/Trees/SM_Tree_F_01_WIP.uasset" 7601
"../../../../../Workspace_ISECONVI/ISECONVI/Content/CartoonSkyShader/Meshes/Sky/SM_CartoonSky.uasset" 7602
"C:/Users/minls/AppData/Local/UnrealEngine/Common/DerivedDataCache/Buckets/LegacyDIST/db/63/4f6a256e16f87f8f6a59aec99396c73ec546.udd" 7603
"C:/Users/minls/AppData/Local/UnrealEngine/Common/DerivedDataCache/Buckets/LegacyDIST/bb/93/d103c2941c1cabbdecf22572005b418680a2.udd" 7604
"C:/Users/minls/AppData/Local/UnrealEngine/Common/DerivedDataCache/Buckets/MaterialShaderMap/b7/d8/9442539f3bc0c4742c03a9d27896c2fe1e79.udd" 7605
"C:/Users/minls/AppData/Local/UnrealEngine/Common/DerivedDataCache/Buckets/LegacyCARD/75/85/de830f52ad526ab64611b589cc5df92c7806.udd" 7606
"C:/Users/minls/AppData/Local/UnrealEngine/Common/DerivedDataCache/Buckets/MaterialShaderMap/62/25/2ce5166e24229305b546db512b322af3e871.udd" 7607
"C:/Users/minls/AppData/Local/UnrealEngine/Common/DerivedDataCache/Buckets/MaterialShaderMap/f3/af/e466cda65824be1c854c0d32e0fc5c906b8f.udd" 7608
"C:/Users/minls/AppData/Local/UnrealEngine/Common/DerivedDataCache/Buckets/MaterialShaderMap/25/21/6d49460d0a72f77c4667a61112a63ba9520d.udd" 7609
"C:/Users/minls/AppData/Local/UnrealEngine/Common/DerivedDataCache/Buckets/LegacyCARD/1c/cc/651c386b5c308d6fe3e9facdd583c0bbeb79.udd" 7610
"C:/Users/minls/AppData/Local/UnrealEngine/Common/DerivedDataCache/Buckets/LegacyChaosGeometryData/e2/ff/34ac776694e5aeddda9552d4a37a17aef7d9.udd" 7611
"C:/Users/minls/AppData/Local/UnrealEngine/Common/DerivedDataCache/Buckets/LegacyChaosGeometryData/7d/c1/8b522d054f5c0921f978726d07890c39732e.udd" 7612
"C:/Users/minls/AppData/Local/UnrealEngine/Common/DerivedDataCache/Buckets/MaterialShaderMap/c4/1a/c38c360c1da0a320fe02c9aaf9a78c21ca30.udd" 7613
"C:/Users/minls/AppData/Local/UnrealEngine/Common/DerivedDataCache/Buckets/MaterialShaderMap/05/17/a1a2aafa424f696e9b8acb37c912a2299965.udd" 7614
"C:/Users/minls/AppData/Local/UnrealEngine/Common/DerivedDataCache/Buckets/LegacyNavCollision/fe/49/014d207518edd1874807638e49dae1f53a3f.udd" 7615
"C:/Users/minls/AppData/Local/UnrealEngine/Common/DerivedDataCache/Buckets/LegacyNavCollision/ca/eb/b57d3cb589c7111a8397529dc5cec024748a.udd" 7616
"C:/Users/minls/AppData/Local/UnrealEngine/Common/DerivedDataCache/Buckets/MaterialShaderMap/e6/0b/e741cdc650a72ef32c99a6adc9cc33fc4a45.udd" 7617
"C:/Users/minls/AppData/Local/UnrealEngine/Common/DerivedDataCache/Buckets/MaterialShaderMap/32/5c/990632d4cc46b661a8d27672c610520c2dfe.udd" 7618
"C:/Users/minls/AppData/Local/UnrealEngine/Common/DerivedDataCache/Buckets/MaterialShaderMap/4e/a7/2e709c48f98b268d9430affffcf135ab3ae8.udd" 7619
"../../../../../Workspace_ISECONVI/ISECONVI/Content/3DTeamAsset/Environment_DreamscapeSeries/DreamscapeTower/Meshes/Trees/SM_Tree_C_01.uasset" 7620
"../../../../../Workspace_ISECONVI/ISECONVI/Content/DreamscapeSeries/DreamscapeTower/Meshes/Trees/SM_Tree_A_03.uasset" 7621
"C:/Users/minls/AppData/Local/UnrealEngine/Common/DerivedDataCache/Buckets/MaterialShaderMap/ee/6d/1acc54a261747f8c8ecb5dc3222c701daafe.udd" 7622
"C:/Users/minls/AppData/Local/UnrealEngine/Common/DerivedDataCache/Buckets/MaterialShaderMap/64/c7/81f0032cf7211dc20b2e46773c8bcf4f71a7.udd" 7623
"C:/Users/minls/AppData/Local/UnrealEngine/Common/DerivedDataCache/Buckets/MaterialShaderMap/9b/d8/91f015203a4b539a235fbdfdb8c0e405d15a.udd" 7624
"E:/Workspace_ISECONVI/ISECONVI/Content/3DTeamAsset/ProceduralBiomes/Materials/MI_Veg003.uasset" 7625
"C:/Users/minls/AppData/Local/UnrealEngine/Common/DerivedDataCache/Buckets/MaterialShaderMap/3e/19/2467a8f39e77087d890e6b60b39b971110c3.udd" 7626
"E:/Workspace_ISECONVI/ISECONVI/Content/3DTeamAsset/ProceduralBiomes/Materials/MI_Veg004.uasset" 7627
"E:/Workspace_ISECONVI/ISECONVI/Content/3DTeamAsset/ProceduralBiomes/Materials/MI_Veg005.uasset" 7628
"E:/Workspace_ISECONVI/ISECONVI/Content/3DTeamAsset/ProceduralBiomes/Materials/MI_Veg007.uasset" 7629
"E:/Workspace_ISECONVI/ISECONVI/Content/3DTeamAsset/ProceduralBiomes/Materials/MI_Veg008.uasset" 7630
"E:/Workspace_ISECONVI/ISECONVI/Content/3DTeamAsset/ProceduralBiomes/Materials/MI_Veg010.uasset" 7631
"E:/Workspace_ISECONVI/ISECONVI/Content/3DTeamAsset/ProceduralBiomes/Materials/MI_Veg011.uasset" 7632
"E:/Workspace_ISECONVI/ISECONVI/Content/3DTeamAsset/ProceduralBiomes/Materials/MI_Veg012.uasset" 7633
"E:/Workspace_ISECONVI/ISECONVI/Content/3DTeamAsset/ProceduralBiomes/Materials/MI_Veg013.uasset" 7634
"E:/Workspace_ISECONVI/ISECONVI/Content/3DTeamAsset/ProceduralBiomes/Materials/MI_Veg022.uasset" 7635
"E:/Workspace_ISECONVI/ISECONVI/Content/3DTeamAsset/ProceduralBiomes/Materials/MI_Veg029.uasset" 7636
"E:/Workspace_ISECONVI/ISECONVI/Content/3DTeamAsset/ProceduralBiomes/Materials/MI_Veg030.uasset" 7637
"E:/Workspace_ISECONVI/ISECONVI/Content/3DTeamAsset/ProceduralBiomes/Materials/MI_Veg033.uasset" 7638
"E:/Workspace_ISECONVI/ISECONVI/Content/3DTeamAsset/ProceduralBiomes/Materials/MI_ConiferBranches_A.uasset" 7639
"C:/Users/minls/AppData/Local/UnrealEngine/Common/DerivedDataCache/Buckets/MaterialShaderMap/8f/a3/46538d6b3aa43f8be83c105c061f38138a59.udd" 7640
"C:/Users/minls/AppData/Local/UnrealEngine/Common/DerivedDataCache/Buckets/MaterialShaderMap/6f/a8/c27ed46093d66bca63abca6a1b4922e059d8.udd" 7641
"C:/Users/minls/AppData/Local/UnrealEngine/Common/DerivedDataCache/Buckets/MaterialShaderMap/16/78/8490ebac3fb1e6395f18f81762c057feef90.udd" 7642
"C:/Users/minls/AppData/Local/UnrealEngine/Common/DerivedDataCache/Buckets/MaterialShaderMap/d7/da/6f3b33b66aa8ef16f08d61bc7eb9f54a7e66.udd" 7643
"C:/Users/minls/AppData/Local/UnrealEngine/Common/DerivedDataCache/Buckets/MaterialShaderMap/3c/bb/6e66e9ac8e8852ab99b93ddd76aca6445c30.udd" 7644
"C:/Users/minls/AppData/Local/UnrealEngine/Common/DerivedDataCache/Buckets/MaterialShaderMap/4a/01/a9f9347124c93df78501c1b991ddf2834ada.udd" 7645
"C:/Users/minls/AppData/Local/UnrealEngine/Common/DerivedDataCache/Buckets/MaterialShaderMap/bd/a0/3c40d515185779b80e7afec3a5c4c72f4220.udd" 7646
"C:/Users/minls/AppData/Local/UnrealEngine/Common/DerivedDataCache/Buckets/MaterialShaderMap/09/a1/af98a130e0e986204f13488b1357e73fd763.udd" 7647
"C:/Users/minls/AppData/Local/UnrealEngine/Common/DerivedDataCache/Buckets/MaterialShaderMap/4e/46/a35163bbda1f9e690746ca7a245e6511b081.udd" 7648
"C:/Users/minls/AppData/Local/UnrealEngine/Common/DerivedDataCache/Buckets/MaterialShaderMap/7e/02/8f6ee8e1f81bd6b14b9e3aa6c727c1ff814b.udd" 7649
"C:/Users/minls/AppData/Local/UnrealEngine/Common/DerivedDataCache/Buckets/MaterialShaderMap/67/fd/605126f38587eb2d8b05382a0938a094952a.udd" 7650
"C:/Users/minls/AppData/Local/UnrealEngine/Common/DerivedDataCache/Buckets/MaterialShaderMap/19/45/9feb48f9179f5db2119e513727aa62722fc8.udd" 7651
"E:/Workspace_ISECONVI/ISECONVI/Content/3DTeamAsset/ProceduralBiomes/Materials/MI_ConiferLeafs_A.uasset" 7652
"E:/Workspace_ISECONVI/ISECONVI/Content/CartoonSkyShader/Blueprints/BP_CartoonSky_DayNightCycle.uasset" 7653
"E:/Workspace_ISECONVI/ISECONVI/Content/3DTeamAsset/PN_MeadowFlowers/Meshes/flowerMesh/flower_01_01.uasset" 7654
"E:/Workspace_ISECONVI/ISECONVI/Content/3DTeamAsset/PN_MeadowFlowers/Meshes/flowerMesh/flower_01_02.uasset" 7655
"E:/Workspace_ISECONVI/ISECONVI/Content/3DTeamAsset/PN_MeadowFlowers/Meshes/flowerMesh/flower_02_02.uasset" 7656
"E:/Workspace_ISECONVI/ISECONVI/Content/3DTeamAsset/PN_MeadowFlowers/Meshes/flowerMesh/flower_02_03.uasset" 7657
"E:/Workspace_ISECONVI/ISECONVI/Content/3DTeamAsset/PN_MeadowFlowers/Meshes/flowerMesh/flower_02_04.uasset" 7658
"E:/Workspace_ISECONVI/ISECONVI/Content/3DTeamAsset/PN_MeadowFlowers/Meshes/flowerMesh/flower_03_01.uasset" 7659
"E:/Workspace_ISECONVI/ISECONVI/Content/3DTeamAsset/PN_MeadowFlowers/Meshes/flowerMesh/flower_03_02.uasset" 7660
"E:/Workspace_ISECONVI/ISECONVI/Content/3DTeamAsset/PN_MeadowFlowers/Meshes/flowerMesh/flower_02_01.uasset" 7661
"E:/Workspace_ISECONVI/ISECONVI/Content/3DTeamAsset/PN_MeadowFlowers/Meshes/flowerMesh/flower_01_03.uasset" 7662
"E:/Workspace_ISECONVI/ISECONVI/Content/3DTeamAsset/PN_MeadowFlowers/Meshes/flowerMesh/flower_01_04.uasset" 7663
"E:/Workspace_ISECONVI/ISECONVI/Content/3DTeamAsset/ProceduralBiomes/Meshes/SM_PineGround.uasset" 7664
"E:/Workspace_ISECONVI/ISECONVI/Content/3DTeamAsset/ProceduralBiomes/Meshes/SM_Rock001.uasset" 7665
"E:/Workspace_ISECONVI/ISECONVI/Content/3DTeamAsset/ProceduralBiomes/Meshes/SM_Rock002.uasset" 7666
"E:/Workspace_ISECONVI/ISECONVI/Content/3DTeamAsset/ProceduralBiomes/Meshes/SM_Rock004.uasset" 7667
"E:/Workspace_ISECONVI/ISECONVI/Content/3DTeamAsset/ProceduralBiomes/Meshes/SM_Rock008.uasset" 7668
"C:/Users/minls/AppData/Local/UnrealEngine/Common/DerivedDataCache/Buckets/MaterialShaderMap/87/cb/b21c054c3b8a97059dc4c33120722aba1c74.udd" 7669
"E:/Workspace_ISECONVI/ISECONVI/Content/3DTeamAsset/ProceduralBiomes/Meshes/SM_Rock003.uasset" 7670
"C:/Users/minls/AppData/Local/UnrealEngine/Common/DerivedDataCache/Buckets/StaticMesh/c5/af/93c94fabf0c16c7df6ee7714240c35845a5c.udd" 7671
"E:/Workspace_ISECONVI/ISECONVI/Content/3DTeamAsset/ProceduralBiomes/Meshes/SM_Rock005.uasset" 7672
"C:/Users/minls/AppData/Local/UnrealEngine/Common/DerivedDataCache/Buckets/LegacyDIST/89/4a/73a2612b40412d3aa525c6dec4f398469216.udd" 7673
"C:/Users/minls/AppData/Local/UnrealEngine/Common/DerivedDataCache/Buckets/LegacyCARD/e8/e7/666056313498ed0a557a554c7321010befca.udd" 7674
"E:/Workspace_ISECONVI/ISECONVI/Content/3DTeamAsset/ProceduralBiomes/Meshes/SM_ConiferTree03.uasset" 7675
"C:/Users/minls/AppData/Local/UnrealEngine/Common/DerivedDataCache/Buckets/StaticMesh/a0/c5/55a4410b6d3de737c0686df666b3bcf256b6.udd" 7676
"C:/Users/minls/AppData/Local/UnrealEngine/Common/DerivedDataCache/Buckets/LegacyNavCollision/3f/3d/512290492eec9240cdad512f4dcea1ac9e16.udd" 7677
"C:/Users/minls/AppData/Local/UnrealEngine/Common/DerivedDataCache/Buckets/LegacyDIST/aa/d1/742c7b801b7f4b44a7267093387a1a736a53.udd" 7678
"C:/Users/minls/AppData/Local/UnrealEngine/Common/DerivedDataCache/Buckets/LegacyCARD/41/0f/65539b28a48da075853ae59142ad716d24d9.udd" 7679
"C:/Users/minls/AppData/Local/UnrealEngine/Common/DerivedDataCache/Buckets/StaticMesh/8f/84/2e09f1fbd42f0c3814c7fdda972b89abdd85.udd" 7680
"E:/Workspace_ISECONVI/ISECONVI/Content/3DTeamAsset/ProceduralBiomes/Meshes/SM_Veg001.uasset" 7681
"C:/Users/minls/AppData/Local/UnrealEngine/Common/DerivedDataCache/Buckets/LegacyDIST/ec/45/3cb27024d11c2c22d22e27068eeef8f668dc.udd" 7682
"C:/Users/minls/AppData/Local/UnrealEngine/Common/DerivedDataCache/Buckets/LegacyNavCollision/55/d7/d7c9674a9f6d8e8ad284913fd356348b7b0c.udd" 7683
"C:/Users/minls/AppData/Local/UnrealEngine/Common/DerivedDataCache/Buckets/LegacyCARD/52/d5/734d8b86f689a6e57e490c01b82cb9e6cc17.udd" 7684
"C:/Users/minls/AppData/Local/UnrealEngine/Common/DerivedDataCache/Buckets/StaticMesh/ae/29/c5aeeff950fc5329180b3e2e780524019922.udd" 7685
"E:/Workspace_ISECONVI/ISECONVI/Content/3DTeamAsset/ProceduralBiomes/Meshes/SM_Veg002.uasset" 7686
"C:/Users/minls/AppData/Local/UnrealEngine/Common/DerivedDataCache/Buckets/LegacyNavCollision/6e/c2/d29c0c91bd29d6586b00cce03f42d8ec329b.udd" 7687
"C:/Users/minls/AppData/Local/UnrealEngine/Common/DerivedDataCache/Buckets/LegacyDIST/7f/99/d56b1d42b8d527841355962cd8c1c19c230d.udd" 7688
"C:/Users/minls/AppData/Local/UnrealEngine/Common/DerivedDataCache/Buckets/LegacyCARD/92/3f/f69004345c91ee08b55e22a581c719454a9b.udd" 7689
"C:/Users/minls/AppData/Local/UnrealEngine/Common/DerivedDataCache/Buckets/StaticMesh/57/46/b824c96475aa734d14972498b1a40e985944.udd" 7690
"E:/Workspace_ISECONVI/ISECONVI/Content/3DTeamAsset/ProceduralBiomes/Meshes/SM_Veg003.uasset" 7691
"C:/Users/minls/AppData/Local/UnrealEngine/Common/DerivedDataCache/Buckets/LegacyDIST/8a/41/750d785e8f5086a75e5f59fcfd5e0a592124.udd" 7692
"C:/Users/minls/AppData/Local/UnrealEngine/Common/DerivedDataCache/Buckets/MaterialShaderMap/ae/45/10ff365fb63c252299aea5a30a25d4bc6dfb.udd" 7693
"C:/Users/minls/AppData/Local/UnrealEngine/Common/DerivedDataCache/Buckets/LegacyCARD/b0/08/c0e1a5bb036b5e17e085b0e42beec84afc53.udd" 7694
"C:/Users/minls/AppData/Local/UnrealEngine/Common/DerivedDataCache/Buckets/StaticMesh/28/9a/95e93c19b7e9ab853abd06e2917ecf6f717b.udd" 7695
"E:/Workspace_ISECONVI/ISECONVI/Content/3DTeamAsset/ProceduralBiomes/Meshes/SM_Veg004.uasset" 7696
"C:/Users/minls/AppData/Local/UnrealEngine/Common/DerivedDataCache/Buckets/LegacyDIST/5b/55/2e4bd7575c0e62d0b3471561520d482e2443.udd" 7697
"C:/Users/minls/AppData/Local/UnrealEngine/Common/DerivedDataCache/Buckets/LegacyCARD/3f/24/9a587ab731854e625ee6804b2de14b31b472.udd" 7698
"C:/Users/minls/AppData/Local/UnrealEngine/Common/DerivedDataCache/Buckets/LegacyNavCollision/72/62/550a222bfd51539c4de94475624e5400cfa6.udd" 7699
"C:/Users/minls/AppData/Local/UnrealEngine/Common/DerivedDataCache/Buckets/StaticMesh/e1/67/8e75f69ceedcabffa76bbc61978c0a26557f.udd" 7700
"E:/Workspace_ISECONVI/ISECONVI/Content/3DTeamAsset/ProceduralBiomes/Meshes/SM_Veg005.uasset" 7701
"C:/Users/minls/AppData/Local/UnrealEngine/Common/DerivedDataCache/Buckets/LegacyNavCollision/2e/17/d68245a0f1946bdf916b7e66aff61a606de5.udd" 7702
"C:/Users/minls/AppData/Local/UnrealEngine/Common/DerivedDataCache/Buckets/LegacyDIST/77/7b/01e6853bf51eec11023161fa7ad864666425.udd" 7703
"C:/Users/minls/AppData/Local/UnrealEngine/Common/DerivedDataCache/Buckets/LegacyCARD/62/b1/767831f3d1fe8261403f78116f603d434b81.udd" 7704
"E:/Workspace_ISECONVI/ISECONVI/Content/3DTeamAsset/ProceduralBiomes/Meshes/SM_Veg007.uasset" 7705
"C:/Users/minls/AppData/Local/UnrealEngine/Common/DerivedDataCache/Buckets/LegacyNavCollision/a1/17/68418d4b673c50f4b5663f720395480667fb.udd" 7706
"C:/Users/minls/AppData/Local/UnrealEngine/Common/DerivedDataCache/Buckets/StaticMesh/67/65/74cdc21c8f215e2257d966781947630fcc58.udd" 7707
"C:/Users/minls/AppData/Local/UnrealEngine/Common/DerivedDataCache/Buckets/LegacyNavCollision/7b/0a/f87630e874eeb3d2295f931bc2458e274a07.udd" 7708
"C:/Users/minls/AppData/Local/UnrealEngine/Common/DerivedDataCache/Buckets/LegacyDIST/5d/a1/8ea725caf3d5951aeb75eebd9d6eef34f7cd.udd" 7709
"C:/Users/minls/AppData/Local/UnrealEngine/Common/DerivedDataCache/Buckets/StaticMesh/d6/23/fe48018a093daec046cf3850d404d728ac55.udd" 7710
"C:/Users/minls/AppData/Local/UnrealEngine/Common/DerivedDataCache/Buckets/LegacyCARD/6c/01/0ef3571c737da512b6e67f2ea53b38b61db2.udd" 7711
"E:/Workspace_ISECONVI/ISECONVI/Content/3DTeamAsset/ProceduralBiomes/Meshes/SM_Veg008.uasset" 7712
"C:/Users/minls/AppData/Local/UnrealEngine/Common/DerivedDataCache/Buckets/MaterialShaderMap/ac/15/91b064a75546fe6b46b693e77bc8538b1467.udd" 7713
"C:/Users/minls/AppData/Local/UnrealEngine/Common/DerivedDataCache/Buckets/LegacyDIST/f3/bb/7c5593a624401cdd619da007c7939e215036.udd" 7714
"C:/Users/minls/AppData/Local/UnrealEngine/Common/DerivedDataCache/Buckets/LegacyCARD/36/78/dd93ac6770d48251af1c642ca3e6e269403c.udd" 7715
"C:/Users/minls/AppData/Local/UnrealEngine/Common/DerivedDataCache/Buckets/StaticMesh/82/1e/a9bf8db91614b94015f1dd25b54946fe76f7.udd" 7716
"E:/Workspace_ISECONVI/ISECONVI/Content/3DTeamAsset/ProceduralBiomes/Meshes/SM_Veg010.uasset" 7717
"C:/Users/minls/AppData/Local/UnrealEngine/Common/DerivedDataCache/Buckets/LegacyNavCollision/a1/be/38b33621c29f9eb479d0a65aa5754b5b63aa.udd" 7718
"C:/Users/minls/AppData/Local/UnrealEngine/Common/DerivedDataCache/Buckets/LegacyDIST/4a/70/e5bbd8f4d8b002b127f92048f7cb13a426bc.udd" 7719
"C:/Users/minls/AppData/Local/UnrealEngine/Common/DerivedDataCache/Buckets/LegacyCARD/c9/12/eccef6509a616ebe6a618c9a660a7981e282.udd" 7720
"C:/Users/minls/AppData/Local/UnrealEngine/Common/DerivedDataCache/Buckets/LegacyNavCollision/2b/7e/defc830bbd7eaed499d10a7b3e040780277b.udd" 7721
"C:/Users/minls/AppData/Local/UnrealEngine/Common/DerivedDataCache/Buckets/StaticMesh/3d/2f/b78e3abd10614787ec789e834bb7fccc07d1.udd" 7722
"E:/Workspace_ISECONVI/ISECONVI/Content/3DTeamAsset/ProceduralBiomes/Meshes/SM_Veg011.uasset" 7723
"C:/Users/minls/AppData/Local/UnrealEngine/Common/DerivedDataCache/Buckets/LegacyNavCollision/30/53/caab334eebd6f9aa6959a1ecce5d1fef4124.udd" 7724
"C:/Users/minls/AppData/Local/UnrealEngine/Common/DerivedDataCache/Buckets/StaticMesh/26/4f/0b16cdea54d1c6ee24244bce92a9bc2f5a32.udd" 7725
"C:/Users/minls/AppData/Local/UnrealEngine/Common/DerivedDataCache/Buckets/LegacyDIST/05/02/e4c96a5ff4d8418072b166d9aaebf1bb1748.udd" 7726
"C:/Users/minls/AppData/Local/UnrealEngine/Common/DerivedDataCache/Content/cb/a0/cbd7b370a69a55d8231d1b4e936abeee3919.udd" 7727
"C:/Users/minls/AppData/Local/UnrealEngine/Common/DerivedDataCache/Buckets/LegacyCARD/99/68/86e6585fa8b2d62d0e2b7fd86e5781c22d98.udd" 7728
"E:/Workspace_ISECONVI/ISECONVI/Content/3DTeamAsset/ProceduralBiomes/Meshes/SM_Veg012.uasset" 7729
"C:/Users/minls/AppData/Local/UnrealEngine/Common/DerivedDataCache/Buckets/LegacyChaosGeometryData/0a/54/cb12bd33a89c04f0f5a6aacb3c11c574a731.udd" 7730
"C:/Users/minls/AppData/Local/UnrealEngine/Common/DerivedDataCache/Buckets/MaterialShaderMap/0b/80/097967740e5a65abc15b55e2ef1ab332d798.udd" 7731
"E:/Workspace_ISECONVI/ISECONVI/Content/3DTeamAsset/ProceduralBiomes/Meshes/SM_Veg013.uasset" 7732
"C:/Users/minls/AppData/Local/UnrealEngine/Common/DerivedDataCache/Buckets/StaticMesh/fd/56/19cde79e98cb4cd297a94f0dae560b96a5a1.udd" 7733
"C:/Users/minls/AppData/Local/UnrealEngine/Common/DerivedDataCache/Buckets/LegacyNavCollision/72/09/623d0de9b14b523ddf3b898ae9961f0e0782.udd" 7734
"C:/Users/minls/AppData/Local/UnrealEngine/Common/DerivedDataCache/Content/8c/77/578b1574aaf40d300b7dd39be1af846d0e73.udd" 7735
"C:/Users/minls/AppData/Local/UnrealEngine/Common/DerivedDataCache/Buckets/StaticMesh/39/8e/679daeb1f0b68bd128dec1df668ca62d8498.udd" 7736
"E:/Workspace_ISECONVI/ISECONVI/Content/3DTeamAsset/ProceduralBiomes/Meshes/SM_Veg022.uasset" 7737
"C:/Users/minls/AppData/Local/UnrealEngine/Common/DerivedDataCache/Content/fd/56/84e3c8ffc28ac24a66c82c41ef6fa2c4898e.udd" 7738
"C:/Users/minls/AppData/Local/UnrealEngine/Common/DerivedDataCache/Buckets/LegacyDIST/1e/35/3867fb71b23e6bd9f106d0965a0ea449b609.udd" 7739
"C:/Users/minls/AppData/Local/UnrealEngine/Common/DerivedDataCache/Buckets/LegacyCARD/00/16/ac169385bbbadcfc0f49c75bf773ec58e9c1.udd" 7740
"C:/Users/minls/AppData/Local/UnrealEngine/Common/DerivedDataCache/Buckets/LegacyChaosGeometryData/dd/5b/420ce5b57acd0549bc1426ffd2066b7c0092.udd" 7741
"C:/Users/minls/AppData/Local/UnrealEngine/Common/DerivedDataCache/Buckets/StaticMesh/32/e8/cb6cc6893fc37660a288607bc2a1694813ab.udd" 7742
"../../../../../Workspace_ISECONVI/ISECONVI/Content/3DTeamAsset/PN_MeadowFlowers/Meshes/flowerMesh/flower_01_01.uasset" 7743
"C:/Users/minls/AppData/Local/UnrealEngine/Common/DerivedDataCache/Content/7f/24/618ef2de06740b4f39a7439e787f7a87a03f.udd" 7744
"../../../../../Workspace_ISECONVI/ISECONVI/Content/3DTeamAsset/PN_MeadowFlowers/Meshes/flowerMesh/flower_01_02.uasset" 7745
"../../../../../Workspace_ISECONVI/ISECONVI/Content/3DTeamAsset/PN_MeadowFlowers/Meshes/flowerMesh/flower_02_02.uasset" 7746
"../../../../../Workspace_ISECONVI/ISECONVI/Content/3DTeamAsset/PN_MeadowFlowers/Meshes/flowerMesh/flower_02_03.uasset" 7747
"../../../../../Workspace_ISECONVI/ISECONVI/Content/3DTeamAsset/PN_MeadowFlowers/Meshes/flowerMesh/flower_02_04.uasset" 7748
"../../../../../Workspace_ISECONVI/ISECONVI/Content/3DTeamAsset/PN_MeadowFlowers/Meshes/flowerMesh/flower_03_01.uasset" 7749
"../../../../../Workspace_ISECONVI/ISECONVI/Content/3DTeamAsset/PN_MeadowFlowers/Meshes/flowerMesh/flower_03_02.uasset" 7750
"../../../../../Workspace_ISECONVI/ISECONVI/Content/3DTeamAsset/PN_MeadowFlowers/Meshes/flowerMesh/flower_02_01.uasset" 7751
"../../../../../Workspace_ISECONVI/ISECONVI/Content/3DTeamAsset/PN_MeadowFlowers/Meshes/flowerMesh/flower_01_03.uasset" 7752
"../../../../../Workspace_ISECONVI/ISECONVI/Content/3DTeamAsset/PN_MeadowFlowers/Meshes/flowerMesh/flower_01_04.uasset" 7753
"../../../../../Workspace_ISECONVI/ISECONVI/Content/3DTeamAsset/ProceduralBiomes/Meshes/SM_PineGround.uasset" 7754
"C:/Users/minls/AppData/Local/UnrealEngine/Common/DerivedDataCache/Buckets/LegacyNavCollision/dd/16/58c12a63bd4cf906e5bbe429d844b690062e.udd" 7755
"C:/Users/minls/AppData/Local/UnrealEngine/Common/DerivedDataCache/Buckets/LegacyDIST/a1/b9/cbc7ffcb4b34846de08698a4dcb04af34694.udd" 7756
"C:/Users/minls/AppData/Local/UnrealEngine/Common/DerivedDataCache/Buckets/LegacyDIST/fc/cf/787919fd8bd7e9d1f94340d0813de93fd213.udd" 7757
"C:/Users/minls/AppData/Local/UnrealEngine/Common/DerivedDataCache/Buckets/LegacyCARD/8e/7d/134f0b615f2d747290db2576884fae7e424c.udd" 7758
"C:/Users/minls/AppData/Local/UnrealEngine/Common/DerivedDataCache/Buckets/LegacyCARD/24/69/f56ef8273fb86d88bb0edf651c36dc1cfd74.udd" 7759
"C:/Users/minls/AppData/Local/UnrealEngine/Common/DerivedDataCache/Buckets/LegacyChaosGeometryData/17/c4/a98218ca9a81849a3b7acc1a05c037d3e0c4.udd" 7760
"C:/Users/minls/AppData/Local/UnrealEngine/Common/DerivedDataCache/Buckets/LegacyChaosGeometryData/cb/36/ddb3b6f8cfde7df0fafdcf0a1a336a7939ae.udd" 7761
"C:/Users/minls/AppData/Local/UnrealEngine/Common/DerivedDataCache/Buckets/LegacyDIST/eb/ab/95f1054ed4716f56b6dddb7a8a9790a40211.udd" 7762
"C:/Users/minls/AppData/Local/UnrealEngine/Common/DerivedDataCache/Buckets/LegacyCARD/2c/d8/c4f7fa4835f2cb1235bb5445c4b6bdf9b36f.udd" 7763
"C:/Users/minls/AppData/Local/UnrealEngine/Common/DerivedDataCache/Buckets/LegacyChaosGeometryData/46/82/6a3134f3ae91fb0876e7f2328d74636c0133.udd" 7764
"C:/Users/minls/AppData/Local/UnrealEngine/Common/DerivedDataCache/Buckets/LegacyNavCollision/b7/9a/4d64346ce96105bd2a26d8c117c4449a99ec.udd" 7765
"C:/Users/minls/AppData/Local/UnrealEngine/Common/DerivedDataCache/Buckets/LegacyNavCollision/17/70/35c678b82732198b993d7c12361d731928fc.udd" 7766
"C:/Users/minls/AppData/Local/UnrealEngine/Common/DerivedDataCache/Buckets/LegacyNavCollision/d0/bc/641bd7ec665460bfcdee1b512ce933370763.udd" 7767
"E:/Workspace_ISECONVI/ISECONVI/Content/3DTeamAsset/ProceduralBiomes/Meshes/SM_Veg023.uasset" 7768
"C:/Users/minls/AppData/Local/UnrealEngine/Common/DerivedDataCache/Buckets/StaticMesh/ae/27/8c8f9899053993c6590f08522ff7888b4ee0.udd" 7769
"E:/Workspace_ISECONVI/ISECONVI/Content/3DTeamAsset/ProceduralBiomes/Meshes/SM_Veg029.uasset" 7770
"C:/Users/minls/AppData/Local/UnrealEngine/Common/DerivedDataCache/Content/89/a6/072c1925b6802794a747269bf437c4e4d9b6.udd" 7771
"C:/Users/minls/AppData/Local/UnrealEngine/Common/DerivedDataCache/Buckets/StaticMesh/44/02/9b8d76d60212fc6feb8edb2ab2f05db466a7.udd" 7772
"E:/Workspace_ISECONVI/ISECONVI/Content/3DTeamAsset/ProceduralBiomes/Meshes/SM_Veg030.uasset" 7773
"C:/Users/minls/AppData/Local/UnrealEngine/Common/DerivedDataCache/Content/2c/3e/5fe88ac05d137102843b4412c31e2027a3e3.udd" 7774
"C:/Users/minls/AppData/Local/UnrealEngine/Common/DerivedDataCache/Buckets/StaticMesh/a8/ee/13973cf6b02521016f0b791423098c639bd6.udd" 7775
"E:/Workspace_ISECONVI/ISECONVI/Content/3DTeamAsset/ProceduralBiomes/Meshes/SM_Veg033.uasset" 7776
"C:/Users/minls/AppData/Local/UnrealEngine/Common/DerivedDataCache/Buckets/LegacyDIST/f6/4d/ca3f7378f9d42d03de8ccc9a7c06b16942d1.udd" 7777
"C:/Users/minls/AppData/Local/UnrealEngine/Common/DerivedDataCache/Buckets/LegacyCARD/ad/a5/eccef3f610abfbcb39d8dc83509198a6ba66.udd" 7778
"C:/Users/minls/AppData/Local/UnrealEngine/Common/DerivedDataCache/Buckets/LegacyChaosGeometryData/a5/ad/cd8e9e80b2c444d4c75e5387d287837f38df.udd" 7779
"E:/Workspace_ISECONVI/ISECONVI/Content/3DTeamAsset/ProceduralBiomes/Meshes/SM_ConiferTree02.uasset" 7780
"C:/Users/minls/AppData/Local/UnrealEngine/Common/DerivedDataCache/Buckets/StaticMesh/aa/cf/b8f8abb240822f6d98d57a1399a125899c08.udd" 7781
"C:/Users/minls/AppData/Local/UnrealEngine/Common/DerivedDataCache/Buckets/LegacyDIST/53/ca/ad3c153ea98f9ea97dca9e482ea866986162.udd" 7782
"C:/Users/minls/AppData/Local/UnrealEngine/Common/DerivedDataCache/Buckets/LegacyCARD/9d/4e/1361c6ca75d87c142e414549e1bd5f5a5b79.udd" 7783
"C:/Users/minls/AppData/Local/UnrealEngine/Common/DerivedDataCache/Buckets/LegacyDIST/82/7a/11551eee75e8e467f688be741463251922ac.udd" 7784
"C:/Users/minls/AppData/Local/UnrealEngine/Common/DerivedDataCache/Buckets/LegacyChaosGeometryData/6f/f7/c4197f3ae0019a11048dfcffce062ffba143.udd" 7785
"C:/Users/minls/AppData/Local/UnrealEngine/Common/DerivedDataCache/Buckets/StaticMesh/0f/88/b191cc108345abc5ebd01dbc1e6ece11e994.udd" 7786
"E:/Workspace_ISECONVI/ISECONVI/Content/3DTeamAsset/PN_MeadowFlowers/FoliageTypes/flowerFoliage/flower_01_01.uasset" 7787
"C:/Users/minls/AppData/Local/UnrealEngine/Common/DerivedDataCache/Buckets/LegacyDIST/6b/a3/3c4891afceef056d42c82423ba2c2761b1a5.udd" 7788
"C:/Users/minls/AppData/Local/UnrealEngine/Common/DerivedDataCache/Buckets/LegacyDIST/1e/06/e51851dd1182831003221ef289600dcc3cce.udd" 7789
"C:/Users/minls/AppData/Local/UnrealEngine/Common/DerivedDataCache/Buckets/LegacyCARD/3e/f8/7d63403e3924edd9e34e0f21786a6a87499c.udd" 7790
"C:/Users/minls/AppData/Local/UnrealEngine/Common/DerivedDataCache/Buckets/LegacyCARD/55/76/67eb8fbd40643f169178a4af32cca5672c34.udd" 7791
"E:/Workspace_ISECONVI/ISECONVI/Content/3DTeamAsset/PN_MeadowFlowers/FoliageTypes/flowerFoliage/flower_01_02.uasset" 7792
"C:/Users/minls/AppData/Local/UnrealEngine/Common/DerivedDataCache/Buckets/LegacyNavCollision/45/38/7ddd3d21ec9a20941ba68d6b90313355c36d.udd" 7793
"C:/Users/minls/AppData/Local/UnrealEngine/Common/DerivedDataCache/Buckets/StaticMesh/bd/a0/a666a966cb26507d9caaa72450478ab03793.udd" 7794
"C:/Users/minls/AppData/Local/UnrealEngine/Common/DerivedDataCache/Buckets/LegacyCARD/87/4c/f22afffbf45762987e8da36f074eebad5f09.udd" 7795
"E:/Workspace_ISECONVI/ISECONVI/Content/3DTeamAsset/PN_MeadowFlowers/FoliageTypes/flowerFoliage/flower_02_02.uasset" 7796
"C:/Users/minls/AppData/Local/UnrealEngine/Common/DerivedDataCache/Buckets/LegacyDIST/75/0d/451af0b0f773a0b37e5511f258a434946c29.udd" 7797
"C:/Users/minls/AppData/Local/UnrealEngine/Common/DerivedDataCache/Buckets/LegacyChaosGeometryData/95/07/d365a06fce6c9384812337c9f5529588eaf1.udd" 7798
"C:/Users/minls/AppData/Local/UnrealEngine/Common/DerivedDataCache/Buckets/LegacyCARD/06/c0/8054b2b9547f689a65d8c5536b6e4697e37a.udd" 7799
"E:/Workspace_ISECONVI/ISECONVI/Content/3DTeamAsset/PN_MeadowFlowers/FoliageTypes/flowerFoliage/flower_02_03.uasset" 7800
"C:/Users/minls/AppData/Local/UnrealEngine/Common/DerivedDataCache/Buckets/LegacyNavCollision/a5/f5/e2bc32eeb3c8d5432f889855f864a71423a6.udd" 7801
"C:/Users/minls/AppData/Local/UnrealEngine/Common/DerivedDataCache/Buckets/LegacyNavCollision/13/4f/2c71d62865ff25cf0a85668d508c350ff78c.udd" 7802
"C:/Users/minls/AppData/Local/UnrealEngine/Common/DerivedDataCache/Buckets/StaticMesh/38/99/287e6318a09d3381244748f6e67ae497d3a1.udd" 7803
"E:/Workspace_ISECONVI/ISECONVI/Content/3DTeamAsset/PN_MeadowFlowers/FoliageTypes/flowerFoliage/flower_02_04.uasset" 7804
"C:/Users/minls/AppData/Local/UnrealEngine/Common/DerivedDataCache/Buckets/LegacyNavCollision/2f/7a/5a62f3d1d311f9de99fd5039b9371ff40389.udd" 7805
"C:/Users/minls/AppData/Local/UnrealEngine/Common/DerivedDataCache/Buckets/LegacyDIST/51/82/2c59eca5e9b9a268ca6e9752ed801ee12774.udd" 7806
"C:/Users/minls/AppData/Local/UnrealEngine/Common/DerivedDataCache/Buckets/LegacyNavCollision/29/31/619476d18e345372d3afdc5a1a055340753e.udd" 7807
"C:/Users/minls/AppData/Local/UnrealEngine/Common/DerivedDataCache/Buckets/StaticMesh/ff/40/dc1c4c5c9f391d7b4817129920a26e0398f7.udd" 7808
"C:/Users/minls/AppData/Local/UnrealEngine/Common/DerivedDataCache/Buckets/LegacyCARD/9a/bc/139892562c05fe91c95ae61c7d2346f1ac42.udd" 7809
"C:/Users/minls/AppData/Local/UnrealEngine/Common/DerivedDataCache/Buckets/StaticMesh/85/3b/db25ab6375b259ead703644a019584b0b626.udd" 7810
"E:/Workspace_ISECONVI/ISECONVI/Content/3DTeamAsset/PN_MeadowFlowers/FoliageTypes/flowerFoliage/flower_03_01.uasset" 7811
"C:/Users/minls/AppData/Local/UnrealEngine/Common/DerivedDataCache/Buckets/LegacyDIST/d6/5f/2ead0243bea3a5f603cf85932f96626c2f39.udd" 7812
"C:/Users/minls/AppData/Local/UnrealEngine/Common/DerivedDataCache/Buckets/StaticMesh/e6/f8/5a26c8dabd06ea6e2f3dad1c125f3382028c.udd" 7813
"C:/Users/minls/AppData/Local/UnrealEngine/Common/DerivedDataCache/Buckets/StaticMesh/22/4d/b3622344f7dfca62f8fa13022e793e36e375.udd" 7814
"E:/Workspace_ISECONVI/ISECONVI/Content/3DTeamAsset/PN_MeadowFlowers/FoliageTypes/flowerFoliage/flower_03_02.uasset" 7815
"C:/Users/minls/AppData/Local/UnrealEngine/Common/DerivedDataCache/Buckets/LegacyCARD/71/dc/902c170fff2cdef966f54d1cafe30f2c8716.udd" 7816
"C:/Users/minls/AppData/Local/UnrealEngine/Common/DerivedDataCache/Buckets/LegacyDIST/f5/2a/fa2f5b0ff819b74472593a47de36d7582151.udd" 7817
"C:/Users/minls/AppData/Local/UnrealEngine/Common/DerivedDataCache/Buckets/LegacyDIST/88/2b/cecc4e36654ba587cb73edc9c4daa1bfe847.udd" 7818
"C:/Users/minls/AppData/Local/UnrealEngine/Common/DerivedDataCache/Buckets/LegacyDIST/71/37/5f0837cea39fe584cac70250e06c31aa79dc.udd" 7819
"C:/Users/minls/AppData/Local/UnrealEngine/Common/DerivedDataCache/Buckets/LegacyCARD/20/b0/a7b628105f0a9204e559783e105909afd426.udd" 7820
"C:/Users/minls/AppData/Local/UnrealEngine/Common/DerivedDataCache/Buckets/StaticMesh/ef/2e/e43e4f8360bc14cee058504d9c78c1b25215.udd" 7821
"E:/Workspace_ISECONVI/ISECONVI/Content/3DTeamAsset/PN_MeadowFlowers/FoliageTypes/flowerFoliage/flower_02_01.uasset" 7822
"C:/Users/minls/AppData/Local/UnrealEngine/Common/DerivedDataCache/Buckets/LegacyCARD/bf/bb/34ec5b2ea7939dc36b37fa99208b4db7d32a.udd" 7823
"C:/Users/minls/AppData/Local/UnrealEngine/Common/DerivedDataCache/Buckets/LegacyCARD/1c/11/9fbf238265c11168264bf392150b08460b7d.udd" 7824
"C:/Users/minls/AppData/Local/UnrealEngine/Common/DerivedDataCache/Buckets/LegacyDIST/60/27/7d04abaac7bdbd6b941cbf911c37f629c3be.udd" 7825
"C:/Users/minls/AppData/Local/UnrealEngine/Common/DerivedDataCache/Buckets/LegacyCARD/78/4b/035c765235ada26c7b23f7ed265cda4e50d4.udd" 7826
"C:/Users/minls/AppData/Local/UnrealEngine/Common/DerivedDataCache/Buckets/StaticMesh/ed/b1/a0b143b8bab78c252b81761abbdb34989331.udd" 7827
"C:/Users/minls/AppData/Local/UnrealEngine/Common/DerivedDataCache/Buckets/LegacyNavCollision/7d/95/85cc7f204eaf0f9c9b4f4c7f80ff18950710.udd" 7828
"E:/Workspace_ISECONVI/ISECONVI/Content/3DTeamAsset/PN_MeadowFlowers/FoliageTypes/flowerFoliage/flower_01_03.uasset" 7829
"C:/Users/minls/AppData/Local/UnrealEngine/Common/DerivedDataCache/Buckets/LegacyDIST/35/ac/78cdcff57f3c55ca4090e87fb3e92a4210e7.udd" 7830
"C:/Users/minls/AppData/Local/UnrealEngine/Common/DerivedDataCache/Buckets/LegacyNavCollision/25/96/6f43aa8c54ac0dd6eecb2c33ff6fdb32ca18.udd" 7831
"C:/Users/minls/AppData/Local/UnrealEngine/Common/DerivedDataCache/Buckets/LegacyNavCollision/ff/14/fc6a381867c2d61441302134e987c7c257b2.udd" 7832
"C:/Users/minls/AppData/Local/UnrealEngine/Common/DerivedDataCache/Buckets/LegacyCARD/f1/00/cf746b5cd33fd9fcb2406c11ba710d40a98b.udd" 7833
"C:/Users/minls/AppData/Local/UnrealEngine/Common/DerivedDataCache/Buckets/LegacyNavCollision/c8/e0/ade8868787773002084be24eb143ef5ed22b.udd" 7834
"C:/Users/minls/AppData/Local/UnrealEngine/Common/DerivedDataCache/Buckets/LegacyNavCollision/a5/ab/ef4f74e65bb54c5bf6993b932e1c59003daf.udd" 7835
"C:/Users/minls/AppData/Local/UnrealEngine/Common/DerivedDataCache/Buckets/LegacyNavCollision/45/0f/01860ee82241f74993bf3e42f02e50a19118.udd" 7836
"E:/Workspace_ISECONVI/ISECONVI/Content/3DTeamAsset/PN_MeadowFlowers/FoliageTypes/flowerFoliage/flower_01_04.uasset" 7837
"C:/Users/minls/AppData/Local/UnrealEngine/Common/DerivedDataCache/Buckets/StaticMesh/f3/dd/6e4bcb34f46fac32a3be0c12be4b9a347f5f.udd" 7838
"C:/Users/minls/AppData/Local/UnrealEngine/Common/DerivedDataCache/Buckets/LegacyNavCollision/39/dc/5fead68d18a608abef4e726477650133b12a.udd" 7839
"C:/Users/minls/AppData/Local/UnrealEngine/Common/DerivedDataCache/Buckets/LegacyDIST/77/76/b2e8eed86d38431690ff6f8e5f497960b161.udd" 7840
"C:/Users/minls/AppData/Local/UnrealEngine/Common/DerivedDataCache/Buckets/LegacyNavCollision/88/99/853b0a6d04bae1734395387cef5491cd46eb.udd" 7841
"C:/Users/minls/AppData/Local/UnrealEngine/Common/DerivedDataCache/Buckets/LegacyCARD/35/c4/b197f1e83a3e9e8dd827ddc233014f3b6c46.udd" 7842
"C:/Users/minls/AppData/Local/UnrealEngine/Common/DerivedDataCache/Buckets/StaticMesh/f0/6d/fc7a2748d03a81a338b2511119d7aa0831ef.udd" 7843
"E:/Workspace_ISECONVI/ISECONVI/Content/3DTeamAsset/ProceduralBiomes/World/ProceduralFoliage/SMF_Conifer_c.uasset" 7844
"C:/Users/minls/AppData/Local/UnrealEngine/Common/DerivedDataCache/Buckets/StaticMesh/04/5a/a1ff159088def30927e01560e01744c0f2d6.udd" 7845
"../../../../../Workspace_ISECONVI/ISECONVI/Content/3DTeamAsset/ProceduralBiomes/Meshes/SM_Rock001.uasset" 7846
"../../../../../Workspace_ISECONVI/ISECONVI/Content/3DTeamAsset/ProceduralBiomes/Meshes/SM_Rock002.uasset" 7847
"C:/Users/minls/AppData/Local/UnrealEngine/Common/DerivedDataCache/Buckets/LegacyDIST/c2/75/8eb46ab073d780b26212904c0955f828ac4a.udd" 7848
"C:/Users/minls/AppData/Local/UnrealEngine/Common/DerivedDataCache/Buckets/LegacyDIST/af/92/ea4f7d684ed868c626eb92d540a361b55d2f.udd" 7849
"../../../../../Workspace_ISECONVI/ISECONVI/Content/3DTeamAsset/ProceduralBiomes/Meshes/SM_Rock004.uasset" 7850
"C:/Users/minls/AppData/Local/UnrealEngine/Common/DerivedDataCache/Buckets/LegacyCARD/87/57/720fae3be6413eb5681e24eff8c3956ff21d.udd" 7851
"../../../../../Workspace_ISECONVI/ISECONVI/Content/3DTeamAsset/ProceduralBiomes/Meshes/SM_Rock008.uasset" 7852
"../../../../../Workspace_ISECONVI/ISECONVI/Content/3DTeamAsset/ProceduralBiomes/Meshes/SM_Rock003.uasset" 7853
"../../../../../Workspace_ISECONVI/ISECONVI/Content/3DTeamAsset/ProceduralBiomes/Meshes/SM_Rock005.uasset" 7854
"C:/Users/minls/AppData/Local/UnrealEngine/Common/DerivedDataCache/Buckets/LegacyNavCollision/69/68/88c4854a3c1518c77ca33affbd4a026339b4.udd" 7855
"../../../../../Workspace_ISECONVI/ISECONVI/Content/3DTeamAsset/ProceduralBiomes/Meshes/SM_ConiferTree03.uasset" 7856
"../../../../../Workspace_ISECONVI/ISECONVI/Content/3DTeamAsset/ProceduralBiomes/Meshes/SM_Veg001.uasset" 7857
"../../../../../Workspace_ISECONVI/ISECONVI/Content/3DTeamAsset/ProceduralBiomes/Meshes/SM_Veg002.uasset" 7858
"../../../../../Workspace_ISECONVI/ISECONVI/Content/3DTeamAsset/ProceduralBiomes/Meshes/SM_Veg003.uasset" 7859
"C:/Users/minls/AppData/Local/UnrealEngine/Common/DerivedDataCache/Buckets/LegacyNavCollision/4e/ee/f3eeb6d6fa2e00253c3509dc3412783571fe.udd" 7860
"../../../../../Workspace_ISECONVI/ISECONVI/Content/3DTeamAsset/ProceduralBiomes/Meshes/SM_Veg004.uasset" 7861
"../../../../../Workspace_ISECONVI/ISECONVI/Content/3DTeamAsset/ProceduralBiomes/Meshes/SM_Veg005.uasset" 7862
"../../../../../Workspace_ISECONVI/ISECONVI/Content/3DTeamAsset/ProceduralBiomes/Meshes/SM_Veg007.uasset" 7863
"../../../../../Workspace_ISECONVI/ISECONVI/Content/3DTeamAsset/ProceduralBiomes/Meshes/SM_Veg008.uasset" 7864
"../../../../../Workspace_ISECONVI/ISECONVI/Content/3DTeamAsset/ProceduralBiomes/Meshes/SM_Veg010.uasset" 7865
"../../../../../Workspace_ISECONVI/ISECONVI/Content/3DTeamAsset/ProceduralBiomes/Meshes/SM_Veg011.uasset" 7866
"../../../../../Workspace_ISECONVI/ISECONVI/Content/3DTeamAsset/ProceduralBiomes/Meshes/SM_Veg012.uasset" 7867
"../../../../../Workspace_ISECONVI/ISECONVI/Content/3DTeamAsset/ProceduralBiomes/Meshes/SM_Veg013.uasset" 7868
"../../../../../Workspace_ISECONVI/ISECONVI/Content/3DTeamAsset/ProceduralBiomes/Meshes/SM_Veg023.uasset" 7869
"C:/Users/minls/AppData/Local/UnrealEngine/Common/DerivedDataCache/Buckets/LegacyCARD/2b/8d/2c33c84873d14b6801ac05b9d632649330de.udd" 7870
"C:/Users/minls/AppData/Local/UnrealEngine/Common/DerivedDataCache/Buckets/LegacyNavCollision/33/09/0c6caf8208443da0b74f5e6565b745cce96b.udd" 7871
"../../../../../Workspace_ISECONVI/ISECONVI/Content/3DTeamAsset/ProceduralBiomes/Meshes/SM_Veg022.uasset" 7872
"E:/Workspace_ISECONVI/ISECONVI/Content/3DTeamAsset/ProceduralBiomes/World/ProceduralFoliage/SMF_SummerConifer_b.uasset" 7873
"C:/Users/minls/AppData/Local/UnrealEngine/Common/DerivedDataCache/Buckets/StaticMesh/db/61/2486a1e847c6527c7db4ac770ec57be9e151.udd" 7874
"C:/Users/minls/AppData/Local/UnrealEngine/Common/DerivedDataCache/Buckets/LegacyDIST/32/91/a9582cf1302fed9b918e7a89bf9ff8faec0f.udd" 7875
"C:/Users/minls/AppData/Local/UnrealEngine/Common/DerivedDataCache/Buckets/LegacyCARD/b5/38/751ab62d6adc59393a7eaf1722276ae65983.udd" 7876
"C:/Users/minls/AppData/Local/UnrealEngine/Common/DerivedDataCache/Buckets/StaticMesh/d4/fe/f378dc53c0516a9ca1d21643c9440be50fb2.udd" 7877
"C:/Users/minls/AppData/Local/UnrealEngine/Common/DerivedDataCache/Buckets/LegacyDIST/f2/c0/60ceaa080b56449b5d01c8202c5435d83ef9.udd" 7878
"C:/Users/minls/AppData/Local/UnrealEngine/Common/DerivedDataCache/Buckets/LegacyCARD/88/a1/223a01a0bdf5a0da902f87eb7eea7fa8385d.udd" 7879
"C:/Users/minls/AppData/Local/UnrealEngine/Common/DerivedDataCache/Buckets/LegacyNavCollision/6b/3e/de4fbf5538a923463e568e4d8bcc1dfc2f1f.udd" 7880
"E:/Workspace_ISECONVI/ISECONVI/Content/BattleSequence/ISECONVI_BattleSequenceMode.uasset" 7881
"C:/Users/minls/AppData/Local/UnrealEngine/Common/DerivedDataCache/Buckets/StaticMesh/b7/ab/284c5d77e953d5ebe4be968d89e436bc27c0.udd" 7882
"E:/Workspace_ISECONVI/ISECONVI/Content/BattleSequence/GameField/BP_BattleFieldManager.uasset" 7883
"C:/Users/minls/AppData/Local/UnrealEngine/Common/DerivedDataCache/Buckets/LegacyDIST/ec/0f/2cd68b3433d06fa31b8b1093baafa18774af.udd" 7884
"C:/Users/minls/AppData/Local/UnrealEngine/Common/DerivedDataCache/Buckets/LegacyNavCollision/0c/e0/4ff88f4a4d3df8ae70e6ba5daef6d3f43000.udd" 7885
"C:/Users/minls/AppData/Local/UnrealEngine/Common/DerivedDataCache/Buckets/LegacyCARD/66/b7/33a9389127401e79914d2c3b3d81189ff28d.udd" 7886
"E:/Workspace_ISECONVI/ISECONVI/Content/BattleSequence/BP_TurnListHead.uasset" 7887
"C:/Users/minls/AppData/Local/UnrealEngine/Common/DerivedDataCache/Buckets/StaticMesh/d4/ac/df993c373d000d547381d4d25d610d2a3aab.udd" 7888
"C:/Users/minls/AppData/Local/UnrealEngine/Common/DerivedDataCache/Content/6f/88/2d38998e24d220312243b221b207dad0b553.udd" 7889
"E:/Workspace_ISECONVI/ISECONVI/Content/BattleSequence/BP_EnemyUnitBase.uasset" 7890
"C:/Users/minls/AppData/Local/UnrealEngine/Common/DerivedDataCache/Buckets/LegacyNavCollision/67/d7/802cb838f25c23163a1729c68787fe769cfb.udd" 7891
"C:/Users/minls/AppData/Local/UnrealEngine/Common/DerivedDataCache/Buckets/LegacyDIST/6c/90/20649d23cf19c3f1cc5dfe1ce60cfb89f9de.udd" 7892
"C:/Users/minls/AppData/Local/UnrealEngine/Common/DerivedDataCache/Content/c2/c1/bc7c1d3b6327853d9318e532e1452c9f16d7.udd" 7893
"E:/Workspace_ISECONVI/ISECONVI/Content/BattleSequence/BP_UnitBase.uasset" 7894
"C:/Users/minls/AppData/Local/UnrealEngine/Common/DerivedDataCache/Buckets/LegacyCARD/88/99/ef045a009e2c8f4c3c7e66e1ecd374280369.udd" 7895
"C:/Users/minls/AppData/Local/UnrealEngine/Common/DerivedDataCache/Buckets/LegacyChaosGeometryData/69/86/d6c85f24d8dd6c759631cbaef74bc7f5d953.udd" 7896
"C:/Users/minls/AppData/Local/UnrealEngine/Common/DerivedDataCache/Buckets/LegacyNavCollision/33/ee/d2b5f6b180fb0e8b2eb77fd467cc54c03938.udd" 7897
"E:/Workspace_ISECONVI/ISECONVI/Content/BattleSequence/BP_TurnListNode.uasset" 7898
"E:/Workspace_ISECONVI/ISECONVI/Content/BattleSequence/BP_BattlePlayerController.uasset" 7899
"E:/Workspace_ISECONVI/ISECONVI/Content/BattleSequence/BP_PartyUnitBase.uasset" 7900
"E:/Workspace_ISECONVI/ISECONVI/Content/BattleSequence/UI/WBP_BattleSequenceHUD.uasset" 7901
"E:/Workspace_ISECONVI/ISECONVI/Content/BattleSequence/UI/WBP_TurnStackUI.uasset" 7902
"E:/Workspace_ISECONVI/ISECONVI/Content/BattleSequence/UI/WBP_ActionUI_AttackCommand.uasset" 7903
"E:/Workspace_ISECONVI/ISECONVI/Content/BattleSequence/UI/WBP_ActionUI_ItemMenu.uasset" 7904
"../../../../../Workspace_ISECONVI/ISECONVI/Content/LEVEL/LEVEL_TravelSequence.umap" 7905
"E:/Workspace_ISECONVI/ISECONVI/Content/BattleSequence/UI/WBP_ActionUI_Movement.uasset" 7906
"../../../../../Workspace_ISECONVI/ISECONVI/Content/BattleSequence/BP_EnemyUnitBase.uasset" 7907
"../../../../../Workspace_ISECONVI/ISECONVI/Content/BattleSequence/BP_CombatComponent.uasset" 7908
"../../../../../Workspace_ISECONVI/ISECONVI/Content/BattleSequence/BP_PartyUnitBase.uasset" 7909
"../../../../../Workspace_ISECONVI/ISECONVI/Content/BattleSequence/GameField/BP_BattleTile.uasset" 7910
"../../../../../Workspace_ISECONVI/ISECONVI/Content/BattleSequence/Skill/BP_HitBoxActor.uasset" 7911
"../../../../../Workspace_ISECONVI/ISECONVI/Content/BattleSequence/UI/WBP_ActionUI.uasset" 7912
"../../../../../Workspace_ISECONVI/ISECONVI/Content/BattleSequence/UI/WBP_ActionUI_AttackCommand.uasset" 7913
"../../../../../Workspace_ISECONVI/ISECONVI/Content/BattleSequence/Character/BP_PartyUnit_Player.uasset" 7914
"../../../../../Workspace_ISECONVI/ISECONVI/Content/BattleSequence/UI/WBP_BattleSequenceHUD.uasset" 7915
"../../../../../Workspace_ISECONVI/ISECONVI/Content/BattleSequence/UI/WBP_MoneyUI.uasset" 7916
"../../../../../Workspace_ISECONVI/ISECONVI/Content/BattleSequence/UI/WBP_TurnStackUI.uasset" 7917
"../../../../../Workspace_ISECONVI/ISECONVI/Content/BattleSequence/BP_TurnListNode.uasset" 7918
"../../../../../Workspace_ISECONVI/ISECONVI/Content/BattleSequence/UI/WBP_ResultScreen.uasset" 7919
"../../../../../Workspace_ISECONVI/ISECONVI/Content/BattleSequence/UI/WBP_ActionUI_ItemMenu.uasset" 7920
"../../../../../Workspace_ISECONVI/ISECONVI/Content/BattleSequence/UI/WBP_BattleItemUI.uasset" 7921
"../../../../../Workspace_ISECONVI/ISECONVI/Content/BattleSequence/UI/WBP_ReConfirm.uasset" 7922
"../../../../../Workspace_ISECONVI/ISECONVI/Content/BattleSequence/UI/WBP_ActionUI_Movement.uasset" 7923
"../../../../../Workspace_ISECONVI/ISECONVI/Content/BattleSequence/UI/WBP_MoveCommandUI.uasset" 7924
"../../../../../Workspace_ISECONVI/ISECONVI/Content/BattleSequence/Character/BP_PartyUnit_Hero.uasset" 7925
"../../../../../Workspace_ISECONVI/ISECONVI/Content/BattleSequence/Enemy/BP_EnemyUnit_Warrior.uasset" 7926
"../../../../../Workspace_ISECONVI/ISECONVI/Content/3DTeamAsset/ProceduralBiomes/Meshes/SM_Veg029.uasset" 7927
"../../../../../Workspace_ISECONVI/ISECONVI/Content/3DTeamAsset/ProceduralBiomes/Meshes/SM_Veg030.uasset" 7928
"../../../../../Workspace_ISECONVI/ISECONVI/Content/3DTeamAsset/ProceduralBiomes/Meshes/SM_Veg033.uasset" 7929
"../../../../../Workspace_ISECONVI/ISECONVI/Content/3DTeamAsset/ProceduralBiomes/Meshes/SM_ConiferTree02.uasset" 7930
"../../../Engine/Content/EditorResources/EmptyActor.uasset" 7931
"C:/Users/minls/AppData/Local/UnrealEngine/Common/DerivedDataCache/Buckets/BulkDataList/1e/f5/bc24d2002d7a78fe0e4d525fec6d0057765d.udd" 7932
"../../../Engine/Content/EditorResources/LightIcons/S_LightError.uasset" 7933
"C:/Users/minls/AppData/Local/UnrealEngine/Common/DerivedDataCache/Buckets/BulkDataList/46/57/5dd187e6df759ce7c7f4237c8e45e046f8db.udd" 7934
"E:/Workspace_ISECONVI/ISECONVI/Content/G_MainSequence/GameTitleSequence/BP_MainTitle_PlayerController.uasset" 7935
"E:/Workspace_ISECONVI/ISECONVI/Content/LEVEL/LEVEL_MainTitle.umap" 7936
"../../../Engine/Content/EngineSounds/Submixes/MasterReverbSubmixDefault.uasset" 7937
"../../../Engine/Content/EngineSounds/Submixes/MasterEQSubmixDefault.uasset" 7938
"E:/Workspace_ISECONVI/ISECONVI/Content/BusinessSequence/ISECONVI_BusinessSequenceMode.uasset" 7939
"E:/Workspace_ISECONVI/ISECONVI/Content/BusinessSequence/Showcase/BP_Business_ShowcaseActor.uasset" 7940
"E:/Workspace_ISECONVI/ISECONVI/Content/ISECONVIGameMode_Default.uasset" 7941
"../../../Engine/Content/EngineSounds/Submixes/MasterSubmixDefault.uasset" 7942
"../../../../../Workspace_ISECONVI/ISECONVI/Content/LEVEL/LEVEL_BattleSequence.umap" 7943
"E:/Workspace_ISECONVI/ISECONVI/Content/BusinessSequence/UI/AttachActor/WBP_Business_ShowcaseButton.uasset" 7944
"E:/Workspace_ISECONVI/ISECONVI/Content/BusinessSequence/UI/WBP_Showcase_EventSelect.uasset" 7945
"E:/Workspace_ISECONVI/ISECONVI/Content/BusinessSequence/UI/WBP_Showcase_Settingg.uasset" 7946
"E:/Workspace_ISECONVI/ISECONVI/Content/BusinessSequence/UI/WBP_Business_Setting_Inven_Slot.uasset" 7947
"E:/Workspace_ISECONVI/ISECONVI/Content/BusinessSequence/UI/WBP_Showcase_Sales.uasset" 7948
"../../../../../Workspace_ISECONVI/ISECONVI/Content/LEVEL/LEVEL_MainTitle_Day.umap" 7949
"E:/Workspace_ISECONVI/ISECONVI/Content/BusinessSequence/UI/WBP_Business_Inven_Slot.uasset" 7950
"../../../../../Workspace_ISECONVI/ISECONVI/Content/LEVEL/LEVEL_MainTitle.umap" 7951
"E:/Workspace_ISECONVI/ISECONVI/Content/BusinessSequence/UI/WBP_SalesItem_Slot.uasset" 7952
"E:/Workspace_ISECONVI/ISECONVI/Content/BusinessSequence/UI/WBP_SalesItem_Slot_None.uasset" 7953
"C:/Users/minls/AppData/Local/UnrealEngine/Common/DerivedDataCache/Buckets/LegacyTEXTURE/25/70/9bdf114684746d026050988e51cf80c2799e.udd" 7954
"C:/Users/minls/AppData/Local/UnrealEngine/Common/DerivedDataCache/Buckets/LegacyTEXTURE/47/2b/3128077faee90ffdc15bbb0e6f1e8d6f7b8d.udd" 7955
"C:/Users/minls/AppData/Local/UnrealEngine/Common/DerivedDataCache/Buckets/LegacyTEXTURE/3b/57/4450429d8c1614fa5dada76556bdb959b003.udd" 7956
"C:/Users/minls/AppData/Local/UnrealEngine/Common/DerivedDataCache/Buckets/LegacyTEXTURE/a6/d3/84a695b6b0eb2ebb99d2b41f02a476671f28.udd" 7957
"C:/Users/minls/AppData/Local/UnrealEngine/Common/DerivedDataCache/Buckets/LegacyTEXTURE/d3/15/cbd8c5ca7a398334f36b115ba35268530ff5.udd" 7958
"C:/Users/minls/AppData/Local/UnrealEngine/Common/DerivedDataCache/Buckets/LegacyTEXTURE/b3/6a/feeccd5cc8ba6d942630d0a943caaa5c3a6e.udd" 7959
"C:/Users/minls/AppData/Local/UnrealEngine/Common/DerivedDataCache/Buckets/LegacyTEXTURE/f1/19/3e1a902f223d778a0faea1c3839d88939614.udd" 7960
"C:/Users/minls/AppData/Local/UnrealEngine/Common/DerivedDataCache/Buckets/LegacyTEXTURE/ae/a8/589645bef40bfabd345053dc25d6ec7f0da0.udd" 7961
"C:/Users/minls/AppData/Local/UnrealEngine/Common/DerivedDataCache/Buckets/LegacyTEXTURE/f5/7b/02065a8e270a4a382d22b7b1df61ab66998e.udd" 7962
"C:/Users/minls/AppData/Local/UnrealEngine/Common/DerivedDataCache/Buckets/LegacyTEXTURE/4d/f1/2e664e4e7389d5045841d64b64b983d1c416.udd" 7963
"C:/Users/minls/AppData/Local/UnrealEngine/Common/DerivedDataCache/Buckets/LegacyTEXTURE/1a/f2/2d2fca324ffbcff6a6b368c1125472414fc4.udd" 7964
"C:/Users/minls/AppData/Local/UnrealEngine/Common/DerivedDataCache/Buckets/LegacyTEXTURE/ae/6c/3d62851aeee1b4e7bdf69355c41801824a44.udd" 7965
"C:/Users/minls/AppData/Local/UnrealEngine/Common/DerivedDataCache/Buckets/LegacyTEXTURE/cb/77/6c5095513fb0156a1822381b38cb62b67587.udd" 7966
"C:/Users/minls/AppData/Local/UnrealEngine/Common/DerivedDataCache/Buckets/LegacyTEXTURE/b5/7d/0a866277b952f61e496eb241b0d3156fe852.udd" 7967
"C:/Users/minls/AppData/Local/UnrealEngine/Common/DerivedDataCache/Buckets/LegacyTEXTURE/d7/dd/937e73f7f9b101968f0db94008881321bd44.udd" 7968
"C:/Users/minls/AppData/Local/UnrealEngine/Common/DerivedDataCache/Buckets/LegacyTEXTURE/4e/f8/bc6eeb49d3baa0f72eaa01811fe2f4b9f3c6.udd" 7969
"C:/Users/minls/AppData/Local/UnrealEngine/Common/DerivedDataCache/Buckets/LegacyTEXTURE/89/76/ed52d5e54cf75f287252b5e5ee6ba91d8457.udd" 7970
"C:/Users/minls/AppData/Local/UnrealEngine/Common/DerivedDataCache/Buckets/LegacyTEXTURE/96/bb/2c9bf3f72c44c95280fe2507e4c5ab3f6ae6.udd" 7971
"C:/Users/minls/AppData/Local/UnrealEngine/Common/DerivedDataCache/Buckets/LegacyTEXTURE/9b/0c/19e74b30341d849e3a544d1a284f902e0659.udd" 7972
"C:/Users/minls/AppData/Local/UnrealEngine/Common/DerivedDataCache/Buckets/LegacyTEXTURE/7d/73/60783a09a080e92a1aff135da8c1cedccc8a.udd" 7973
"C:/Users/minls/AppData/Local/UnrealEngine/Common/DerivedDataCache/Buckets/LegacyTEXTURE/c4/28/0a51f2d6ecb609dda2634ce4fe3163fccb32.udd" 7974
"C:/Users/minls/AppData/Local/UnrealEngine/Common/DerivedDataCache/Buckets/LegacyTEXTURE/92/23/ae0f4293a30b2cf0033c94a02e08395e4374.udd" 7975
"C:/Users/minls/AppData/Local/UnrealEngine/Common/DerivedDataCache/Buckets/LegacyTEXTURE/57/d5/574d3de1d9973ab774f08d3aae1403b43aea.udd" 7976
"C:/Users/minls/AppData/Local/UnrealEngine/Common/DerivedDataCache/Buckets/LegacyTEXTURE/8f/16/bf465000f1f4e21da421914d5830f0697ef6.udd" 7977
"C:/Users/minls/AppData/Local/UnrealEngine/Common/DerivedDataCache/Buckets/LegacyTEXTURE/e1/36/ea8eccee0b0264dbf22737c61b062bcfe0d1.udd" 7978
"C:/Users/minls/AppData/Local/UnrealEngine/Common/DerivedDataCache/Buckets/LegacyTEXTURE/5d/e0/ca7babfd0399a5cbb3d499282230222dbf6c.udd" 7979
"C:/Users/minls/AppData/Local/UnrealEngine/Common/DerivedDataCache/Buckets/LegacyTEXTURE/86/79/e86c3b8335a13f24ec14424d19b036339d39.udd" 7980
"C:/Users/minls/AppData/Local/UnrealEngine/Common/DerivedDataCache/Buckets/LegacyTEXTURE/be/f4/39b08185bf46262367e21cb62fd8223cd8d9.udd" 7981
"C:/Users/minls/AppData/Local/UnrealEngine/Common/DerivedDataCache/Buckets/LegacyTEXTURE/ff/55/28171aad6c939cba766742b111b70751bb30.udd" 7982
"C:/Users/minls/AppData/Local/UnrealEngine/Common/DerivedDataCache/Buckets/LegacyTEXTURE/b7/9e/456eadeec74ab35968dc79ff5fc1bf215964.udd" 7983
"C:/Users/minls/AppData/Local/UnrealEngine/Common/DerivedDataCache/Buckets/LegacyTEXTURE/81/ba/ab340b77cb4f2e17b13babb3584840ecf637.udd" 7984
"C:/Users/minls/AppData/Local/UnrealEngine/Common/DerivedDataCache/Buckets/LegacyTEXTURE/67/8b/c68618138ce42dbe96ac303913a6a9303fe3.udd" 7985
"C:/Users/minls/AppData/Local/UnrealEngine/Common/DerivedDataCache/Buckets/LegacyTEXTURE/bc/10/6fd566a420d11ceca54f93ff766105c13ab6.udd" 7986
"C:/Users/minls/AppData/Local/UnrealEngine/Common/DerivedDataCache/Buckets/LegacyTEXTURE/be/c2/3038cd133645b2c95ed053f92ab918481fe5.udd" 7987
"C:/Users/minls/AppData/Local/UnrealEngine/Common/DerivedDataCache/Buckets/LegacyTEXTURE/1b/1f/28057d224d6978d87ecda6351797a61bbafb.udd" 7988
"C:/Users/minls/AppData/Local/UnrealEngine/Common/DerivedDataCache/Buckets/LegacyTEXTURE/6f/c8/a525899bb1846f40614130b9108e7116111c.udd" 7989
"C:/Users/minls/AppData/Local/UnrealEngine/Common/DerivedDataCache/Buckets/LegacyTEXTURE/c9/99/ad144f39a6f4cc34d39dbe4c8e3921db2f59.udd" 7990
"C:/Users/minls/AppData/Local/UnrealEngine/Common/DerivedDataCache/Buckets/LegacyTEXTURE/8b/9c/2d5358a51fe58a924a6027dce5653b25638c.udd" 7991
"C:/Users/minls/AppData/Local/UnrealEngine/Common/DerivedDataCache/Buckets/LegacyTEXTURE/57/8e/a3632ba7c264cc67ba1326797b91c80d81b1.udd" 7992
"C:/Users/minls/AppData/Local/UnrealEngine/Common/DerivedDataCache/Buckets/LegacyTEXTURE/5b/62/2798da37480e24e62092ce0d7996d3179b42.udd" 7993
"C:/Users/minls/AppData/Local/UnrealEngine/Common/DerivedDataCache/Buckets/LegacyTEXTURE/ce/de/cf11d205e058455b3bb375f66f7e4dac8f0d.udd" 7994
"C:/Users/minls/AppData/Local/UnrealEngine/Common/DerivedDataCache/Buckets/LegacyTEXTURE/42/a4/22beb42377b4329f0e240afef2a3d389abdf.udd" 7995
"C:/Users/minls/AppData/Local/UnrealEngine/Common/DerivedDataCache/Buckets/LegacyTEXTURE/32/24/fbae8bb0e5438d483a0dd27591bdd479cc75.udd" 7996
"C:/Users/minls/AppData/Local/UnrealEngine/Common/DerivedDataCache/Buckets/LegacyTEXTURE/8f/bb/15f3aac2059823920e30564274935e8247ec.udd" 7997
"C:/Users/minls/AppData/Local/UnrealEngine/Common/DerivedDataCache/Buckets/LegacyTEXTURE/c0/60/afc6381677bfeab451953ed0bd553b2a26f5.udd" 7998
"C:/Users/minls/AppData/Local/UnrealEngine/Common/DerivedDataCache/Buckets/LegacyTEXTURE/77/e4/3d03a02a42934ec34cbe660f508bb91176a2.udd" 7999
"C:/Users/minls/AppData/Local/UnrealEngine/Common/DerivedDataCache/Buckets/LegacyTEXTURE/ea/eb/b11156ba8e445678760f70fa5ca798d5127a.udd" 8000
"C:/Users/minls/AppData/Local/UnrealEngine/Common/DerivedDataCache/Buckets/LegacyTEXTURE/10/f6/2a6d79f526b6c0e0e8be44454c91f2ad29b2.udd" 8001
"C:/Users/minls/AppData/Local/UnrealEngine/Common/DerivedDataCache/Buckets/LegacyTEXTURE/84/3f/5a53cbcb055e887373312ff9adcab0900ab2.udd" 8002
"C:/Users/minls/AppData/Local/UnrealEngine/Common/DerivedDataCache/Buckets/LegacyTEXTURE/2d/fb/c59130650678fcc7ebfe15f90644843fe6c4.udd" 8003
"C:/Users/minls/AppData/Local/UnrealEngine/Common/DerivedDataCache/Buckets/LegacyTEXTURE/47/ab/e7c92d0b7330a5130caa405217da671bfb4a.udd" 8004
"C:/Users/minls/AppData/Local/UnrealEngine/Common/DerivedDataCache/Buckets/LegacyTEXTURE/fd/0e/8440a2fccf163a0b9e8f95c951220ef3d04d.udd" 8005
"C:/Users/minls/AppData/Local/UnrealEngine/Common/DerivedDataCache/Buckets/LegacyTEXTURE/0f/93/959839a648be08532c775fdc5272f7d59930.udd" 8006
"C:/Users/minls/AppData/Local/UnrealEngine/Common/DerivedDataCache/Buckets/LegacyTEXTURE/30/6a/307fe5429b799e294ea78f3a8c8c80577b29.udd" 8007
"C:/Users/minls/AppData/Local/UnrealEngine/Common/DerivedDataCache/Buckets/LegacyTEXTURE/5e/5c/b0911b3bcd6b9669ac6027d35a3a5c561eaa.udd" 8008
"C:/Users/minls/AppData/Local/UnrealEngine/Common/DerivedDataCache/Buckets/LegacyTEXTURE/b6/50/82bb88403867be9136ba592e27e0c8606811.udd" 8009
"C:/Users/minls/AppData/Local/UnrealEngine/Common/DerivedDataCache/Buckets/LegacyTEXTURE/cc/a4/fce6a37d65dffb904ac7b7d601436a847810.udd" 8010
"C:/Users/minls/AppData/Local/UnrealEngine/Common/DerivedDataCache/Buckets/LegacyTEXTURE/03/51/9edd46ee0a6c883dc55601dd9b1fd0efd667.udd" 8011
"C:/Users/minls/AppData/Local/UnrealEngine/Common/DerivedDataCache/Buckets/LegacyTEXTURE/8a/6e/f31d237a5777ee6acddc4c624d81b688f745.udd" 8012
"C:/Users/minls/AppData/Local/UnrealEngine/Common/DerivedDataCache/Buckets/LegacyTEXTURE/21/ed/c6fa42f9d800ae8a3b929f8d42cbd7fb3962.udd" 8013
"C:/Users/minls/AppData/Local/UnrealEngine/Common/DerivedDataCache/Buckets/LegacyTEXTURE/84/24/2a33f4e31b86ca1ce9016f8884de1f2ee129.udd" 8014
"C:/Users/minls/AppData/Local/UnrealEngine/Common/DerivedDataCache/Buckets/LegacyTEXTURE/b6/11/c773d2776852f7d6a897e7184c56834544cc.udd" 8015
"C:/Users/minls/AppData/Local/UnrealEngine/Common/DerivedDataCache/Buckets/LegacyTEXTURE/81/01/0bdc7387dfe0d38e01c62080018cb2a906c4.udd" 8016
"C:/Users/minls/AppData/Local/UnrealEngine/Common/DerivedDataCache/Buckets/LegacyTEXTURE/99/3e/395ec496c82fbc2b281ac411ec6667e49bdd.udd" 8017
"C:/Users/minls/AppData/Local/UnrealEngine/Common/DerivedDataCache/Buckets/LegacyTEXTURE/5e/75/b10aa1e55b75f8ee2356bf2e7e5945b8756c.udd" 8018
"C:/Users/minls/AppData/Local/UnrealEngine/Common/DerivedDataCache/Buckets/LegacyTEXTURE/a7/77/d7e510e144ebe1c438f453fed4d8429cc3ef.udd" 8019
"C:/Users/minls/AppData/Local/UnrealEngine/Common/DerivedDataCache/Buckets/LegacyTEXTURE/4e/aa/e048df7c967b6729585318f2dec5070f76cd.udd" 8020
"C:/Users/minls/AppData/Local/UnrealEngine/Common/DerivedDataCache/Buckets/LegacyTEXTURE/ee/42/9a2a087a1e28eb8ed811fe48afe783a75cc2.udd" 8021
"C:/Users/minls/AppData/Local/UnrealEngine/Common/DerivedDataCache/Buckets/LegacyTEXTURE/2e/2d/df377b9042e3e1f91f5ecc4f5122c27dd6b2.udd" 8022
"C:/Users/minls/AppData/Local/UnrealEngine/Common/DerivedDataCache/Buckets/LegacyTEXTURE/0d/ee/0ab0f659c9179d605e3461e4b7b3699443d0.udd" 8023
"C:/Users/minls/AppData/Local/UnrealEngine/Common/DerivedDataCache/Buckets/LegacyTEXTURE/ab/8e/0cfd3ad06bf77b61b3610047dfd92ced132a.udd" 8024
"C:/Users/minls/AppData/Local/UnrealEngine/Common/DerivedDataCache/Buckets/LegacyTEXTURE/06/6e/fd1ebcd6f8e6bf93e45ef61d130e4a28dc03.udd" 8025
"C:/Users/minls/AppData/Local/UnrealEngine/Common/DerivedDataCache/Buckets/LegacyTEXTURE/0e/77/a1939f34df011977db01f8f7f6bce20c5f7e.udd" 8026
"C:/Users/minls/AppData/Local/UnrealEngine/Common/DerivedDataCache/Buckets/LegacyTEXTURE/0a/c6/99384a1aedfd4639522dbd218a1d7e4aff62.udd" 8027
"C:/Users/minls/AppData/Local/UnrealEngine/Common/DerivedDataCache/Buckets/LegacyTEXTURE/3f/20/08f7e275fea664016fa7b099d39558de3e93.udd" 8028
"C:/Users/minls/AppData/Local/UnrealEngine/Common/DerivedDataCache/Buckets/LegacyTEXTURE/ea/57/f1641f005a273f3c6d561742e8c11333c9ce.udd" 8029
"C:/Users/minls/AppData/Local/UnrealEngine/Common/DerivedDataCache/Buckets/LegacyTEXTURE/d4/b8/c0a3a0c2b06d4cab91a87ccd4e22b6984ef1.udd" 8030
"C:/Users/minls/AppData/Local/UnrealEngine/Common/DerivedDataCache/Buckets/LegacyTEXTURE/ed/a1/14fa92dc5d2b3267992d5ab143793e7b2f79.udd" 8031
"C:/Users/minls/AppData/Local/UnrealEngine/Common/DerivedDataCache/Buckets/LegacyTEXTURE/fb/94/339c8077caecba95ec3e1e8c2c953f007291.udd" 8032
"C:/Users/minls/AppData/Local/UnrealEngine/Common/DerivedDataCache/Buckets/LegacyTEXTURE/dc/f5/0eb6113610c9204b3e442be868cad14018a5.udd" 8033
"C:/Users/minls/AppData/Local/UnrealEngine/Common/DerivedDataCache/Buckets/LegacyTEXTURE/1f/02/6a6b4be78c663579e675b8eec59e7399d0c5.udd" 8034
"C:/Users/minls/AppData/Local/UnrealEngine/Common/DerivedDataCache/Buckets/LegacyTEXTURE/e9/e4/fb1f559f8722cb1f988bd80cb9bccd8d8e30.udd" 8035
"C:/Users/minls/AppData/Local/UnrealEngine/Common/DerivedDataCache/Buckets/LegacyTEXTURE/66/20/67380b8668c207c4a8da900ad1dc7594c134.udd" 8036
"C:/Users/minls/AppData/Local/UnrealEngine/Common/DerivedDataCache/Buckets/LegacyTEXTURE/ac/34/e33384d26a5e086060ef43e5949c42a1c4f8.udd" 8037
"C:/Users/minls/AppData/Local/UnrealEngine/Common/DerivedDataCache/Buckets/LegacyTEXTURE/aa/b8/2cb43b6cfad6bd6e4eafbfb12c1062abc049.udd" 8038
"C:/Users/minls/AppData/Local/UnrealEngine/Common/DerivedDataCache/Buckets/LegacyTEXTURE/56/ec/223e8e73b14aa2ad428bdf6a73c569b541ea.udd" 8039
"C:/Users/minls/AppData/Local/UnrealEngine/Common/DerivedDataCache/Buckets/LegacyTEXTURE/aa/52/5dbd5ec1aca55bec70d1c9bf6298b6baf3fc.udd" 8040
"C:/Users/minls/AppData/Local/UnrealEngine/Common/DerivedDataCache/Buckets/LegacyTEXTURE/ae/26/d0579f82fd5d262d635017e767c8a6ddcd44.udd" 8041
"C:/Users/minls/AppData/Local/UnrealEngine/Common/DerivedDataCache/Buckets/LegacyTEXTURE/73/e6/aa24eaf31af778fa0691c27bc7af8cc1379d.udd" 8042
"C:/Users/minls/AppData/Local/UnrealEngine/Common/DerivedDataCache/Buckets/LegacyTEXTURE/9c/c0/3c8b127d6f75f6c6c93cfda18c5a0f8b472b.udd" 8043
"C:/Users/minls/AppData/Local/UnrealEngine/Common/DerivedDataCache/Buckets/LegacyTEXTURE/e3/47/e34bb6959e671f0d6eea24dca665682f43c5.udd" 8044
"C:/Users/minls/AppData/Local/UnrealEngine/Common/DerivedDataCache/Buckets/LegacyTEXTURE/7d/32/9c67b840a8a6ddd7e0e8a8ef2421960a5e13.udd" 8045
"C:/Users/minls/AppData/Local/UnrealEngine/Common/DerivedDataCache/Buckets/LegacyTEXTURE/87/69/91b673a3ead64fa3b54f0a3ca8f5bb5260ba.udd" 8046
"C:/Users/minls/AppData/Local/UnrealEngine/Common/DerivedDataCache/Buckets/LegacyTEXTURE/f5/2b/c27fe6c0560447fcaca8f3fa9ab48064e0a1.udd" 8047
"C:/Users/minls/AppData/Local/UnrealEngine/Common/DerivedDataCache/Buckets/LegacyTEXTURE/1b/fa/6ff1cff437ba13d78d074e9556af82c4441d.udd" 8048
"C:/Users/minls/AppData/Local/UnrealEngine/Common/DerivedDataCache/Buckets/LegacyTEXTURE/25/78/f143312be63fa684ea320ea91d06be8cb1f8.udd" 8049
"C:/Users/minls/AppData/Local/UnrealEngine/Common/DerivedDataCache/Buckets/LegacyTEXTURE/22/59/db4491d1f1f724d487e93d95b52f5147bdaa.udd" 8050
"C:/Users/minls/AppData/Local/UnrealEngine/Common/DerivedDataCache/Buckets/LegacyTEXTURE/3e/be/32a0a73429a1d2f4ae396a5d8a28fc3246a3.udd" 8051
"C:/Users/minls/AppData/Local/UnrealEngine/Common/DerivedDataCache/Buckets/LegacyTEXTURE/70/a2/bd325a42695d4da217aea2cc3d2398703636.udd" 8052
"C:/Users/minls/AppData/Local/UnrealEngine/Common/DerivedDataCache/Buckets/LegacyTEXTURE/58/dd/8b92c44bd674c752be5aafcf92ae992cb0e6.udd" 8053
"C:/Users/minls/AppData/Local/UnrealEngine/Common/DerivedDataCache/Buckets/LegacyTEXTURE/34/2e/d4f9ae57a86b34460e7727a4d7e00e078a04.udd" 8054
"C:/Users/minls/AppData/Local/UnrealEngine/Common/DerivedDataCache/Buckets/LegacyTEXTURE/35/b3/e102224f886aeeebf30c7e83493acbae68bb.udd" 8055
"C:/Users/minls/AppData/Local/UnrealEngine/Common/DerivedDataCache/Buckets/LegacyTEXTURE/87/d9/d67383bcdd1fac6d52c847f367a7507a03b1.udd" 8056
"C:/Users/minls/AppData/Local/UnrealEngine/Common/DerivedDataCache/Buckets/LegacyTEXTURE/8f/28/bf4b55cc88194ffb8e6c23fb7602102a3124.udd" 8057
"C:/Users/minls/AppData/Local/UnrealEngine/Common/DerivedDataCache/Buckets/LegacyTEXTURE/d1/5b/8d3e6dee5127aef482cdfbfc257232f5c008.udd" 8058
"E:/Workspace_ISECONVI/ISECONVI/Content/LEVEL/LEVEL_Business_Sequence_Reality.umap" 8059
"C:/Users/minls/AppData/Local/UnrealEngine/Common/DerivedDataCache/Buckets/LegacyTEXTURE/cb/26/61877d035ac6c722db27ec3ed56a0fa3559a.udd" 8060
"C:/Users/minls/AppData/Local/UnrealEngine/Common/DerivedDataCache/Buckets/LegacyTEXTURE/cb/28/4459eec5b0c9fc9446381a103dc6cc9fba41.udd" 8061
"C:/Users/minls/AppData/Local/UnrealEngine/Common/DerivedDataCache/Buckets/LegacyTEXTURE/48/3e/f2db23bdf759fda5af0f9646fcad00dd4dbc.udd" 8062
"C:/Users/minls/AppData/Local/UnrealEngine/Common/DerivedDataCache/Buckets/LegacyTEXTURE/22/5e/1f30cc6fa4738649c95a41f154d4b912f4c8.udd" 8063
"C:/Users/minls/AppData/Local/UnrealEngine/Common/DerivedDataCache/Buckets/LegacyTEXTURE/47/f7/77891f681318274e8c0be58a7aeae1b3934d.udd" 8064
"C:/Users/minls/AppData/Local/UnrealEngine/Common/DerivedDataCache/Buckets/LegacyTEXTURE/d5/43/b45407639a9ff13ffd36d6d5c31836b520b2.udd" 8065
"C:/Users/minls/AppData/Local/UnrealEngine/Common/DerivedDataCache/Buckets/LegacyTEXTURE/a6/2c/f1675497a77f9f7bc5ed1d9bcc329ac51d67.udd" 8066
"C:/Users/minls/AppData/Local/UnrealEngine/Common/DerivedDataCache/Buckets/LegacyTEXTURE/de/30/6c8962f408dabe76bfd71dd87679844ec306.udd" 8067
"C:/Users/minls/AppData/Local/UnrealEngine/Common/DerivedDataCache/Buckets/LegacyTEXTURE/cd/fa/9238aa259f2571f89b8c620e39f1b2796927.udd" 8068
"C:/Users/minls/AppData/Local/UnrealEngine/Common/DerivedDataCache/Buckets/LegacyTEXTURE/28/59/6197f6d229f98042612254c9157b2489273d.udd" 8069
"C:/Users/minls/AppData/Local/UnrealEngine/Common/DerivedDataCache/Buckets/LegacyTEXTURE/48/e7/a06e615f8ac94da4ecf37ad09fd1bcb1a7ca.udd" 8070
"C:/Users/minls/AppData/Local/UnrealEngine/Common/DerivedDataCache/Buckets/LegacyTEXTURE/18/2d/a411381012eb4b06faae6be3fcd4cbf14eb1.udd" 8071
"C:/Users/minls/AppData/Local/UnrealEngine/Common/DerivedDataCache/Buckets/LegacyTEXTURE/eb/3e/5dbbe8ffc193e6663a044019ff2036170f31.udd" 8072
"C:/Users/minls/AppData/Local/UnrealEngine/Common/DerivedDataCache/Buckets/LegacyTEXTURE/af/f6/1467fd10d096925df72388e3db23c33de611.udd" 8073
"C:/Users/minls/AppData/Local/UnrealEngine/Common/DerivedDataCache/Buckets/LegacyTEXTURE/b5/eb/6c2ffac957b4dbee074e6d2749fa67df9d9b.udd" 8074
"C:/Users/minls/AppData/Local/UnrealEngine/Common/DerivedDataCache/Buckets/LegacyTEXTURE/a2/e1/3260fb64e934f9b4d9e41b2a3bf241d9695f.udd" 8075
"C:/Users/minls/AppData/Local/UnrealEngine/Common/DerivedDataCache/Buckets/LegacyTEXTURE/12/44/254e1d364f634b865fef922459853c7d39dc.udd" 8076
"C:/Users/minls/AppData/Local/UnrealEngine/Common/DerivedDataCache/Buckets/LegacyTEXTURE/9c/8e/2fde3e76bdea359e626eb9db373a9ece7a15.udd" 8077
"C:/Users/minls/AppData/Local/UnrealEngine/Common/DerivedDataCache/Buckets/LegacyTEXTURE/d0/4b/2dc7ad186321fc98d30a8bb80a3fd263ed4b.udd" 8078
"C:/Users/minls/AppData/Local/UnrealEngine/Common/DerivedDataCache/Buckets/LegacyTEXTURE/f0/30/78e30490800755b2d6608744c0af7311b289.udd" 8079
"C:/Users/minls/AppData/Local/UnrealEngine/Common/DerivedDataCache/Buckets/LegacyTEXTURE/8f/be/bb7a1bffa4acd23e7fb91d1ba6e006768af5.udd" 8080
"C:/Users/minls/AppData/Local/UnrealEngine/Common/DerivedDataCache/Buckets/LegacyTEXTURE/8e/6e/ad3ee31fb4f4b0a3e5bd2ae01afa3ed77ef6.udd" 8081
"C:/Users/minls/AppData/Local/UnrealEngine/Common/DerivedDataCache/Buckets/LegacyTEXTURE/1f/ed/751d8c1141393b00d192026f478f7e73b6d4.udd" 8082
"C:/Users/minls/AppData/Local/UnrealEngine/Common/DerivedDataCache/Buckets/LegacyTEXTURE/4a/9d/674063606064331abd8025c0e2c468d7ca89.udd" 8083
"C:/Users/minls/AppData/Local/UnrealEngine/Common/DerivedDataCache/Buckets/LegacyTEXTURE/94/19/6f4378af86a3650153d05d83c011e9eb3b2e.udd" 8084
"C:/Users/minls/AppData/Local/UnrealEngine/Common/DerivedDataCache/Buckets/LegacyTEXTURE/47/ad/056d0f9490e7465a5fe56fcba005a9acb9de.udd" 8085
"C:/Users/minls/AppData/Local/UnrealEngine/Common/DerivedDataCache/Buckets/LegacyTEXTURE/6b/2a/3fdc7824b369fddf6bbc9557a8fb122a213d.udd" 8086
"C:/Users/minls/AppData/Local/UnrealEngine/Common/DerivedDataCache/Buckets/LegacyTEXTURE/ff/21/81486b5c7fa67fe10be2540afc7ee88e1d4d.udd" 8087
"C:/Users/minls/AppData/Local/UnrealEngine/Common/DerivedDataCache/Buckets/LegacyTEXTURE/7d/ba/ea33525f13c5b40ce4bfafda81261cddea48.udd" 8088
"C:/Users/minls/AppData/Local/UnrealEngine/Common/DerivedDataCache/Buckets/LegacyTEXTURE/b7/0f/aa1895e30d8f73e5f96f10fc48916dcd42d7.udd" 8089
"C:/Users/minls/AppData/Local/UnrealEngine/Common/DerivedDataCache/Buckets/LegacyTEXTURE/4e/8c/d6ba67f5fbf5a0e50cd625c3df677ac5143a.udd" 8090
"C:/Users/minls/AppData/Local/UnrealEngine/Common/DerivedDataCache/Buckets/LegacyTEXTURE/88/41/e152972242cbcdfdc2d15058a3266baac638.udd" 8091
"C:/Users/minls/AppData/Local/UnrealEngine/Common/DerivedDataCache/Buckets/LegacyTEXTURE/66/13/4719380db518526ee387f56bc4b0a20dca79.udd" 8092
"C:/Users/minls/AppData/Local/UnrealEngine/Common/DerivedDataCache/Buckets/LegacyTEXTURE/22/7c/656d171db9ce14131becde2441c6754bfbd3.udd" 8093
"C:/Users/minls/AppData/Local/UnrealEngine/Common/DerivedDataCache/Buckets/LegacyTEXTURE/12/d0/81885f7ef50980e06c7508ad5f22dc49c240.udd" 8094
"C:/Users/minls/AppData/Local/UnrealEngine/Common/DerivedDataCache/Buckets/LegacyTEXTURE/3e/fc/d8e2ab9e7dac4f3b627de9691fd1e8a2204a.udd" 8095
"C:/Users/minls/AppData/Local/UnrealEngine/Common/DerivedDataCache/Buckets/LegacyTEXTURE/a6/be/7264ed27ca0d57213e99b1fbb4788fa647ba.udd" 8096
"C:/Users/minls/AppData/Local/UnrealEngine/Common/DerivedDataCache/Buckets/LegacyTEXTURE/35/36/9c040f85f74bafdd0be793362affd7c3c860.udd" 8097
"C:/Users/minls/AppData/Local/UnrealEngine/Common/DerivedDataCache/Buckets/LegacyTEXTURE/b3/68/54b16b2646eca5a05c51b77b1ee0cf007e67.udd" 8098
"C:/Users/minls/AppData/Local/UnrealEngine/Common/DerivedDataCache/Buckets/LegacyTEXTURE/8e/e8/621703ff28ab968c25d0e1db382850400e0a.udd" 8099
"C:/Users/minls/AppData/Local/UnrealEngine/Common/DerivedDataCache/Buckets/LegacyTEXTURE/12/b4/05a2555bbf446a2c65a481b32bed0891bf68.udd" 8100
"C:/Users/minls/AppData/Local/UnrealEngine/Common/DerivedDataCache/Buckets/LegacyTEXTURE/91/fb/7e52ec0f9afc6224295cda2945c8a22d860a.udd" 8101
"C:/Users/minls/AppData/Local/UnrealEngine/Common/DerivedDataCache/Buckets/LegacyTEXTURE/23/86/03561d5541f452946f47b41d80f02eb008fc.udd" 8102
"C:/Users/minls/AppData/Local/UnrealEngine/Common/DerivedDataCache/Buckets/LegacyTEXTURE/ad/0d/2b3f9a29e80a9f525f8f38c673bda1273e5c.udd" 8103
"C:/Users/minls/AppData/Local/UnrealEngine/Common/DerivedDataCache/Buckets/LegacyTEXTURE/ff/89/774d3816954f6a196aa673968fc66e5241a5.udd" 8104
"C:/Users/minls/AppData/Local/UnrealEngine/Common/DerivedDataCache/Buckets/LegacyTEXTURE/b5/d7/5c41728ec96c8a0da203654c4598d41c5a14.udd" 8105
"C:/Users/minls/AppData/Local/UnrealEngine/Common/DerivedDataCache/Buckets/LegacyTEXTURE/77/d3/486cc10b1a2cbe8d3efdae8d264bc4a61709.udd" 8106
"C:/Users/minls/AppData/Local/UnrealEngine/Common/DerivedDataCache/Buckets/LegacyTEXTURE/86/e6/14de525a2db637eef637250e6b90beac0585.udd" 8107
"C:/Users/minls/AppData/Local/UnrealEngine/Common/DerivedDataCache/Buckets/LegacyTEXTURE/31/e6/0137bf0b66c6eaf23ec068643c7aed07e95f.udd" 8108
"C:/Users/minls/AppData/Local/UnrealEngine/Common/DerivedDataCache/Buckets/LegacyTEXTURE/d6/02/5695688d83f8bcda31c2347ea76f39dfb8a0.udd" 8109
"C:/Users/minls/AppData/Local/UnrealEngine/Common/DerivedDataCache/Buckets/LegacyTEXTURE/6b/b7/e53f71cad2da10f2eff1c7b69d7cfe611a5d.udd" 8110
"C:/Users/minls/AppData/Local/UnrealEngine/Common/DerivedDataCache/Buckets/LegacyTEXTURE/dd/85/fc4836c794992fc35f0fc5c318c557611abe.udd" 8111
"C:/Users/minls/AppData/Local/UnrealEngine/Common/DerivedDataCache/Buckets/LegacyTEXTURE/e8/5c/6a150aca0623486bfb6e6c582a76606bbaf3.udd" 8112
"C:/Users/minls/AppData/Local/UnrealEngine/Common/DerivedDataCache/Buckets/LegacyTEXTURE/41/aa/58569c3d23923d4ce886827cedfb3d6d78cf.udd" 8113
"C:/Users/minls/AppData/Local/UnrealEngine/Common/DerivedDataCache/Buckets/LegacyTEXTURE/d7/02/6b3f6ffb5ecdef45784510826556ca6a5f59.udd" 8114
"../../../../../Workspace_ISECONVI/ISECONVI/Content/LEVEL/LEVEL_Travel_Stage1_Market.umap" 8115
"C:/Users/minls/AppData/Local/Temp/UnrealShaderWorkingDir/7CA1F7684E84398DFE58A29F2832FFC2/7/WorkerOutputOnly.out" 8116
"../../../../../Workspace_ISECONVI/ISECONVI/Content/LEVEL/LEVEL_Travel_Stage1_MainPlaza.umap" 8117
"C:/Users/minls/AppData/Local/Temp/UnrealShaderWorkingDir/7CA1F7684E84398DFE58A29F2832FFC2/11/WorkerOutputOnly.out" 8118
"C:/Users/minls/AppData/Local/Temp/UnrealShaderWorkingDir/7CA1F7684E84398DFE58A29F2832FFC2/9/WorkerOutputOnly.out" 8119
"C:/Users/minls/AppData/Local/Temp/UnrealShaderWorkingDir/7CA1F7684E84398DFE58A29F2832FFC2/8/WorkerOutputOnly.out" 8120
"C:/Users/minls/AppData/Local/Temp/UnrealShaderWorkingDir/7CA1F7684E84398DFE58A29F2832FFC2/10/WorkerOutputOnly.out" 8121
"../../../../../Workspace_ISECONVI/ISECONVI/Content/LEVEL/LEVEL_Travel_Church.umap" 8122
"../../../../../Workspace_ISECONVI/ISECONVI/Content/BusinessSequence/UI/AttachActor/WBP_Business_ShowcaseButton.uasset" 8123
"../../../../../Workspace_ISECONVI/ISECONVI/Content/BusinessSequence/UI/WBP_Showcase_EventSelect.uasset" 8124
"../../../../../Workspace_ISECONVI/ISECONVI/Content/BusinessSequence/UI/WBP_Showcase_Sales.uasset" 8125
"../../../../../Workspace_ISECONVI/ISECONVI/Content/BusinessSequence/UI/WBP_Business_Inven_Slot.uasset" 8126
"../../../../../Workspace_ISECONVI/ISECONVI/Content/BusinessSequence/UI/WBP_SalesItem_Slot.uasset" 8127
"../../../../../Workspace_ISECONVI/ISECONVI/Content/BusinessSequence/UI/WBP_SalesItem_Slot_None.uasset" 8128
"../../../../../Workspace_ISECONVI/ISECONVI/Content/BusinessSequence/UI/WBP_Showcase_Settingg.uasset" 8129
"../../../../../Workspace_ISECONVI/ISECONVI/Content/BusinessSequence/UI/WBP_Business_Setting_Inven_Slot.uasset" 8130
"C:/Users/minls/AppData/Local/UnrealEngine/Common/DerivedDataCache/Buckets/LegacyTEXTURE/b6/d6/c0a107c0dafa5851f907778bd3c08d309019.udd" 8131
"C:/Users/minls/AppData/Local/UnrealEngine/Common/DerivedDataCache/Buckets/LegacyTEXTURE/f5/4f/4118b9e27c45d2053db3c31e5ff20de6baec.udd" 8132
"C:/Users/minls/AppData/Local/UnrealEngine/Common/DerivedDataCache/Buckets/LegacyTEXTURE/4c/c3/77efdb34cd3c448533c9fb4459a450dd6dc1.udd" 8133
"C:/Users/minls/AppData/Local/UnrealEngine/Common/DerivedDataCache/Buckets/LegacyTEXTURE/1c/e6/0ee62accee949f420bec4783005e27f5f111.udd" 8134
"C:/Users/minls/AppData/Local/UnrealEngine/Common/DerivedDataCache/Buckets/LegacyTEXTURE/cb/66/6c3cd3d79d52f7fac9b4962a31f21db0dff2.udd" 8135
"C:/Users/minls/AppData/Local/UnrealEngine/Common/DerivedDataCache/Buckets/LegacyTEXTURE/6e/3b/6aa5c7f83cde60c7de02ebfc755a43195ecb.udd" 8136
"C:/Users/minls/AppData/Local/UnrealEngine/Common/DerivedDataCache/Buckets/LegacyTEXTURE/31/85/eafcc73920ed19fc62c1afaeb7d728f7f0f4.udd" 8137
"C:/Users/minls/AppData/Local/UnrealEngine/Common/DerivedDataCache/Buckets/LegacyTEXTURE/3c/57/00f5e6a690c54cd4e2f6507405ab1d00c646.udd" 8138
"C:/Users/minls/AppData/Local/UnrealEngine/Common/DerivedDataCache/Buckets/LegacyTEXTURE/8d/57/cb018a03ab8cb6514c94f82e10811936c7e1.udd" 8139
"C:/Users/minls/AppData/Local/UnrealEngine/Common/DerivedDataCache/Buckets/LegacyTEXTURE/41/18/8982249290f0b03336fa4ce68eabdde8e6ce.udd" 8140
"C:/Users/minls/AppData/Local/UnrealEngine/Common/DerivedDataCache/Buckets/LegacyTEXTURE/bc/a7/0ebe366621f59f07c04b5abe405b8a930341.udd" 8141
"C:/Users/minls/AppData/Local/UnrealEngine/Common/DerivedDataCache/Buckets/LegacyTEXTURE/bc/73/83984dee80c72f6ec3f816e48bc8702bd2dd.udd" 8142
"C:/Users/minls/AppData/Local/UnrealEngine/Common/DerivedDataCache/Buckets/LegacyTEXTURE/f4/78/b912ad43370bf646f871cc11aad2db4009c4.udd" 8143
"C:/Users/minls/AppData/Local/UnrealEngine/Common/DerivedDataCache/Buckets/LegacyTEXTURE/55/27/f7b7d9963ae6c8d1ade3c0359c2da6ed4756.udd" 8144
"C:/Users/minls/AppData/Local/UnrealEngine/Common/DerivedDataCache/Buckets/LegacyTEXTURE/7d/a5/65df2cd4deb3057cf2a9d89d5c9153eec0cd.udd" 8145
"C:/Users/minls/AppData/Local/UnrealEngine/Common/DerivedDataCache/Buckets/LegacyTEXTURE/49/f0/dca094784cbd19b81d666622dfe2acb5c1f5.udd" 8146
"C:/Users/minls/AppData/Local/UnrealEngine/Common/DerivedDataCache/Buckets/LegacyTEXTURE/f1/e3/f55644dd2f1bf05cdfb391f4465efa8d69e6.udd" 8147
"C:/Users/minls/AppData/Local/UnrealEngine/Common/DerivedDataCache/Buckets/LegacyTEXTURE/64/cd/d53c778f46488de278cd42aa9d9451bab2fe.udd" 8148
"C:/Users/minls/AppData/Local/UnrealEngine/Common/DerivedDataCache/Buckets/LegacyTEXTURE/aa/83/5170e7c6b857e1c763dd0fc9a4cbe8e7edd0.udd" 8149
"C:/Users/minls/AppData/Local/UnrealEngine/Common/DerivedDataCache/Buckets/LegacyTEXTURE/2a/74/b04170a508631babfde96ee4961da45cebbf.udd" 8150
"C:/Users/minls/AppData/Local/UnrealEngine/Common/DerivedDataCache/Buckets/LegacyTEXTURE/e1/78/cd324910ba64b4023b5dd61b2a0f7c3d1ea1.udd" 8151
"C:/Users/minls/AppData/Local/UnrealEngine/Common/DerivedDataCache/Buckets/LegacyTEXTURE/83/0c/b3375d95c574f2aa8c7630c6b04a9fe7e170.udd" 8152
"C:/Users/minls/AppData/Local/UnrealEngine/Common/DerivedDataCache/Buckets/LegacyTEXTURE/c0/0c/ce88178f0c5647227ea5d4857dfba7672b7f.udd" 8153
"C:/Users/minls/AppData/Local/UnrealEngine/Common/DerivedDataCache/Buckets/LegacyTEXTURE/ca/61/6f92a74682da49632b3a9544a3902f701106.udd" 8154
"C:/Users/minls/AppData/Local/UnrealEngine/Common/DerivedDataCache/Buckets/LegacyTEXTURE/2c/bb/de4f405bab0ea580c255ac5b5c4c40b05ef3.udd" 8155
"C:/Users/minls/AppData/Local/UnrealEngine/Common/DerivedDataCache/Buckets/LegacyTEXTURE/05/c5/003387daa2f350a7db906d816f936e417648.udd" 8156
"C:/Users/minls/AppData/Local/UnrealEngine/Common/DerivedDataCache/Buckets/LegacyTEXTURE/5e/ed/1426a8240164b99bc3b49b91557e9f85e4dd.udd" 8157
"C:/Users/minls/AppData/Local/UnrealEngine/Common/DerivedDataCache/Buckets/LegacyTEXTURE/b7/bd/a0d18ec8e2427a165140bfa06c50c9fdbed7.udd" 8158
"C:/Users/minls/AppData/Local/UnrealEngine/Common/DerivedDataCache/Buckets/LegacyTEXTURE/64/30/8c85f0d2e73b11d340cb65fde739ea54b973.udd" 8159
"C:/Users/minls/AppData/Local/UnrealEngine/Common/DerivedDataCache/Buckets/LegacyTEXTURE/d1/f6/c11a4b9fb7406aec8d593a7520f05cf7b4ce.udd" 8160
"C:/Users/minls/AppData/Local/UnrealEngine/Common/DerivedDataCache/Buckets/LegacyTEXTURE/da/6b/877a4b5743d8b333c3d388fc22ec96edabda.udd" 8161
"C:/Users/minls/AppData/Local/UnrealEngine/Common/DerivedDataCache/Buckets/LegacyTEXTURE/b9/b5/44387e41a3353ccfd3002de278ecf8630e17.udd" 8162
"C:/Users/minls/AppData/Local/UnrealEngine/Common/DerivedDataCache/Buckets/LegacyTEXTURE/6e/7a/b32fb5f79372545c1bf536e1d0e9f3ca6ad2.udd" 8163
"C:/Users/minls/AppData/Local/UnrealEngine/Common/DerivedDataCache/Buckets/LegacyTEXTURE/8a/f2/a009b0ebf0225452f4b28bcc9b0ab680c22c.udd" 8164
"C:/Users/minls/AppData/Local/UnrealEngine/Common/DerivedDataCache/Buckets/LegacyTEXTURE/34/5e/b406a95b5b6245f422e0482c7b7fa3b4a5b4.udd" 8165
"C:/Users/minls/AppData/Local/UnrealEngine/Common/DerivedDataCache/Buckets/LegacyTEXTURE/2f/85/2d0215a3cc3955f71e1b88490ec3cffe62ea.udd" 8166
"C:/Users/minls/AppData/Local/UnrealEngine/Common/DerivedDataCache/Buckets/LegacyTEXTURE/ad/8d/977df3f9d803e0280a828cf98caba27d9ba3.udd" 8167
"C:/Users/minls/AppData/Local/UnrealEngine/Common/DerivedDataCache/Buckets/LegacyTEXTURE/63/8b/c3c139e2e23d19ff5e5dd8276af2c2c68068.udd" 8168
"C:/Users/minls/AppData/Local/UnrealEngine/Common/DerivedDataCache/Buckets/LegacyTEXTURE/9e/81/57d338b9dbf7e0c1ed5aef7581edc618d639.udd" 8169
"C:/Users/minls/AppData/Local/UnrealEngine/Common/DerivedDataCache/Buckets/LegacyTEXTURE/1a/37/fda07ffe0b7125a55cd327c8e65121ffd9ca.udd" 8170
"C:/Users/minls/AppData/Local/UnrealEngine/Common/DerivedDataCache/Buckets/LegacyTEXTURE/8a/87/eed9332ed5f225242cdcb22e1fc51683ba1a.udd" 8171
"C:/Users/minls/AppData/Local/UnrealEngine/Common/DerivedDataCache/Buckets/LegacyTEXTURE/76/6d/0d8a5a2438650411881db161910617ea681e.udd" 8172
"C:/Users/minls/AppData/Local/UnrealEngine/Common/DerivedDataCache/Buckets/MaterialShaderMap/ac/f3/95001551c1a59de831afe979b32baee4ce4e.udd" 8173
"C:/Users/minls/AppData/Local/UnrealEngine/Common/DerivedDataCache/Buckets/MaterialShaderMap/a6/10/6bba87a432de709737ccc99eb8688043ba38.udd" 8174
"C:/Users/minls/AppData/Local/UnrealEngine/Common/DerivedDataCache/Buckets/MaterialShaderMap/88/a8/40ff1eb76d4b84f79f1260de985348beafed.udd" 8175
"C:/Users/minls/AppData/Local/UnrealEngine/Common/DerivedDataCache/Buckets/MaterialShaderMap/cf/68/7639346c43f2987c43650dbf0c34c3fcb451.udd" 8176
"C:/Users/minls/AppData/Local/UnrealEngine/Common/DerivedDataCache/Buckets/MaterialShaderMap/9a/47/2a7bb342bc3570341ac5cafd4d97195264fb.udd" 8177
"C:/Users/minls/AppData/Local/UnrealEngine/Common/DerivedDataCache/Buckets/MaterialShaderMap/ab/dd/8489b2f5f81c19b4f6bd067e7861defd6a32.udd" 8178
"C:/Users/minls/AppData/Local/UnrealEngine/Common/DerivedDataCache/Buckets/MaterialShaderMap/68/0b/e1e7b833c1a97f4c7887c3030f426ede533a.udd" 8179
"C:/Users/minls/AppData/Local/UnrealEngine/Common/DerivedDataCache/Buckets/MaterialShaderMap/02/fb/f33392c4e38542eda411ec04c77f27231b19.udd" 8180
"../../../Engine/Content/EditorMaterials/Cloth/CameraLitDoubleSided.uasset" 8181
"../../../Engine/Content/EditorMaterials/WidgetVertexColorMaterial.uasset" 8182
"C:/Users/minls/AppData/Local/UnrealEngine/Common/DerivedDataCache/Buckets/BulkDataList/52/0e/bd1095126d91f6f6e7456b2ac59b048000c2.udd" 8183
"../../../../../Workspace_ISECONVI/ISECONVI/Content/LEVEL/LEVEL_Business_Sequence_Reality.umap" 8184
"C:/Users/minls/AppData/Local/UnrealEngine/Common/DerivedDataCache/Buckets/LegacyTEXTURE/0e/f9/ee4d58c269938014dd4893c46bbd96db3765.udd" 8185
"C:/Users/minls/AppData/Local/UnrealEngine/Common/DerivedDataCache/Buckets/LegacyTEXTURE/d5/c4/764bdc88239460cd19f3bee1967813d5e826.udd" 8186
"C:/Users/minls/AppData/Local/UnrealEngine/Common/DerivedDataCache/Buckets/LegacyTEXTURE/03/aa/9e2305fa084f3cbeb3c2de6f5f247a7d965c.udd" 8187
"C:/Users/minls/AppData/Local/UnrealEngine/Common/DerivedDataCache/Buckets/LegacyTEXTURE/d2/77/fd7b8c7a27fab99dce6902b7a51b93c6951f.udd" 8188
"C:/Users/minls/AppData/Local/UnrealEngine/Common/DerivedDataCache/Buckets/LegacyTEXTURE/bf/ab/b491378367a390f19c60b5f710aeba159866.udd" 8189
"C:/Users/minls/AppData/Local/UnrealEngine/Common/DerivedDataCache/Buckets/LegacyTEXTURE/cf/6b/ec1fca49d992ed30bb9c4ad30f1a32cced00.udd" 8190
"C:/Users/minls/AppData/Local/UnrealEngine/Common/DerivedDataCache/Buckets/LegacyTEXTURE/92/9e/d79ce7e0dc2a8b67bac89c6130683ece2b5c.udd" 8191
"C:/Users/minls/AppData/Local/UnrealEngine/Common/DerivedDataCache/Buckets/LegacyTEXTURE/50/89/397f95991d33c78f5118b0ea7ca7757f65f8.udd" 8192
"C:/Users/minls/AppData/Local/UnrealEngine/Common/DerivedDataCache/Buckets/MaterialShaderMap/3c/9c/a98ed25da806b0c44d74d1d3840f085b4b02.udd" 8193
"C:/Users/minls/AppData/Local/UnrealEngine/Common/DerivedDataCache/Buckets/MaterialShaderMap/da/d9/81fd51e54ab6185a82a806207217a542aa65.udd" 8194
"C:/Users/minls/AppData/Local/UnrealEngine/Common/DerivedDataCache/Buckets/MaterialShaderMap/07/25/9893b1f12cd78a4540257994ed8511a1683b.udd" 8195
"C:/Users/minls/AppData/Local/UnrealEngine/Common/DerivedDataCache/Buckets/MaterialShaderMap/57/be/7eae2938bd6d508a938b7dfbf37d4e73e3b0.udd" 8196
"C:/Users/minls/AppData/Local/UnrealEngine/Common/DerivedDataCache/Buckets/MaterialShaderMap/7b/39/0eeb9483c3f87a50e23d324b17fe803b7b88.udd" 8197
"C:/Users/minls/AppData/Local/UnrealEngine/Common/DerivedDataCache/Buckets/MaterialShaderMap/be/5e/382d9d8498113d27de64371a3941e8e44b53.udd" 8198
"C:/Users/minls/AppData/Local/UnrealEngine/Common/DerivedDataCache/Buckets/MaterialShaderMap/57/7c/829995fd96a05a13277d8cea860b150bcb80.udd" 8199
"C:/Users/minls/AppData/Local/UnrealEngine/Common/DerivedDataCache/Buckets/MaterialShaderMap/e6/be/982867ee0dab7a8d9b12f7447915e65a1fe3.udd" 8200
"C:/Users/minls/AppData/Local/UnrealEngine/Common/DerivedDataCache/Buckets/MaterialShaderMap/f4/1c/990962c0cb5e0b055be62d0a20a03739b639.udd" 8201
